category_url,title,time,link,description,image_url,content,tags
https://kun.uz/news/category/uzbekiston,Qurbon hayiti namozining o‘qilish vaqtlari e’lon qilindi,18:24,https://kun.uz/news/2025/06/02/qurbon-hayiti-namozining-oqilish-vaqtlari-elon-qilindi,"O‘zbekistondagi jome masjidlarda 2025 yil 6 iyun, juma kuni Qurbon hayiti namozi o‘qiladi. O‘zbekiston Musulmonlari idorasi Qurbon hayiti namozining o‘qilish vaqtlarini e’lon qildi.",,"Unga ko‘ra , Toshkent shahridagi jome masjidlarda ertalab soat 05:10 da Qurbon hayiti namozi o‘qiladi. Respublikaning boshqa hududlarida esa Qurbon hayiti namozi jome masjidlarda quyidagi vaqtlarda ado etiladi: Andijon 05:00 Namangan 05:00 Farg‘ona 05:00 Toshkent shahri 05:10 Toshkent viloyati 05:10 Sirdaryo 05:20 Jizzax 05:20 Samarqand 05:20 Surxondaryo 05:25 Qashqadaryo 05:25 Navoiy 05:30 Buxoro 05:30 Xorazm 05:45 Qoraqalpog‘iston Respublikasi 05:50 Ushbu jadvalda ko‘rsatilgan vaqtlar quyosh chiqqanidan keyin 15-20 daqiqalik farqni inobatga olib belgilandi.","#namoz, #Qurbon hayiti"
https://kun.uz/news/category/uzbekiston,«BAAdagi fuqarolarimizni tezlikda tekshiruvdan o‘tkazish uchun barcha imkoniyatlar safarbar etilgan» - TIV,16:53,https://kun.uz/news/2025/06/02/baadagi-fuqarolarimizni-tezlikda-tekshiruvdan-otkazish-uchun-barcha-imkoniyatlar-safarbar-etilgan-tiv,"Tashqi ishlar vazirligining ma’lum qilishicha, O‘zbekistonning Abu-Dabi va Dubaydagi diplomatik vakolatxonalari BAA idoralari bilan fuqarolarni tezroq tekshiruvdan o‘tkazish borasida muzokara o‘tkazgan va ular amirlikka kirishni boshlagan. BAA tomoni esa turli xalqaro tadbirlar munosabati bilan aeroportlarda tekshiruv vaqtlari cho‘zilganini bildirgan.",https://storage.kun.uz/source/11/mMbyuWz1Np0U8ngBZO4Uq_EwXwN_TO32.jpg,"2 iyun kuni Jahon chempionati saralashi doirasida BAA–O‘zbekiston o‘yinini ko‘rish uchun borgan yuzlab o‘zbekistonlik muxlislar Sharja aeroportida 6-7 soat davomida ushlab turilgani haqida xabar bergan edik . Vatandoshlar — faqat O‘zbekiston fuqarolarining pasportlari olib qo‘yilgani, ulardan anketa to‘ldirish, mehmonxona band qilgani haqida hujjat va qaytish chiptasining nusxasi so‘ralganini aytishgan. Oradan 6-7 soat o‘tgach, Toshkent vaqti bilan 14:30 larda O‘zbekiston fuqarolarini aeroportdan o‘tkazib yuborish boshlangan. O‘zbekiston Tashqi ishlar vazirligi holat yuzasidan rasmiy munosabat berdi. Ma’lum qilinishicha , BAAdagi turli aeroportlar orqali mamlakat hududiga kirib kelayotgan xorijliklarning, shu jumladan, O‘zbekiston fuqarolarining tekshiruvlari cho‘zilib ketayotgan holatlar alohida monitoring qilib borilmoqda. «Ayni paytda fuqarolarimizning qonuniy huquqlari va manfaatlarini himoya qilish uchun barcha chora-tadbirlar ko‘rilmoqda. Mamlakatimizning Abu-Dabi shahridagi elchixonasi hamda Dubay shahridagi Bosh konsulxonasi BAAning tegishli tashkilotlari bilan ushbu masalada zudlik bilan muzokaralar o‘tkazdi va vaziyatni yaxshilash bo‘yicha doimiy aloqada bo‘lib turmoqda. Hozirda fuqarolarimizni tezlik bilan tekshiruvdan o‘tkazish uchun barcha imkoniyatlar safarbar etilgan va natijada ular mamlakat hududiga kirib kelishni boshlagan», deyiladi TIV matbuot kotibi Ahror Burhonov bergan bayonotda. Shuningdek, O‘zbekiston TIV rasmiysi ma’lum qilishicha, «BAA tomoni turli xalqaro tadbirlar munosabati bilan xavfsizlik choralari kuchaytirilgani sabab aeroportlarda tekshiruv vaqtlari cho‘zilib ketgani»ni bildirgan. Yana o‘zbekistonliklar ajratildi: BAA aeroportida 100 dan ortiq O‘zbekiston fuqarolari ushlab turildi Eslatib o‘tamiz, 2024 yil 21 noyabr kuni BAAning Al-Ayn amirligida Isroil va Moldova fuqarosi, BAA rezidenti bo‘lgan rohib Tsvi Koganning jasadi qotillik alomatlari bilan topildi. Yahudiy rohibning o‘limida O‘zbekistonning uch nafar fuqarosi aybdor deb topilib, o‘limga hukm qilindi . Ushbu holat ortidan O‘zbekiston fuqarolarining BAAga kirishi, mehnat faoliyati va viza olishida ko‘plab muammolar boshlandi. Xususan, o‘tgan yili 25 noyabr kuni O‘zbekistonning Dubayda mehnat qilayotgan bir guruh fuqarolari politsiya tomonidan olib ketilgandi . Keyinroq ularning ayrimlari qo‘yib yuborilgani, ayrimlari deportatsiya qilingani hamda yana 5 kishiga nisbatan jinoiy ish ochilgani ma’lum bo‘ldi .","#BAA, #aeroport, #O‘zbekiston fuqarolari"
https://kun.uz/news/category/uzbekiston,“Yaponiyada birinchi bo‘lib rahbarlar ishdan olinadi” – yapon biznesini boshqarayotgan o‘zbek ayoli,16:50,https://kun.uz/news/2025/06/02/yaponiyada-birinchi-bolib-rahbarlar-ishdan-ketadi-yapon-biznesini-boshqarayotgan-ozbek-ayoli,,,"Kun.uz qariyb 20 yildan beri Yaponiyada yashovchi hamyurtimiz – Dilnoza Ziyamova bilan suhbatlashdi. U yapon mehmonxonasini boshqaradi, menedjyer o‘rinbosari. Mehmonxona bosh direktori ishda bo‘lmaganda, butun tizimga o‘zim javobgarman, deydi Ziyamova. Qariyb 10 yildan beri mehmonxona biznesi sohasida faoliyat yuritib kelayotgan Dilnozaga ko‘ra, Yaponiyada rahbarlik lavozimlariga xalq intilmaydi. Chunki bu katta mas’uliyat va birinchi bo‘lib rahbarlar ishdan olinadi. {Yii::t(} O'tkazib yuborish 6s O'tkazib yuborish Toshkent Davlat Sharqshunoslik universitetida ta’lim olgan Dilnoza Ziyamova qariyb 20 yildan beri Yaponiyada yashaydi. Dastavval almashinuv dasturi orqali bu mamlakatga borgan qizni Yaponiya o‘ziga rom etadi va Dilnoza yashagani shu yerda qoladi. O‘zbekistondan juda uzoq manzillar tomon yo‘lga chiqishning bosh maqsadi – yapon madaniyati, tili va yozuvi, jamiyatiga qiziqishdir. Lekin xorijda o‘qish maqsadi Ziyamovaning bolalikdagi orzusi, oilasida o‘g‘il farzand bo‘lmagani bois qarindoshlariga o‘g‘il farzanddan kam emasligini isbotlash motivi edi. “Yoshligimizda har yakshanba buvimnikida yig‘ilardik, o‘sha vaqtlarda xolamning o‘g‘illari «Umid» jamg‘armasi orqali Amerikaga ketgan, u yerda o‘qirdi. Amerikadan kelgan rasmlar meni hayratlantirgan, voy qarang, Amerika, derdim. Oilamizda o‘g‘il farzand yo‘q, men va singlim – ikki qizmiz. Lekin biz o‘zbeklarda har bir muvaffaqiyatga xuddi faqat o‘g‘il farzand erishadi, bunday emasligini isbotlash uchun ham xorijga intildim”, - deydi Dilnoza Ziyamova. Talaba Ziyamovaning Yaponiyadagi ilk oylari turli qiyinchiliklar bilan o‘tgan. Sababi o‘sha davrdagi yopiq O‘zbekistondan chiqib kelgan qiz uchun rivojlangan tizimga ega davlatda yashash – oson ish emasdi. 19 yoshli Dilnoza hattoki, telefonsiz Yaponiyaga borgan, telefon olish uchun esa bu mamlakatda ota-onaning ruxsati kerak edi. Bu qoida sabab u 20 yoshiga qadar telefon ham ololmagan. O‘sha vaqtda qilgan to‘g‘ri qarorlarim sabab bugun shu hayotda yashayapman, deydi Ziyamova. U ishlayotgan mehmonxona Yaponiyaning Osaka shahrida joylashgan, 103 ta xonasi bor, asosan xorijliklar bu yerda tunaydi. Internetdagi ma’lumotlarga ko‘ra, mehmonxona qariyb 5 yulduzli, biznes tarifida. Bu yerda mehmonlarni qabul qilish, kadrlar bo‘limi, buxgalteriya, kirim-chiqim va boshqa kompaniyalar xizmatlaridan foydalanish ishlarini Dilnoza Ziyamova boshqaradi. “Yaponiyada odamlar rahbarlik va mas’uliyatli lavozimlarga intilmaydi. Chunki busiz ham stressli davlat. Bundan tashqari Yaponiyada kichkina xato uchun ham rahbarlar jazolanadi, ular xalq oldiga chiqib, egilib-bukilib uzr so‘raydi. Masalan, mening rahbarim biror mehmon chiqindi tashlab ketsa, o‘zi chiqib tozalaydi. Rahbarlar o‘rnak bo‘lishi kerak, undan keyingi o‘rinda turuvchilar rahbardan o‘rnak oladi”, deydi yurtdoshimiz. Dilnoza Ziyamova O‘zbekistonni sog‘inadi, oxirgi marta shu yilning martida Vatanga kelib-ketgan. Lekin shu safarini qariyb 5 yil kutgan, orada hattoki otasining a’zasiga ham kelolmagan. “Dadam olamdan o‘tdilar, koronavirus vaqti edi va Yaponiyaga kirib-chiqish juda qiyin bir davr edi. Ishimdan ham ruxsat ololmadim va dadamning ta’ziyalariga borolmadim. Yaqinda O‘zbekistonga borganimda qabrlariga bordim, ziyorat qilib, ulardan uzrimni so‘radim”, – deydi Dilnoza Ziyamova. Ziyamova Turkiya fuqarosiga turmushga chiqqan, ularning ikki farzandi Yaponiyada tug‘ilgan bo‘lsa-da, O‘zbekiston fuqarolari. Chunki Ziyamova familiyasi va Vataniga sodiq. Turmush o‘rtog‘im farzandlarimga familiyasini berdi, men esa o‘z Vatanim pasportini, deydi u. Uzoq yillardan keyin O‘zbekistonga kelgan Ziyamovaga mamlakatdagi chang ob-havo, buzilgan ekologiya yoqmagan. Bundan tashqari, jamoat joylarida gigiyena qoidalariga amal qilish, hojatxonalar topish bilan bog‘liq muammolar talaygina, deydi hamyurtimiz. Suhbatni Kun.uz’ning YouTube’dagi sahifasida to‘liq tomosha qilishingiz mumkin bo‘ladi. Shohrux Majidzoda suhbatlashdi.","#Yaponiya, #mehmonxona, #Dilnoza Ziyamova"
https://kun.uz/news/category/uzbekiston,O‘zbekiston qanday qilib yirik meva importchisiga aylandi?,16:26,https://kun.uz/news/2025/06/02/ozbekiston-qanday-qilib-yirik-meva-importchisiga-aylandi,"So‘nggi 3 yilda O‘zbekistonning meva importi 4 barobardan ko‘proqqa oshdi. EastFruit'ga ko‘ra, bu – import bojlarining olib tashlanishi ortidan banan, mandarin va quritilgan xurmo kabi ekzotik tovarlar O‘zbekiston aholisining dasturxonidan tobora ko‘proq joy ola boshlagani bilan bog‘liq. Bundan tashqari, olma importi 3 yilda 17 barobarga oshgani e’tiborli.",https://storage.kun.uz/source/11/J2Er9O4Q_KrV5ETnCCrA8u88_OyJMrer.jpg,"O‘zbekiston yirik meva eksportchilari qatorida bo‘la turib, ayni shu yo‘nalishda boshqa mamlakatlar uchun jozibali bozorga aylanib bormoqda. EastFruit portali O‘zbekistonga meva importi keskin o‘sib borayotganiga e’tibor qaratdi . “O‘zbekistonning meva eksporti barqaror o‘sishda davom etayotgan bo‘lsa-da, importi shunchalik tez o‘smoqdaki, bu voqelik butun manzarani o‘zgartirib yubormoqda. Bu shunchaki kichik siljish emas – bu kutilmagan va muhim o‘zgarishdir”, – deyiladi tahliliy materialda. Qayd etilishicha, 2021 yildan 2024 yilgacha O‘zbekistonning meva eksporti 93 foizga – 341 mln dollardan 658 mln dollargacha o‘sgan. Eksportning o‘sishi uzum, quritilgan mevalar va o‘rik kabi an’anaviy yo‘nalishlarda kuchli bo‘lmoqda – O‘zbekistonning bu mahsulotlariga ko‘plab xorijiy bozorlarda qiziqish bor. Ayniqsa, gilos eksporti alohida ajralib turadi: eksport qiymati 20 mln dollardan 50 mln dollargacha oshgan, ya’ni 150 foizga. Ammo qizig‘i shundaki, ayni shu davr mobaynida meva importi 60 mln dollardan 250 mln dollargacha oshgan. Bu 317 foizlik ulkan o‘sishni anglatadi va dunyodagi eng tez o‘sayotgan ko‘rsatkichlardan biri hisoblanadi. Eksport deyarli ikki barobar oshgan bo‘lsa, import to‘rt barobardan ko‘proqqa o‘sgan. Bu – banan, sitrus mevalar (ayniqsa mandarin va apelsin) hamda yangi olmalarga talab katta ekani bilan bog‘liq. E’tiborlisi, 2021 yildan 2024 yilgacha eng tez o‘sgan import – ekzotik mevalar emas, balki olma. Olma importi atigi 3 yilda 17 barobarga oshib, 2024 yilda 85 mln dollardan oshdi. Banan importi esa uch barobarga ko‘tarilib, birinchi marta 100 mln dollardan oshdi. Mandarin importi banannikidan ham tezroq o‘sdi – 3 yilda 4 barobarga oshib, 2024 yilda 95 mln dollarga yetdi va deyarli banan importi hajmiga tenglashdi. Tez o‘sayotgan boshqa toifalar qatorida apelsin (5 barobar ko‘payib, 25 mln dollarga yetgan), nok, kivi va xurmo bor. EastFruit'ga ko‘ra, BMTning Oziq-ovqat va qishloq xo‘jaligi tashkiloti (FAO) hamda Yevropa tiklanish va taraqqiyot banki tomonidan Misr va Marokash eksportchilari uchun O‘zbekistonda tashkil etilgan savdo missiyasi allaqachon ijobiy natijalar bera boshlagan ko‘rinadi. Importga bunday ko‘lamdagi ehtiyoj qanday paydo bo‘ldi? Tahlilchilarga ko‘ra, O‘zbekistonning meva importidagi kutilmagan o‘sishiga bir necha omillar turtki bermoqda. O‘zbekistonlik iste’molchilar tobora ko‘proq banan va sitrus mevalar kabi ekzotik mevalarni izlayapti – bu global tendensiyalar va aholining oshib borayotgan daromadlarini aks ettiradi. “Yangi mevalarni yil davomida iste’mol qilish O‘zbekistonda asta-sekin odatga aylanmoqda va mavsumiy iste’mol o‘rnini egallamoqda. Bu esa o‘z navbatida ilgari qishda yangi mevalar o‘rnini bosgan quritilgan mevalarga talabning pasayishiga olib kelyapti. Bu esa quritilgan mevalar eksportining oshishiga hissa qo‘shmoqda”, – deydi FAO Investitsiyalar markazi iqtisodchisi Andriy Yarmak. Bunday tez o‘sish avvalo O‘zbekiston hukumati mevalar uchun import bojini nollashtirib qo‘ygani bilan bog‘liq. Rasmiy jihatdan bu imtiyoz vaqtinchalik deb belgilangan, lekin bir necha yildan beri imtiyoz muddati uzaytirib kelinyapti. Importning o‘sishi savdogarlar, fermerlar va oddiy odamlar uchun nimani anglatadi? Bu faqat raqam emas – bu o‘yin qoidalarini o‘zgartiruvchi voqea, deya yozadi EastFruit. Meva savdosi bilan shug‘ullanuvchilar uchun 250 mln dollarlik O‘zbekiston bozori – oltin imkoniyatdir. Banan, olma, xurmo va sitrus mevalarni yetkazib beruvchilar – Misr, Pokiston, Marokash, Polsha va Ukraina kabi mamlakatlar bundan allaqachon foyda ko‘rmoqda. Ammo imkoniyat hali ham katta. Eng katta qiyinchilik – logistika va raqobatni boshqarish, imkoniyat esa – jadal o‘sayotgan bozordir. “Ilgari faqat mahalliy hosil bilan to‘ladigan bozorlarda endi jahonning har xil lazzatlari bor – bu ochilayotgan va boyib borayotgan mamlakatning belgisi”, – deya qayd etgan nashr. Ayni paytda, O‘zbekiston eksportdagi yetakchi mavqeyini mustahkamlayapti – 2024 yilgi 658 mln dollar buni ko‘rsatib turibdi. Biroq import 250 mln dollarga yetib, tez sur’atda o‘sib borar ekan, muvozanat o‘zgarayotgan ko‘rinadi. Shunisi aniq: O‘zbekistonning meva savdosi endi faqat mashhur bog‘lari bilan bog‘liq emas. Savdo farovonlik keltiradi, eksport ham, import ham mamlakatga foyda olib keladi, tadbirkorlar va iste’molchilar uchun yangi imkoniyatlar yaratadi.","#meva, #sitrus mevalar, #banan, #tashqi savdo"
https://kun.uz/news/category/uzbekiston,Ta’lim sifati past bo‘lgan maktablar ro‘yxati tasdiqlandi,16:25,https://kun.uz/news/2025/06/02/talim-sifati-past-bolgan-maktablar-royxati-tasdiqlandi,"Bunday maktablar Qashqadaryo, Samarqand va Surxondaryo viloyatlarida eng ko‘p qayd etilgan.",https://storage.kun.uz/source/11/xDnuIBzAYE4bpdn_dTA58Hi8Ez4KJnbS.jpg,"Maktabgacha va maktab ta’limi vaziri tomonidan O‘zbekistonda «ta’lim darajasi yuqori bo‘lmagan» maktablar ro‘yxati tasdiqlandi. Unga 460 ta maktab kiritildi. Bunday maktablarning eng ko‘pi — 99 tasi Qashqadaryo viloyatida joylashgan. Ta’lim darajasi yuqori bo‘lmagan maktablar soni quyidagicha: - Qashqadaryo viloyati – 99 ta; - Samarqand viloyatida — 86 ta; - Surxondaryo viloyatida — 70 ta; - Jizzax viloyatida — 36 ta; - Namangan viloyatida — 34 ta; - Sirdaryo viloyatida — 32 ta; - Farg‘ona viloyatida — 29 ta; - Qoraqalpog‘istonda — 24 ta; - Andijon viloyatida — 23 ta; - Navoiy viloyatida — 16 ta; - Xorazm viloyatida — 9 ta; - Buxoro viloyatida — 5 ta. «Xalq ta’limi info» portali ma’lumotlarida keltirilishicha, 2023 yilda shunday maktablar ro‘yxatda 642 ta, 2024 yilda 545 ta edi. Bu yil ta’lim sifati past bo‘lgan maktablar soni 75 taga qisqargan. Ta’lim sifati past bo‘lgan maktablarga boshqa hududlardan jalb etilgan o‘qituvchilarga ustama to‘lanadi. Ta’lim darajasi yuqori bo‘lmagan maktablar — Ta’lim sifatini nazorat qilish davlat inspeksiyasi bilan birgalikda shakllantiriladigan ro‘yxatga kiritilgan umumta’lim maktablaridir. Ta’lim darajasi yuqori bo‘lmagan maktablar ro‘yxatini shakllantirish mezonlari Maktabgacha va maktab ta’limi vazirligi va inspeksiya tomonidan ishlab chiqiladi hamda tasdiqlanadi. Bunda maktab bitiruvchilarining oliy ta’lim muassasalariga o‘qishga kirish natijalari, maktabning reytingi, «Zamonaviy maktab»ga qo‘yilgan talablar asosida baholash natijalari inobatga olinadi.","#Ta’lim sifati, #maktab ta’limi"
https://kun.uz/news/category/uzbekiston,Sanksion tovarlarning O‘zbekiston orqali Rossiyaga yetkazilishi qisqargani qayd etildi,15:36,https://kun.uz/news/2025/06/02/sanksion-tovarlarning-ozbekiston-orqali-rossiyaga-yetkazilishi-qisqargani-qayd-etildi,"Yevropa Ittifoqi sanksiya ostidagi tovarlarning Armaniston, Serbiya, O‘zbekiston va Hindiston orqali Rossiyaga yetkazib berilishini cheklashda “ba’zi muvaffaqiyatlarga” erishdi. Qozog‘iston, BAA va Turkiya orqali o‘tuvchi kanallarni yopish esa qiyinroq kechyapti. YeI vakiliga ko‘ra, sanksiyalarni chetlab o‘tish holatlarining 80 foizi Xitoy hissasiga to‘g‘ri keladi. Bu yo‘nalishda YeI–AQSh hamkorligi to‘xtab qolgan.",https://storage.kun.uz/source/11/JSRqjs9AHYX182RgeNU9cbJ94KolG-eF.jpg,"Yevropa Ittifoqi sanksiyalar ostidagi tovarlarning Rossiyaga O‘zbekiston orqali kirib borishini cheklashda “ba’zi muvaffaqiyatlarga” erishdi. Bu haqda Yevropa Ittifoqi Tashqi ishlar kengashining 20 may kuni Bryusselda bo‘lib o‘tgan yig‘ilishiga doir hujjatga asoslanib, nemis matbuoti xabar bermoqda . Qayd etilishicha, yig‘ilishda YeIning sanksiyalar bo‘yicha vakili Devid O’Sallivan va YeI Razvedkani muvofiqlashtirish markazi direktori Deniyel Markik sanksiyalar Rossiya iqtisodiyotiga “katta ta’sir” o‘tkazayotganini aytgan. Ularning so‘zlariga ko‘ra, Yevroittifoq harbiy maqsadlarda ishlatilishi mumkin bo‘lgan tovarlarning uchinchi davlatlar orqali, xususan Armaniston, Serbiya, O‘zbekiston va Hindiston orqali Rossiyaga kirib borishining oldini olishda “ba’zi muvaffaqiyatlarga” erishgan. Qozog‘iston, Birlashgan Arab Amirliklari va Turkiya orqali aylanib o‘tish yo‘llarini yopish esa hamon qiyinchilik tug‘dirmoqda. Asosiy marshrut – Xitoy O’Sallivanga ko‘ra, sanksiyalarni aylanib o‘tish holatlarining 80 foizi Xitoy hissasiga to‘g‘ri keladi. Rasmiy Pekin esa buni rad etib kelmoqda. O‘tgan hafta Ukraina Tashqi razvedka xizmati direktori Oleg Ivashchenko Rossiyaga urush uchun zarur ko‘plab tovarlarni Xitoy yetkazib berayotganini aytgandi. Xitoy Rossiya mudofaa sanoati kompaniyalariga mashinasozlik qurollari, maxsus kimyoviy vositalar, porox va komponentlarni yetkazib berayotgani haqida ma’lumot bor, degandi u. Ivashchenkoga ko‘ra, Ukraina razvedkasi shunday tovarlar yetkazib berilayotgan Rossiyaning 20 ta kompaniyasini aniqlagan. AQSh endi bu kurashda YeI bilan birga emas Bryusselda o‘tgan yig‘ilishga doir hujjatda ko‘rsatilishicha, Yevropa Ittifoqi sanksiyalarning aylanib o‘tilishiga qarshi kurashish masalasida bundan buyon katta ehtimol bilan Vashingtonning yordamiga umid qila olmaydi. Ittifoqning sanksiyalar bo‘yicha vakili Devid O’Sallivanga ko‘ra, “sanksiyalarni chetlab o‘tish masalalari bo‘yicha AQSh bilan barcha aloqa kanallari uzilgan”. Shuning uchun bu yo‘nalishda “birgalikda harakat qilish”ning endi iloji yo‘q. “Katta yettilik” guruhi doirasidagi hamkorlik ham “rivojlanishdan to‘xtagan”. Donald Tramp joriy yil boshida AQSh hokimiyatiga kelishi bilanoq, bir necha kun o‘tib AQSh Adliya vazirligi kleptokratiyaga qarshi kurashish bo‘yicha ishchi guruhini tarqatib yubordi. Bu ishchi guruh Rossiyaning Ukrainaga qarshi bosqini boshlangan 2022 yil mart oyida tashkil etilgan bo‘lib, uning maqsadi Rossiya oligarxlarining aktivlarini kuzatish edi. Surishtiruvlar davomida ko‘plab ko‘chmas mulklar, yer maydonlari, xususiy samolyotlar va shohona yaxtalar xatlangan edi. O‘tgan davrda AQSh va Yevropaning moliyaviy tergovchilari Rossiyaga taalluqli boshqa aktivlarni ham aniqlash maqsadida muntazam aloqada bo‘lib keldi. Lekin Yevropa Ittifoqidagi manbalarga ko‘ra, bunday almashinuvlar bir necha haftadan beri to‘xtab qolgan. AQSh tomoni tegishli ma’lumotlarni bermay qo‘ygan.","#Yevropa Ittifoqi, #sanksiya, #Markaziy Osiyo, #Rossiya"
https://kun.uz/news/category/uzbekiston,Ayrim sudyalar vakolati muddati davriga qayta tayinlandi,15:25,https://kun.uz/news/2025/06/02/ayrim-sudyalar-vakolati-muddati-davriga-qayta-tayinlandi,Sudyalar oliy kengashi va Sudyalar oliy malaka hay’atining ochiq tanlov shaklidagi qo‘shma yig‘ilishi bo‘lib o‘tdi.,,"Unda bir qancha masalalar qatori ayrim sudyalarni muqobillik asosida vakolati muddati davriga qayta tayinlash masalasi ham muhokama qilinib, tegishli qarorlar qabul qilindi . Qabul qilingan qarorlarga muvofiq: Ochilov Dilmurod Madaminovich – sudyalik vakolati muddati davriga Xorazm viloyati jinoyat ishlari bo‘yicha Bog‘ot tuman sudining tergov sudyasi lavozimiga qayta tayinlandi va shu munosabat bilan Navoiy viloyat ma’muriy sudining sudyasi lavozimidan ozod qilindi; Mamirova Allomaxon O‘rozaliyevna – sudyalik vakolati muddati davriga Toshkent shahar sudining iqtisodiy ishlar bo‘yicha sudyasi lavozimiga qayta tayinlandi va shu munosabat bilan Toshkent shahar Toshkent tumanlararo iqtisodiy sudining sudyasi lavozimidan ozod qilindi; Qurbonova Zubayda Istamovna – sudyalik vakolati muddati davriga Buxoro viloyati fuqarolik ishlari bo‘yicha Buxoro tumanlararo sudining sudyasi lavozimiga qayta tayinlandi va shu munosabat bilan Buxoro viloyati fuqarolik ishlari bo‘yicha Romitan tumanlararo sudining sudyasi lavozimidan ozod qilindi. Shuningdek: Boltayev Almos Asatovich – sudyalik vakolati muddati davriga Samarqand viloyati fuqarolik ishlari bo‘yicha Payariq tumanlararo sudining sudyasi lavozimiga qayta tayinlandi.","#tayinlov, #sudya"
https://kun.uz/news/category/uzbekiston,Elektr va gaz narxlarining o‘zgarishi. Bu iste’mol hajmi va ta’minot darajasiga qanday ta’sir qildi?,15:18,https://kun.uz/news/2025/06/02/elektr-va-gaz-narxlarining-ozgarishi-bu-istemol-hajmi-va-taminot-darajasiga-qanday-tasir-qildi,"Iqtisodiy tadqiqotlar va islohotlar markazi tahlillariga ko‘ra, O‘zbekistonda 10 ming kWh'dan ortiq elektr energiyasi iste’mol qilgan uy xo‘jaliklari soni 5,3 barobarga kamaygan. Markaz so‘rovnomasida qatnashgan respondentlarning deyarli yarmi elektr energiyasi hamda tabiiy va suyultirilgan gaz ta’minotida ijobiy o‘zgarish bo‘lganini qayd etgan.",,"Iqtisodiy tadqiqotlar va islohotlar markazi 2024 yil may oyida joriy etilgan ijtimoiy iste’mol normasiga asoslangan yangi tarif siyosati doirasida uy xo‘jaliklarining energiya iste’moliga ta’sirini baholash bo‘yicha tadqiqot o‘tkazdi. Tadqiqotda respublika bo‘yicha 3516 ta uy xo‘jaliklari ishtirok etgan. Shuningdek, 3,5 mln tabiiy gaz va 8 mln elektr energiyasi abonentlarining iste’mol ma’lumotlari tahlil qilingan. Tahlil natijalariga ko‘ra, 2024 yilning may-dekabr oylarida elektr energiyasi iste’moli 2023 yilning shu davriga nisbatan 10,6 foizga (1,3 mlrd kWh) kamaygan. Ayniqsa oyiga 10 ming kWh'dan ortiq elektr energiyasi iste’mol qilgan uy xo‘jaliklari soni sezilarli darajada qisqargan. 2023 yilda bunday oilalarning soni 80 mingga yaqin bo‘lgan bo‘lsa, 2024 yilda bu ko‘rsatkich 15 mingtagacha kamaygan. O‘z navbatida, oyiga 200 kWh'gacha elektr energiyasi istemol qilgan abonentlar ulushi 2023 yilda 71 foizni va 2024 yilda 72 foizni tashkil etgan. Tabiiy gaz iste’molida ham yuqoridagi kabi tendensiya kuzatilgan: 2024 yilda abonentlarning 58 foizi 500 kub metrgacha tabiiy gaz ishlatgan bo‘lsa, 2023 yilda bu ko‘rsatkich 54 foizni tashkil etgan. Ya’ni tariflar oshishi asosiy iste’mol hajmining keskin o‘zgarishiga olib kelmagan. Eng sezilarli pasayish dastlabki iste’moli nisbatan yuqori bo‘lgan hududlarda, masalan, Samarqand, Toshkent, Andijon va Namangan viloyatlarida kuzatilgan. Yuqori iste’mol darajasi (oyiga 10 000 kWh'dan ortiq) bo‘lgan uy xo‘jaliklari soni sezilarli darajada kamaygan, bu esa energiya resurslaridan tejamkor foydalanishga o‘tish boshlanganidan dalolat beradi. So‘rov natijalariga ko‘ra, respondentlarning deyarli yarmi elektr energiyasi hamda tabiiy va suyultirilgan gaz bilan ta’minlash borasidagi ijobiy o‘zgarishlarni qayd etgan. Uy xo‘jaliklarining 47 foizi, xususan, Surxondaryo (78 foiz), Sirdaryo (70 foiz) va Namangan (67 foiz) viloyatlarida elektr energiyasi ta’minoti yaxshilanganini bildirgan. Respondentlarning 39 foizida tabiiy gaz ta’minoti yaxshilangan. Eng yuqori ko‘rsatkichlar Xorazm va Surxondaryo viloyatlarida (har birida 68 foiz) hamda Jizzax viloyatida (60 foiz) kuzatilgan. Ijobiy o‘zgarishlardan yana biri – uy xo‘jaliklarida maishiy darajada energiya tejash choralarini keng miqyosida joriy etish boshlangan. Respondentlarning 90 foizdan ortig‘i energiya xarajatlarini kamaytirish uchun kamida bitta chora-tadbir amalga oshirilganini ma’lum qilgan. Eng keng tarqalgan amaliyot LED-yoritish moslamalarini o‘rnatish bo‘lib, uy xo‘jaliklarining 87 foizi svetodiodli yoritishga o‘tgan bo‘lsa, Qoraqalpog‘iston Respublikasi, Xorazm, Navoiy va Toshkent viloyatlari kabi hududlarda bunday oilalar soni 90 foizdan oshgan. Uy xo‘jaliklarining 44 foizi, ayniqsa, Qashqadaryo (84 foiz), Buxoro (69 foiz) va Xorazm (54 foiz) viloyatlarida plastik deraza va eshiklar o‘rnatish orqali energiya samaradorligini yaxshilagan. 31 foiz uy xo‘jaliklari energiya tejamkor maishiy texnika sotib olgan, bunday qarorlarning eng katta ulushi Jizzax (60 foiz), Navoiy (59 foiz) viloyatlarida va Qoraqalpog‘iston (54 foiz) Respublikasida kuzatilgan. Bundan tashqari, qayta tiklanadigan energiya manbalaridan foydalanishga qiziqish ortib bormoqda. Respublikadagi 64 ming uy xo‘jaliklarida umumiy quvvati 223,4 MWh bo‘lgan quyosh panellari o‘rnatilgan. Yillik ishlab chiqarish qariyb 313 mln kWh'ni tashkil etadi, bu orqali 104 mln kub metr tabiiy gaz tejaldi. Quyosh panellari o‘rnatgan uy-xo‘jaliklarining yarmidan ko‘pi erishilgan natijalardan mamnun ekanliklarini ta’kidlab, kelgusida mazkur qurilmalar sonini ko‘paytirishga qiziqish bildirishgan. Tahlil shuni ko‘rsatadiki, respublikada 1,9 mln uy xo‘jaliklarida quyosh panellarini o‘rnatishga talab mavjud, bu esa 2,3 mlrd dollardan ortiq ichki bozorni shakllantirish istiqbollarini ochadi. Shu bilan birga, xonadonlarda samaradorligi past bo‘lgan gaz kotyollari va qo‘lbola pechka orqali yuqori energiya iste’moli saqlanib qolmoqda, bu esa uy-joy infratuzilmasini modernizatsiya qilish va zamonaviy texnologiyalarga o‘tishni rag‘batlantirish zarurati mavjudligini ko‘rsatadi. Iqtisodiy tadqiqotlar va islohotlar markazi Jamoatchilik bilan aloqalar bo‘limi","#elektr energiyasi, #gaz, #energetika"
https://kun.uz/news/category/uzbekiston,“Afrikaning ayrim mamlakatlaridan ham orqadamiz” - senator odil sudlov masalasida,15:13,https://kun.uz/news/2025/06/02/afrikaning-ayrim-mamlakatlaridan-ham-orqadamiz-senator-odil-sudlov-masalasida,"Senator Abdurahim Erkayev aholida sud-huquq tizimiga ishonch so‘nib borayotganini, orqaga ketish borligini aytdi. Unga ko‘ra, O‘zbekiston o‘tgan yili jahon odil sudlov loyihasining huquq ustuvorligi indeksi bo‘yicha besh pog‘onaga pastlab, 83-o‘rinni egallagan. Senator xalqaro reytinglardagi bu pasayishning sabablarini sanar ekan, haligacha “telefon huquqi” davom etayotganini, korrupsiya holatlarining mavjudligini bildirdi.",https://storage.kun.uz/source/11/LusIMtcKGC1EQZu1np9npBhDRH-r4wBY.jpg,"Senator Abdurahim Erkayev Senat yalpi majlisida O‘zbekiston jahon odil sudlov loyihasining huquq ustuvorligi indeksida pastlaganini ma’lum qildi. Unga ko‘ra, keyingi yillardagi sud-huquq tizimini isloh qilish bo‘yicha amalga oshirilgan ishlar natijasi yo‘q . “2023 yilda biz yangi tahrirdagi konstitutsiyani qabul qildik va odil sudlov tizimi, umuman, hamma sohadagi huquqiy asoslar mustahkamlandi. Bundan tashqari, qancha yangi qonunlar qabul qilinyapti. Hattoki, konstitutsiyaga advokatura to‘g‘risida 2 moddadan iborat bob ham kiritildi. Ko‘pgina davlatlarning konstitutsiyasida advokaturaga bag‘ishlangan bunaqa alohida bob yo‘q. Maqsad – odil sudlovni amalga oshirish. Chunki advokat xizmatisiz odil sudlovni amalga oshirib bo‘lmaydi. Qilingan ishlarga qarab bizning ko‘rsatkichlarimiz yaxshilanishi kerak edi. Afsuski, ba’zi bir sohalarda buning teskarisini ko‘ryapmiz. Jahon odil sudlov loyihasining huquq ustuvorligi indeksi bo‘yicha besh pog‘onaga pastlab, 83-o‘rinni egallab turibmiz. Besh pog‘onaga pastladik. Besh pog‘ona ko‘tarilganimizda boshqa gap edi. Endi huddi shu indeksning tarkibiga kiruvchi fuqarolik odil sudloviga erishish darajasining yuqoriligi subindikatorida mamlakatimiz o‘rni o‘tgan yilda 10 pog‘onaga pasaydi va 96-o‘rindan 106-o‘ringa chiqdik. Afrikaning ayrim mamlakatlaridan ham orqadamiz. Bu holat nizolarni hal qilishda odil sudlovga erishish qiyinligi, sud tizimiga ishonchning susayib borayotgani, murojaatlarni ko‘rib chiqishda adolat va xolislik prinsiplari aholi tomonidan sezilmayotganidan dalolat beradi. Ko‘p holatlarda sud qarorlarining ijrosi kechiktiriladi yoki bajarilmaydi”, deya ta’kidlagan senator. Abdurahim Erkayev mazkur indikatorlarni hisoblashda aholi o‘rtasida ham har xil so‘rovlar o‘tkazilishini ta’kidlab, sud-huquq tizimining ayrim sohalariga odamlarning ishonchi pasayib borayotganini bildirgan. “Keyingi yillardagi sud-huquq tizimini isloh qilish bo‘yicha amalga oshirilgan ishlarimizning natijasi qani? Natijasi yo‘q. Yaxshi emas, orqaga ketish bor. Kim ishlayotgan bo‘lsa ijobiy natijalari bor. Salbiy natija qayd etilgan joylarda ishlar o‘z holiga tashlab qo‘yilgan”, deya ta’kidlab o‘tgan Abdurahim Erkayev o‘z chiqishida. Shuningdek, senator xalqaro reytinglarda pasayishning sabablari sifatida haligacha “telefon huquqi” davom etayotganini, ya’ni sudyalarga iltimoslar bo‘layotganini, korrupsiya holatlarining mavjudligini hamda ayrim sudyalarning malakasi pastligini sanab o‘tgan.","#Senat, #sud, #korrupsiya, #qonun ustuvorligi, #Abdurahim Erkayev"
https://kun.uz/news/category/uzbekiston,Yana o‘zbekistonliklar ajratildi: BAA aeroportida 100 dan ortiq O‘zbekiston fuqarolari ushlab turildi,14:57,https://kun.uz/news/2025/06/02/yana-ozbekistonliklar-ajratildi-baa-aeroportida-100-dan-ortiq-ozbekiston-fuqarolari-ushlab-turildi,"2 iyun kuni Jahon chempionati saralashi doirasida BAA–O‘zbekiston o‘yinini ko‘rish uchun borgan yuzlab o‘zbekistonlik muxlislar Sharja aeroportida 6-7 soat davomida ushlab turildi. Vatandoshlarning so‘zlariga ko‘ra, faqat O‘zbekiston fuqarolarining pasportlari olib qo‘yilgan, ulardan anketa to‘ldirish, mehmonxona band qilgani haqida hujjat va qaytish chiptasining nusxasi so‘ralgan.",https://storage.kun.uz/source/11/ldD_RT83sobTfWgV1msefyoaJ9p8Jz8z.jpg,"Toshkent—Sharja reysi bilan futbol bo‘yicha JCh saralashi doirasidagi BAA–O‘zbekiston o‘yinini tomosha qilish uchun 2 iyun kuni amirlikka uchib kelgan yuzlab o‘zbekistonliklar Sharja aeroportida ushlab turilibdi. Bu haqda BAAga kiritilmay turgan O‘zbekiston OAV vakillari va blogerlar yozmoqda. Sharja aeroportida bo‘lib turgan Gazeta.uz muxbirining xabar berishicha, dastlab ayollar va yoshi katta insonlarni o‘tkazishgan, qolgan erkaklardan qo‘shimcha hujjatlar so‘rashgan. «Qolgan erkak va yigitlardan birinchi marta kelayotgani uchun anketa to‘ldirish, mehmonxona band qilgani haqida hujjat va qaytish biletlari nusxasi so‘raldi. Barchaning hujjatlari olib borilganda, ulardan nusxa ko‘chirib, shu bilan barcha hujjatlarni olib kirib ketishdi va qaytib chiqishmadi. Sharja vaqti bilan 06:05 da qo‘ngan bo‘lsak, hozir 11:05. Aytarli gap yo‘q. Nima uchunligi va qachon qanday javob berilishi umuman noma’lum», — deya ta’kidlagan jurnalist. Foto: Gazeta.uz Ijtimoiy tarmoqdagi yana bor foydalanuvchi O‘zbekiston fuqarolarining pasportlari olib qo‘yilganini va majburiy kutishayotganini yozgan. «Sharja aeroportida bizni chiqarmay ushlab o‘tirishibdi. 5-soat ketyapti. Sababini so‘rasak, prosto … kutishimizni aytishdi. 100 kishi, nega, qachon chiqamiz, bilmaymiz. Bilganimda, kelmasdim lekin rosti. Darvoqe, pasportlar olib qo‘yilgan, faqat o‘zbek pasporti borlarniki», deydi Sherzod Rajabov ismli O‘zbekiston fuqarosi. Toshkent vaqti bilan 14:30larda O‘zbekiston fuqarolari aeroportdan o‘tkazib yuborilgani aytildi . Ularning qanchasi o‘tkazilgani ma’lum emas. Ma’lum bo‘lishicha, BAAga o‘zbeklarning kiritilmasligi holati kecha, 1 iyun kuni ham sodir bo‘lgan. Xususan, jurnalist Nodirxo‘ja Yo‘ldoshev 1 iyun kungi reys bilan BAAga borgan o‘zbekistonlik jurnalistlar ham 8 soatga yaqin aeroportda ushlab turilganini yozgan. «Abu-Dabi va Sharja reyslarida so‘nggi paytlarda doimiy muammo mavjud. Asosan 25−35 yosh oralig‘idagi turistlarni ushlab qolishyapti. Oilaviy yoki yoshi kattalarga indashmayapti. Maslahatim, o‘yin kuni Sharja va Abu-Dabidan kelmang, ulgurmasligingiz mumkin. Dubaydan muammo yo‘q», — deb yozgan u. Tarmoqlarda, shuningdek, Toshkent shahar turizm boshqarmasi poytaxtda turizm sohasida faoliyat yuritadigan tadbirkorlik sub’yektlariga jo‘natgan xati tarqaldi . Xatda Tashqi ishlar vazirligi Konsullik-huquqiy departamentining murojaati haqida so‘z boradi. Unda O‘zbekistondan borayotgan 5 ming futbol muxlislari stadionga sig‘maslik ehtimoli yuqori ekani, bu esa xavfsizlik bilan bog‘liq muammolarni keltirib chiqarishi mumkinligi aytiladi. Shu sabab turfirmalarga «BAA aeroportlarida xavfsizlik idoralari O‘zbekiston fuqarolarning qaytarib yuborilishi asos sifatida taxmin qilinayotgani inobatga olinib, bu kunlarda BAAga turpaketlar orqali turistlarni yubormaslik choralarini ko‘rish» tavsiya etilgan. Kun.uz holatga aniqlik kiritish, O‘zbekiston fuqarolariga qilinayotgan bunday kamsitish holatiga Tashqi ishlar vazirligi va BAAdagi diplomatik vakolatxonalar ko‘rayotgan choralar haqida ma’lumot olish uchun TIV matbuot kotibiga so‘rov yubordi. TIV matbuot kotibi Ahror Burhonov yaqin vaqtlarda bu masala yuzasidan rasmiy munosabat berilishini aytdi. Bir necha kun avval, ushbu o‘yinga chipta xarid qilgan BAA ID kartasiga ega o‘zbekistonliklarning elektron pochtasiga chipta bekor qilingani va xarid uchun sarflangan pul qaytarilishi haqida xabar kelgandi . Joriy yil 5 iyun kuni futbol bo‘yicha O‘zbekiston milliy jamoasi JCh-2026 saralashi 3-bosqichi doirasida Birlashgan Arab Amirliklari jamoasi bilan o‘ynaydi. Uchrashuv Abu-Dabidagi «Al-Nahyan» stadionida bo‘lib o‘tadi. Ayni vaqtda O‘zbekiston terma jamoasi o‘rin olgan A guruhida Eron terma jamoasi yetakchilik qilmoqda va ular jahon chempionati yo‘llanmasini hal qilib bo‘ldi. O‘zbekiston terma jamoasi yo‘llanmani kafolatlashi uchun BAA bilan safarda kamida durang o‘ynashi yoki Toshkentda Qatarni mag‘lub etishi lozim bo‘ladi. Shunda terma jamoa raqiblarining o‘yinlaridagi natijadan qat’i nazar mundialga boradi. O‘z navbatida BAA o‘z maydonida O‘zbekistonni mag‘lub eta olmasa, to‘g‘ridan to‘g‘ri yo‘llanmadan quruq qoladi. BAAdagi o‘zbekistonliklar milliy jamoa o‘yiniga chipta xarid qilishda muammolarga duch kelishyapti Eslatib o‘tamiz, 2024 yil 21 noyabr kuni BAAning Al-Ayn amirligida Isroil va Moldova fuqarosi, BAA rezidenti bo‘lgan rohib Tsvi Koganning jasadi qotillik alomatlari bilan topildi. Yahudiy rohibning o‘limida O‘zbekistonning uch nafar fuqarosi aybdor deb topilib, o‘limga hukm qilindi . Ushbu holat ortidan O‘zbekiston fuqarolarining BAAga kirishi, mehnat faoliyati va viza olishida ko‘plab muammolar boshlandi. Xususan, o‘tgan yili 25 noyabr kuni O‘zbekistonning Dubayda mehnat qilayotgan bir guruh fuqarolari politsiya tomonidan olib ketilgandi . Keyinroq ularning ayrimlari qo‘yib yuborilgani, ayrimlari deportatsiya qilingani hamda yana 5 kishiga nisbatan jinoiy ish ochilgani ma’lum bo‘ldi .","#BAA, #aeroport, #O‘zbekiston fuqarolari"
https://kun.uz/news/category/uzbekiston,O‘zbekiston va Malayziya sun’iy intellekt bo‘yicha qo‘shma dasturlar tashkil etadi,14:40,https://kun.uz/news/2025/06/02/ozbekiston-va-malayziya-suniy-intellekt-boyicha-qoshma-dasturlar-tashkil-etadi,"Toshkent viloyati hokimining Yoshlar siyosati, ijtimoiy rivojlantirish va ma’naviy-ma’rifiy ishlar bo‘yicha o‘rinbosari Otabek Sultonbekov boshchiligidagi delegatsiya Malayziyaga safari davomida Kuala-Lumpur shahridagi Osiyo-Tinch okeani texnologiya va innovatsiya universiteti rahbariyati bilan uchrashuv o‘tkazdi.",https://storage.kun.uz/source/11/NVR0Sj_dw7No2x8vA8SsOb1RWye0c4HZ.jpg,"Uchrashuv davomida universitet rektori Xo Chin Kuan bilan fan va innovatsiyalar sohasida O‘zbekiston universitetlari bilan hamkorlikni yanada kengaytirish masalalari muhokama qilindi . Jumladan, Toshkent davlat texnika universitetining Olmaliq filiali bilan avtomatizatsiya, mexanizatsiya va robototexnika yo‘nalishlarida hamkorlik qilish, ta’limda sun’iy intellektni qo‘llash bo‘yicha qo‘shma dasturlarni tashkil etish bo‘yicha fikr almashildi. Oliy ta’lim sohasidagi o‘zaro manfaatli hamkorlik aloqalari o‘rnatilib, kelgusidagi hamkorlik istiqbollari bo‘yicha dastlabki kelishuvlarga erishildi. O‘zbekiston delegatsiyasi a’zolari, shuningdek, mazkur universitetning kiberxavfsizlik, moliyaviy monitoring va menejment, ma’lumotlarni boshqarish kabi qator sohalarda real vaqt rejimida talabalar ishtirokida faoliyat olib borayotgan raqamli texnologiyalarning eng zamonaviy uskunalari bilan jihozlangan laboratoriyalari bilan tanishdi.","#Malayziya, #sun’iy intellekt"
https://kun.uz/news/category/uzbekiston,Qoraqalpog‘istonda bambuk ekinzorlari barpo etiladi,14:00,https://kun.uz/news/2025/06/02/qoraqalpogistonda-bambuk-ekinzorlari-barpo-etiladi,"O‘zbekistonning Misrdagi elchixonasi ko‘magida Qoraqalpog‘iston Respublikasi Jo‘qorg‘i kengesining raisi Amanbay Orinbayev boshchiligidagi delegatsiyaning misrlik tadbirkor, BAAda ro‘yxatdan o‘tgan Bell Energy kompaniyasi boshqaruvi raisi Haysam Husayn bilan muzokaralari tashkil qilindi.",https://storage.kun.uz/source/11/IMezR0Hc3JFI_kxq201KYAUOiupzC5ax.jpg,"Uchrashuvda tomonlar Qoraqalpog‘istonning investitsion salohiyati, iqtisodiy ko‘rsatkichlari, istiqbolli xalqaro loyihalarni amalga oshirish bo‘yicha imkoniyatlarini muhokama qildilar . Shuningdek, Bell Energy kompaniyasining ushbu hududda istiqbolli investitsiya loyihalarda ishtiroki masalasi ko‘rib chiqildi. O‘tkazilgan muloqotlar natijasiga ko‘ra Qoraqalpog‘iston Respublikasi Vazirlar Kengashi va Bell Energy kompaniyasi hamda uning biznes hamkorlari o‘rtasida bir qator anglashuv memorandumlari imzolandi. Hujjatlar neft mahsulotlarini saqlashga mo‘ljallangan omborlarini barpo qilish, chiqindilardan energiya ishlab chiqarish, bioetanol va aviatsiya yonilg‘isi uchun xomashyo hisoblangan bambuk ekinzorlarini barpo qilish va bolalar farovonligini ta’minlashga qaratilgan ijtimoiy loyihalarni nazarda tutadi. Imzolangan hujjatlarni amalga oshirish maqsadida tomonlar har bir loyihaning texnik jihatlari va moliyaviy masalalarini ishlab chiqish va o‘zaro muvofiqlashtirishga kelishib oldilar.","#BAA, #Qoraqalpog‘iston, #bambuk"
https://kun.uz/news/category/uzbekiston,O‘zbekiston universitetlariga Britaniyadan professor-o‘qituvchilar jalb qilinadi,13:39,https://kun.uz/news/2025/06/02/ozbekiston-universitetlariga-britaniyadan-professor-oqituvchilar-jalb-qilinadi,Londonda uchinchi O‘zbekiston-Britaniya ta’lim forumi bo‘lib o‘tdi.,https://storage.kun.uz/source/11/HMSNA6WSEg94s0PnSycG8QzLsWUTQvLy.jpg,"Forum ishida oliy ta’lim muassasalari rektorlari, ilmiy tadqiqotchilar, ta’lim sohasi bo‘yicha mutaxassislar, shuningdek, Britaniya akademik hamjamiyati hamda universitetlari rahbariyati ishtirok etdi . Anjuman davomida ishtirokchilar O‘zbekiston va Buyuk Britaniya o‘rtasida oliy ta’lim sohasidagi aloqalarni rivojlantirishning asosiy ustuvor yo‘nalishlarini muhokama qildilar. Ta’limni rivojlantirish masalalari, innovatsion amaliyotlar va institutsional hamkorlikning universitetlar va sanoat o‘rtasidagi hamkorlik, bitiruvchilar bandligini oshirish va ta’lim muhitidagi barqaror o‘zgarishlar, xalqaro hamkorlik doirasida inklyuziv oliy ta’limni kengaytirish masalalari muhokamalar markazida bo‘ldi. Forum yakunida 50 dan ortiq yetakchi ingliz professor-o‘qituvchi va mutaxassislar respublika universitetlariga jalb qilish, Britaniya universitetlari bilan xalqaro konferensiyalar o‘tkazish va yangi o‘quv-metodik adabiyotlar ishlab chiqish, qo‘shma ta’lim dasturlarini yo‘lga qo‘yish va boshqalar to‘g‘risida kelishib olindi.","#O‘zbekiston, #Britaniya"
https://kun.uz/news/category/uzbekiston,Dronlar va zamonaviy qurollar – mudofaa sohasidagi innovatsion texnologiyalar festivalidan fotoreportaj,12:36,https://kun.uz/news/2025/06/02/dronlar-va-zamonaviy-qurollar-mudofaa-sohasidagi-innovatsion-texnologiyalar-festivalidan-fotoreportaj,,,"Toshkentda MSITF-2025 festivali doirasida mudofaa sanoatining zamonaviy qurol-yarog‘lari, og‘ir va yengil harbiy texnikalar hamda harbiy va ikki xil maqsadlarga mo‘ljallangan mahsulotlar namoyish qilindi. Ko‘rgazmadagi eng e’tiborga molik texnikalar – ko‘plab turdagi dronlar bo‘ldi. Kun.uz muxbiri ushbu festivaldan fotoreportaj taqdim qiladi. Joriy yil 29-31 may hamda 1 iyun kunlari Toshkent shahridagi «G‘alaba bog‘i» yodgorlik majmuasida — Mudofaa sohasidagi innovatsion texnologiyalar festivali («MSITF-2025») bo‘lib o‘tdi. Ushbu festivalda Qurolli Kuchlarga zarur bo‘lgan zamonaviy texnologiyalar, metallurgiya, kimyo sanoati hamda tekstil sohasida ikki maqsadga mo‘ljallangan ishlab chiqaruvchi tashkilot, yirik korxonalar, jismoniy shaxslar hamda ixtirochilar o‘zlarining mahsulotlari bilan qatnashdi. Tadbirning ochilish marosimida O‘zbekiston mudofaa vaziri Shuhrat Xolmuhamedov, DXX raisi Bahodir Qurbonov, Bojxona qo‘mitasi raisi Akmalxo‘ja Mavlonov, Senator va yoshlar ishlar agentligi direktori Alisher Sa’dullayev, Xavfsizlik kengashi kotibining o‘rinbosari Bahodir Toshmatov, Bosh vazirning o‘rinbosari Zulayho Mahkamova va boshqa rasmiylar qatnashdi. «Harbiy-texnik sohada 50 ga yaqin davlatlar bilan hamkorlik o‘rnatilib, 30 dan ortiq ilg‘or xorijiy kompaniyalar bilan shartnomalar imzolandi. 40 ta mahalliy korxonalar bilan hamkorlik yo‘lga qo‘yildi. Ishlab chiqarilayotgan mahsulot turlari 155 taga yetkazilib, xizmat ko‘rsatish 2,5 barobarga oshirildi », dedi Shuhrat Xolmuhamedov. Festival doirasida mudofaa sanoatiga oid zamonaviy qurol-yarog‘, o‘q-dori, og‘ir va yengil harbiy texnikalar, robototexnikalar, kimyo-texnologiyalari, harbiylar uchun kiyim-kechak va oziq-ovqat kabi harbiy va ikki xil maqsadlarga mo‘ljallangan mahsulotlar ko‘rgazmasi namoyish etildi. Ko‘rgazmadagi eng e’tiborga molik texnikalar turli xil dronlar bo‘ldi. Xususan, zarbdor, razvedka va ko‘p maqsadli o‘nlab uchuvchisiz qurilmalar namoyish qilindi. Shuningdek, tadbirda kibersport, hakerlik, kichik robotlar jangi, uchuvchisiz uchish apparatlarini loyihalashtirish, raketa-model va «Dron racing» kabi ko‘plab musobaqalar ham o‘tkazildi. Kun.uz muxbiri ushbu tadbirda namoyish etilgan mudofaa sohasidagi yangi texnologiyalar fotojamlanmasini taqdim qiladi. Rasmlar muallifi: Farrux Absattarov","#mudofaa, #dron"
https://kun.uz/news/category/uzbekiston,Toshkentda L9 haydovchisi tez yordam mashinasiga yo‘l bermadi. Faollar unga ko‘rilgan chorani yengil deb baholashmoqda,12:16,https://kun.uz/news/2025/06/02/toshkentda-l9-haydovchisi-tez-yordam-mashinasiga-yol-bermadi-faollar-unga-korilgan-chorani-yengil-deb-baholashmoqda,"Ijtimoiy tarmoq faollari haydovchiga yengil jazo berilganidan norozi, bunday holatlar uchun mashinani musodara qilish kerakligi haqida ham fikr bildirilgan.",https://storage.kun.uz/source/11/1C-o2fdjMSjkJf33wczdnymH_c6NEA3r.jpg,"31 may kuni ijtimoiy tarmoqlarda davlat raqami 01 774 OLA bo‘lgan Lixian L9 avtomashinasi tez yordam mashinasiga yo‘l bermagani aks etgan videotasvirlar tarqaldi. Unda tez yordam haydovchilari sirena va ovoz kuchaytirgich bilan bir necha bor ogohlantirish bersa ham, oldindagi mashina ularga yo‘l bermagani ko‘rinadi. YPX xodimlari tomonidan Toshkentda mazkur haydovchiga nisbatan Ma’muriy javobgarlik kodeksning 128-moddasi 5-bandi bilan bayonnoma rasmiylashtirildi. Mazkur bandda tezkor va maxsus xizmatlarning ko‘k yoki qizil yoxud ko‘k va qizil rangli yaltiroq mayoqchani yoqqan holda hamda maxsus tovushli signal bilan yaqinlashib kelayotgan transport vositalari to‘siqsiz o‘tib ketishi uchun transport vositalari haydovchilari tomonidan xalaqit berish ko‘zda tutilgan. Qoidabuzarlik uchun BHMning 5 baravari miqdorida – 1 mln 875 ming so‘m jarima ko‘zda tutilgan. Haydovchi «e’tiborsizlik qilib qo‘ygani, yo‘l so‘ralganini ko‘rmay qolgani»ni aytib uzr so‘ragan. Tasvirlarda esa tez yordam mashinasi o‘ng tomondan o‘tishga uringanda ham haydovchi unga yo‘l bermagani, faqat keyinroq yon chiroqlarini yoqqan holda chetga o‘tgani ko‘rinadi . «Har kimning boshida bor bu. Haydovchilardan iltimos qilgan bo‘lardik, sirena bilan kelayotgan maxsus avtomashinalarga iloji boricha yo‘l berishsin», – deydi tez tibbiy yordam mashinasi haydovchisi. Blogerlar munosabati Huquqshunos va bloger Xushnudbek Xudoyberdiyev holatga munosabat bildirar ekan, o‘z Telegram kanalida quyidagicha izoh qoldirdi: «Jarima miqdori — 1 mln 875 ming so‘m. Agar 15 kun ichida to‘lasa, 50% chegirma ham beramiz, natijada 937 ming so‘m to‘laydi, xolos. Bu o‘ta kulgili! Bir yoki bir necha inson hayotiga zomin bo‘lishi mumkin bo‘lgan bunaqa qo‘pol qoidabuzarlik uchun bunaqa yengil jazo berish sharmandalik. Sharmandalikning yana bir tomoni shundaki, ruxsatsiz tonirovka qilgan haydovchiga dastlab 9 mln 375 ming so‘m, agar yana takrorlansa, 15 mln so‘m jarima belgilaganmiz. Nima uchunligini bilasizmi? Chunki tonirovkadan tushadigan pulning asosiy qismi Ichki ishlar vazirligiga tushadi. Maxsus transport vositalariga yo‘l bermaganlarga esa takroriylik uchun og‘irroq jazo ham yo‘q. Ya’ni har kuni shu ishni qayta-qayta qilaversangiz ham, bir xil 900 ming so‘m jarima to‘lab, qutulib ketaverasiz. Arzimagan 900 ming so‘mni to‘lab qutulib ketadigan „krutoyvachchalar“ hech qachon xatosidan o‘ziga tegishli xulosa chiqarmaydi». Bloger qonunchilik tashabbusiga ega mas’ullarga murojaat qilib, jazo tizimini insonparvarlik nuqtai nazaridan qayta ko‘rib chiqishni, odamlar xavfsizligini ustun qo‘yadigan tizim kerakligi, pul ishlash uchun o‘ylab topilgan qoidalar-u jazolarni yo‘qotish kerakligini ta’kidladi. Tarmoqlarda ushbu holatda sirena ovozini eshitmaslik mumkin emasligi, bundan keyin tez yordamga yo‘l bermaganlarning mashinasini musodara qilish zarurligini aytganlar ham bo‘ldi. «Shaxsiy kuzatuvim bo‘yicha hozir Toshkentda tez yordam mashinalariga xuddi o‘sha chet elda olingan roliklardagi kabi, juda chiroyli tarzda yo‘l ochib berilyapti. O‘zim kamida ikki marta shunaqa jarayonda qatnashdim ham — uch „polosa“ mashina tirbandlikda turganida, 2- va 3-bo‘lakdagilar surilib, tez yordamga o‘rtadan yo‘l ochib bergandi. Odam bir boshqacha maza ham qiladi bunaqa tabiiy jarayonda. Shuning uchun ham videodagi holat menga ham juda g‘alati ko‘rindi, xuddi bir balosi bordek. Lekin qoida buzilgan baribir, qoidabuzarlik uchun jazo muqarrar bo‘lishi kerak», — deydi jurnalist Muhrim A’zamxo‘jayev.",#yo‘l qoidasi
https://kun.uz/news/category/jahon,Indoneziya ishga qabul qilishda yosh cheklovlarini olib tashladi,18:32,https://kun.uz/news/2025/06/02/indoneziya-ishga-qabul-qilishda-yosh-cheklovlarini-olib-tashladi,Mamlakat mehnat bozorini keksa va tajribasiz yosh mutaxassislarga ochib bermoqda.,https://storage.kun.uz/source/11/zYxj1s_rXcruNejeLunvBvpZCfeIZPGe.jpeg,"Indoneziya hukumati ishga qabul qilish uchun yosh chegaralarini belgilashni rasman taqiqladi. Yangi qonun fuqarolarning yoshidan qat’iy nazar teng huquqlarini ta’minlash, mehnat bozorida kamsitish holatlariga barham berish maqsadida kuchga kiradi. Bu haqda SCMP xabar berdi. Ilgari kompaniyalar ko‘pincha 45 yoshdan oshgan talabgorlarni rad etar yoki aksincha, ma’lum bir optimal yoshga yetmagan yoshlarni ishga olmas edi. Endi bu qonun buzilishi sifatida baholanadi. Ish beruvchilar yoshga doir kamsituvchi vakansiyalarni e’lon qilsa, jarimaga tortiladi. Bu qadam aholining iqtisodiyotdagi faolligini oshirish, ijtimoiy himoyaga muhtoj qatlamlar orasida ishsizlikni kamaytirishga qaratilgan. Indoneziya hukumatining fikricha, umr ko‘rish davomiyligi oshgani hisobga olinsa, yoshga oid to‘siq endi insonning haqiqiy mehnat qobiliyatini aks ettirmaydi. Kasaba uyushmalari bu harakatni adolatli ishga qabul qilish sari qadam sifatida olqishladi, lekin ayni paytda hukumat qaroriga rioya etilishini ta’minlash uchun qoidalar talab qilmoqda. Biroq, ish beruvchi kompaniyalar endi ish izlovchilarning katta oqimiga duch kelishi mumkinligidan ogohlantirmoqda. Hozir Indoneziyada 7 milliondan ortiq ishsiz bor va yoshi katta ish izlovchilar ko‘pincha qayta ishga joylashish uchun to‘siqlarga duch keladi.","#Indoneziya, #kasaba uyushmasi, #mehnat huquqi"
https://kun.uz/news/category/jahon,Markaziy Osiyo davlatlari va Hindiston tashqi ishlar vazirlari uchrashadi,17:53,https://kun.uz/news/2025/06/02/markaziy-osiyo-davlatlari-va-hindiston-tashqi-ishlar-vazirlari-uchrashadi,Sammit 5-6 iyun kunlari Nyu-Dehlida o‘tkaziladi.,https://storage.kun.uz/source/11/TVAUNWPsUZ3ar8OCoZkB-pdTQK8SZ6m9.jpg,"5-6 iyun kunlari Hindiston poytaxti Nyu-Dehli shahrida Markaziy Osiyo davlatlari va Hindiston tashqi ishlar vazirlarining uchrashuvi bo‘lib o‘tadi. Bu haqda Tojikiston TIV matbuot xizmati xabar berdi. Vazirlikning ta’kidlashicha, Dushanbeda Tojikiston tashqi ishlar vaziri Sirojiddin Muhriddin va Hindiston tashqi ishlar, atrof-muhit, o‘rmon xo‘jaligi va iqlim o‘zgarishi bo‘yicha davlat vaziri Kirti Vardxan Singx o‘rtasida uchrashuv bo‘lib o‘tgan. «Suhbat chog‘ida 2025 yil 5-6 iyun kunlari Dehli shahrida bo‘lib o‘tadigan «Markaziy Osiyo – Hindiston» forumi tashqi ishlar vazirlarining bo‘lajak uchrashuvi masalalari muhokama qilindi», deyiladi xabarda.","#Hindiston, #sammit, #Markaziy Osiyo"
https://kun.uz/news/category/jahon,Rossiya yo‘qotish nima ekanini tushunishi kerak – Zelenskiy,17:49,https://kun.uz/news/2025/06/02/rossiya-yoqotish-nima-ekanini-tushunishi-kerak-zelenskiy,"Ukraina rahbari so‘zlariga ko‘ra, «bu Rossiyani diplomatiya sari undaydi».",https://storage.kun.uz/source/11/tupQvfR8CMigkq0GrSFLWkqaPPEEQNJG.jpg,"Ukraina prezidenti Vladimir Zelenskiyning fikricha, harbiy yo‘qotishlar Rossiyani muzokaralar stoliga o‘tirishga majbur qiladi. U bu fikrini Vilnyusdagi «Buxarest to‘qqizligi» sammitida bildirdi. Zelenskiyning ta’kidlashicha, Ukraina qurolga bo‘lgan ehtiyojning 40 foizini mahalliy ishlab chiqarish hisobiga qoplay oladi, «lekin bu barqaror moliyalashtirishni talab qiladi». Uning so‘zlariga ko‘ra, Ukraina operatsiyalari «investitsiyalar, ayniqsa, dronlarga qanday ta’sir qilishini ko‘rsatmoqda». Zelenskiy Yevropa va AQSh birgalikda Rossiyadan yaxshiroq qurolga ega ekanini qo‘shimcha qildi. «Bizda ham kuchliroq taktik yechimlar bor. Kecha bizning «Pautina» operatsiyamiz buni isbotladi. Rossiya yo‘qotish nimani anglatishini tushunishi kerak. Bu uni diplomatiya sari undaydi», deb uning so‘zlarini keltirdi UNIAN. 1 iyun kuni Ukraina dronlari Rossiya harbiy aerodromlariga, jumladan Irkutsk va Murmansk viloyatlariga hujum qildi. Zelenskiy so‘zlariga ko‘ra, operatsiyaga jami 117 ta FPV dronlari va shuncha dron operatorlari jalb qilingan va operatsiya «ofisi» Rossiya hududida, FXX shtab-kvartirasi yonida bo‘lgan. Zelenskiyning ta’kidlashicha, hujum oqibatida «harbiy baza aerodromlaridagi strategik samolyotlarning» 34 foizi zarbaga uchragan. Rossiya Mudofaa vazirligi Ukraina dronlari beshta hududdagi harbiy aerodromlarga hujum qilganini tan oldi. Harbiy departament ma’lumotlariga ko‘ra, Murmansk va Irkutsk viloyatlarida «bir nechta samolyot yonib ketgan».","#Ukraina, #Rossiya, #Vladimir Zelenskiy"
https://kun.uz/news/category/jahon,Polsha prezidentlik saylovida Karol Navrotski g‘alaba qozondi,17:16,https://kun.uz/news/2025/06/02/polsha-prezidentlik-saylovida-karol-navrotski-galaba-qozondi,U ovoz berganlar yarmining xayrixohligiga erishdi.,https://storage.kun.uz/source/11/jD5_F0hFssVdzIKxOjAt26XEl9RGp6xs.jpg,"Muxolifatdagi konservativ «Qonun va adolat» partiyasidan nomzodini qo‘ygan Karol Navrotski Polsha prezidentligi saylovining ikkinchi bosqichida ko‘pchilik ovozni qo‘lga kiritdi. Davlat saylov komissiyasi ma’lumotlariga ko‘ra, byulletenlarning 100 foizi sanab chiqilgach, Navrotski 50,89 foiz, uning raqibi Varshava meri Rafal Tshaskovski esa 49,11 foiz ovoz olgan, deb yozdi Gazeta Wyborcza. Karol Navrotski vakolat muddati avgust oyida tugaydigan konservativ Anjyey Duda o‘rnini egallaydi. Polshada prezident asosan ramziy vakolatlarga ega, biroq u parlament tomonidan qabul qilingan qonunlarga veto qo‘yishi mumkin.","#saylov, #Polsha, #Karol Navrotski"
https://kun.uz/news/category/jahon,"Tojikiston, O‘zbekiston va Qozog‘iston «Bahri Tojik» suv omboridan birgalikda foydalanadi",16:47,https://kun.uz/news/2025/06/02/tojikiston-ozbekiston-va-qozogiston-bahri-tojik-suv-omboridan-birgalikda-foydalanadi,Suv obektining hamkorlikda ishlashi mintaqada suv xavfsizligini ta’minlash va resurslardan oqilona foydalanishga qaratilgan.,https://storage.kun.uz/source/11/2gDzjynbvgjjNRTRiU0mW5LDuwzQKtvV.jpg,"Tojikiston, O‘zbekiston va Qozog‘iston 2025 yilning yozi uchun «Bahri Tojik» suv omborining qo‘shma ish rejimini kelishib oldi. 30 may kuni Dushanbe shahrida muzliklarni saqlash bo‘yicha yuqori darajadagi xalqaro konferensiya doirasida Tojikiston, O‘zbekiston va Qozog‘iston vakillarining uch tomonlama uchrashuvi bo‘lib o‘tdi. Muzokaralarda Tojikiston Respublikasi energetika va suv resurslari vaziri Daler Juma, O‘zbekiston Respublikasi suv xo‘jaligi vaziri Shavkat Hamroyev, Qozog‘iston Respublikasi suv xo‘jaligi va irrigatsiya vaziri Nurjan Nurjigitov ishtirok etdi. Tojikiston Energetika va suv xo‘jaligi vazirligi matbuot xizmati xabariga ko‘ra, tomonlar suv resurslarini boshqarish, jumladan, suv omborlaridan barqaror foydalanish va yirik gidrotexnik inshootlarning ish rejimini ta’minlash bo‘yicha uch tomonlama hamkorlikning dolzarb masalalarini muhokama qilgan. Iqlim o‘zgarishi sharoitida mintaqada suv resurslarini samarali va adolatli taqsimlash bo‘yicha sa’y-harakatlarni muvofiqlashtirishga alohida e’tibor qaratilgan. Muzokaralar yakunlari bo‘yicha Tojikiston, O‘zbekiston va Qozog‘iston o‘rtasida 2025 yilning iyunidan avgustigacha bo‘lgan yozgi davr uchun Tojikiston dengizi suv omborining (Bahri Tojik) ishlash rejimini kelishish bo‘yicha uch tomonlama bayonnoma imzolandi. Hujjat barcha tomonlar manfaatlarini inobatga olgan holda suv obektining hamkorlikda ishlashini nazarda tutadi va mintaqada suv xavfsizligini ta’minlash va resurslardan oqilona foydalanishga qaratilgan. Qayd qilinishicha, 2024 yil oktyabrdan 2025 yil martigacha bo‘lgan davrda «Bahri Tojik» suv omboriga suv oqimi 12,32 km³ ni tashkil etdi. Bu Sirdaryo suv havzasi uyushmasi tomonidan tasdiqlangan jadvaldan 1,04 km³ ga yuqori. Suv omboridan suv oqimi ham kutilganidan yuqori bo‘ldi - 11,13 km³, bu rejalashtirilganidan 1,23 km³ ga ko‘p. Natijada, vegetatsiya mavsumi oxiriga borib, suv omboridagi suv hajmi 3,5 km³ ga yetdi. Prognozga ko‘ra, 2025 yil vegetatsiya davrida Sirdaryo havzasiga umumiy suv oqimi 25,77 km³ darajasida kutilmoqda - bu normaning 87 foizini tashkil etadi (standart ko‘rsatkich 29,49 km³). 2025 yil 5 aprelda bo‘lib o‘tgan Davlatlararo suv xo‘jaligini muvofiqlashtiruvchi komissiyasining 89-yig‘ilishi bayonnomasiga asosan Qozog‘iston uchun (Do‘stlik kanali orqali) suv olish chegarasi 909 million m³, Qirg‘iziston uchun 270 million m³, Tojikiston uchun 1,9 mlrd m³ va O‘zbekiston uchun 8,8 mlrd m³ bo‘lgan.","#Sirdaryo, #Qozog‘iston, #Tojikiston"
https://kun.uz/news/category/jahon,«Rus aviatsiyasi uchun qora kun». «O‘rgimchak to‘ri operatsiyasi» haqida hozirgacha nimalar ma’lum?,16:20,https://kun.uz/news/2025/06/02/pautina-operatsiyasi-aniq-tarix-darsliklariga-kiritiladi-zelenskiy,"«O‘rgimchak to‘ri» deb nomlangan amaliyot doirasida Rossiyaning to‘rtta regionidagi aerodromlarga yoppasiga zarbalar berildi, UXXning qo‘li uzoq Sibirgacha yetib borgan. Amaliyot antiqa ko‘rinishda amalga oshirilgan – yo‘lda to‘xtab turgan yuk mashinalaridan zarbdor dronlar uchib chiqqan.",https://storage.kun.uz/source/11/d1QDGy9eHtBL36G92CWeyULTDbBlmMEW.jpg,"Ukraina dronlari yakshanba kuni Rossiyadagi bir nechta harbiy aerodromlarga zarba berdi. BBC Ukraina xizmatining Ukraina xavfsizlik kuchlaridagi manbasi ma’lumotlariga ko‘ra, Rossiya bosqini davridagi eng yirik hujum natijasida 40 dan ortiq samolyot, jumladan, A-50, Tu-95 va Tu-22 M3 samolyotlari aniq nishonga olingan. Rossiya mudofaa vazirligi Ukrainaning Rossiya harbiy aerodromlariga hujumini tasdiqladi va «bir nechta aviatsiya texnikasi» yonib ketganini ma’lum qildi. Rossiya harbiy idorasi ma’lumotlariga ko‘ra, Rossiyaning beshta regioni – Murmansk, Irkutsk, Ivanovo, Ryazan va Amurdagi harbiy aerodromlar dronlar hujumiga uchragan. Rossiya mudofaa vazirligi bu zarbalarni «Kiyev rejimi tomonidan amalga oshirilgan terakt» deb atadi. Idora xabarida Ivanovo, Ryazan va Amur oblastlaridagi harbiy aerodromlarda barcha hujumlar qaytarilgani iddao qilingan. Irkutsk va Murmansk oblastlaridagi harbiy aerodromlarda FPV-dronlari hujumidan so‘ng bir nechta aviatsiya texnikasi yonib ketdi, deya ma’lum qildi Rossiya mudofaa vazirligi shikastlangan samolyotlar soniga aniqlik kiritmasdan. «Yong‘inlar bartaraf etildi. Harbiy xizmatchilar va tinch aholi orasida qurbonlar yo‘q», – deya ma’lum qildi harbiy idora va hujumning ayrim ishtirokchilari qo‘lga olinganini qo‘shimcha qildi. Ukraina xavfsizlik kuchlari Rossiya aviatsiyasi yo‘qotishlari haqida Ukraina xavfsizlik xizmati ma’lumotlariga ko‘ra, Ukraina dronlarining Rossiya aviabazalariga hujumi natijasida strategik qanotli raketa tashuvchilarning 34 foizi zarar ko‘rgan. «7 mlrd AQSh dollari. Bugun UXXning „O‘rgimchak to‘ri“ maxsus operatsiyasi natijasida zarbaga uchragan dushman strategik aviatsiyasining taxminiy qiymati shunday», – deyiladi UXX telegram-kanalida. Ayrim ma’lumotlarga ko‘ra, dronlar Rossiya hududidan uchirilgan – ular yuk mashinalaridan uchib chiqqan. UXXdagi manbaning yozishicha, «Olenya» (Murmansk oblasti), «Belaya» (Irkutsk oblasti), «Ivanovo» (Ivanovo oblasti) va «Dyagilevo» (Ryazan oblasti) aviabazalari hujumga uchragan. Internetda Malyukning «O‘rgimchak to‘ri» operatsiyasi sxemasi bilan birga tushgan surati tarqalgan. Hujumga uchragan regionlar rasmiylari nimalar dedi? «Dronlar uchirilgan manba allaqachon bloklangan. Bu – fura», – deb yozdi ijtimoiy tarmoqlarda Irkutsk oblasti gubernatori Igor Kobzev va dron hujumi Sibirda birinchi bo‘lganini qo‘shimcha qildi. Kobzevning so‘zlariga ko‘ra, dronlar «Sredniy qishlog‘idagi harbiy qism»ga hujum qilgan. Ushbu aholi punkti Usole-Sibirskaya qishlog‘i yaqinida joylashgan bo‘lib, uning yonida Belaya aviabazasi joylashgan. Murmansk oblasti gubernatori Andrey Chibis ham region hududiga dronlar hujumi uyushtirilganini tasdiqladi. Ijtimoiy tarmoqlarda hodisa guvohi Olenegorsk yaqinida to‘xtab turgan yuk mashinasidan dronlar ucha boshlagani aytilgan videoni e’lon qilindi. Olenegorsk yaqinida Rossiyaning «Olenya» strategik aviatsiyasi bazasi joylashgan. Rossiya telegram-kanallarida dronlar ko‘rinayotgani va otishmalar ovozi eshitilayotgan ko‘plab kadrlar tarqatildi. «O‘rgimchak to‘ri» operatsiyasi BBC Ukraina xizmatining UXXdagi suhbatdoshining yozishicha, maxsus operatsiya «O‘rgimchak to‘ri» deb nomlangan va unga maxsus xizmat rahbari Vasiliy Malyuk shaxsan rahbarlik qilgan. «Hozirda UXX Rossiya Federatsiyasi hududida dushman bombardimonchi samolyotlarini yo‘q qilish bo‘yicha keng ko‘lamli maxsus operatsiya o‘tkazmoqda. UXX dronlari har kecha Ukraina shaharlarini bombardimon qilayotgan samolyotlarga qarshi ishlamoqda. Hozirda 40 dan ortiq samolyot yo‘q qilingani ma’lum, ular orasida A-50, Tu-95 va Tu-22 M3 bor», – degan suhbatdosh. Ukraina maxsus xizmatlari namoyish etgan videolardan birida Irkutsk oblastidagi «Belaya» aerodromi deb ta’riflangan joyda yong‘in sodir bo‘lganini ko‘rish mumkin. Shu bilan birga, bir vaqtning o‘zida bir nechta Rossiya telegram-kanallari dronlar ko‘rinib turgan va otishmalar ovozi eshitilayotgan videolarni e’lon qildi. Xabarlarda bu videolar «Belaya» va «Olenya» bazalari yaqinida tasvirga olingani aytiladi. Xususan, Shot yangiliklar kanali Ukraina dronlari uchib chiqqani aytilgan yuk mashinasi suratini joylashtirdi. «Furadan uchib chiqqan dronlarni nafaqat Irkutskda, balki Murmansk oblastida ham ko‘rishgan. Ikkala holatda ham mahalliy aholi bir xil manzarani tasvirlamoqda: katta yuk mashinasi trassada to‘xtaydi va undan dronlar uchib ketadi», – deyiladi xabarda. Dastlabki ma’lumotlarga ko‘ra, Murmansk oblastida yuk mashinasi haydovchisi allaqachon qo‘lga olingan va ko‘rsatma bermoqda. Ikkala holatda ham gap FPV-dronlar haqida ketmoqda, ular masofadan boshqarish uchun maxsus dasturga ega bo‘lgan. «Belaya» aviabazasi Sibirda, Ukraina chegarasidan deyarli 4,5 ming km uzoqlikda, «Olenya» aerodromi Murmansk oblastida, Ukrainadan deyarli 1,7 ming km masofada joylashgan. UXXdagi manba: dronlar yuk mashinalar tomiga yashirilgan uychalardan uchib chiqqan BBC Ukraina xizmatining UXXdagi manbasi maxsus xizmat Rossiya harbiy aerodromlariga dronlar bilan bu zarbani qanday tayyorlagani haqida ham gapirib bergan. UXXdagi manba uychalar tomiga yashirilgan dronlar aks etgan suratlarni yubordi. Xavfsizlik xizmati ma’lumotlariga ko‘ra, to‘rtta aviabazaga berilgan zarbalar natijasida Rossiya strategik aviatsiyasining 41 ta samolyoti shikastlangan. Rossiya hukumati dronlar kamida ikkita baza joylashgan hududlarga hujum qilganini tasdiqlagan, biroq samolyotlarga yetkazilgan zarar haqidagi ma’lumotlarga izoh bermagan. UXXdagi manba so‘zlariga ko‘ra, mazkur operatsiyaga bir yarim yildan ko‘proq vaqt davomida tayyorgarlik ko‘rilgan va uning borishini shaxsan Ukraina prezidenti Volodimir Zelenskiy nazorat qilgan, uni amalga oshirishga Ukraina xavfsizlik xizmati rahbari Vasiliy Malyuk va maxsus xizmat xodimlari mas’ul bo‘lgan. Manba Ukraina dronlari aviabazalarga yaqinlashgan yuk mashinalaridan uchib chiqqanini tasdiqlagan. «UXX dastlab FPV-dronlarini, keyinroq esa ko‘chma yog‘och uylarni Rossiya hududiga o‘tkazdi. Keyinchalik RF hududida dronlar yuk mashinalariga joylashtirilgan uylarning tomlari ostiga yashirilgan. Kerakli paytda uylarning tomlari masofadan turib ochildi, dronlar Rossiya bombardimonchi samolyotlariga zarba berish uchun havoga ko‘tarildi», – deyiladi xabarda. Shu bilan birga, UXXdagi manba «ushbu tarixiy maxsus operatsiyada ishtirok etgan odamlar allaqachon Ukrainaga qaytib bo‘lgani»ni ta’kidlagan. BBC Ukraina xizmati suhbatdoshi amaliyotda qo‘llangan dronlar aks etgan fotosuratlarni ham taqdim etdi. «Bu ruslarning Perl-Harbori». Z-blogerlar nimalar demoqda? Havo bazalariga hujum qilish uchun dronlar uchib chiqqan qutilar haqidagi ma’lumotni rossiyalik Z-blogerlar ham tasdiqlamoqda. «Dronlar juda yaqin masofadan qo‘llangani sababli, tabiiyki, aviatsiyani zarba ostidan olib qochish ilojsiz edi, shuningdek, ularga qarshi „Pansir“, S-300 va hokazolarni qo‘llashning iloji yo‘q edi. O‘ylashimcha, hujum „jyeday qilichlari“ bilan jihozlangan dronlarga qarshi himoya tizimlari naryadlari uchun ham kutilmagan hol bo‘ldi. Shunday ekan, yangiliklar yaxshi bo‘lishi dargumon», – deb yozadi Rossiyaning harbiy aviatsiyasi haqidagi Fighterbomber kanali muallifi. U «bu kun keyinchalik Rossiya uzoq masofali aviatsiyasining qora kuni sifatida esda qolishi»ni aytib o‘tgan. «Bunga qanday va nima bilan javob berish mumkinligini tasavvur ham qila olmayman. Ha, bizda samolyotlarni bera oladigan o‘nlab mamlakatlar yo‘q. Bu haqda Bosh shtab boshlig‘i qanday fikrda?» – deya ritorik savollar bilan murojaat qiladi Kursk oblasti gubernatorining sobiq maslahatchisi va taniqli Z-muallif Roman Alyoxin. U bu ruslarning «Perl Harbor»i bo‘lganini qo‘shimcha qilgan. «Xo‘sh, qarama-qarshilikning yangi bosqichi. Aslida, bu bizning ichkari hududlarimizda FPV-dronlari ishlay boshlashi vaqt masalasi edi. Hozir haqiqatni aytish muhim. Qanchalik achchiq bo‘lmasin», – deydi «Komsomolskaya pravda» harbiy muxbiri Aleksandr Kots. «Bombardimonchi samolyotlar sovet ittifoqi davrida qurilgan va „qayta tiklanmaydigan strategik resurs“ hisoblanadi», – deb yozadi Romanov Layt harbiy kanali Rossiya armiyasi ko‘rgan yo‘qotishlar haqida. «Dushman manbalarining yozishicha, „Belaya“ aviabazasida yana ikkita Tu-160 borti zarbaga uchragan bo‘lishi mumkin. Tu-95 bilan birgalikda bu kamida to‘qqizta zararlangan samolyotdir», – deydi teleboshlovchi Ruslan Ostashko yo‘qotishlarni aniq baholab. «Bu kuchlarning yadroviy strategik muvozanatiga bevosita putur yetkazishdir. Bu mamlakatimiz yadroviy himoyasining pasayishidir», – deydi «Dva mayora» kanali mualliflari. Yirik Rybar harbiy kanali esa Rossiya mudofaa vazirligi bu safar ham sodir bo‘lgan voqeaga tezkor izoh berishga tayyor emasligini ta’kidladi: «Har safar tartibsizlik yuz berganda, bizni „tor joyda“ kaltaklashganda va Rossiya Mudofaa vazirligi chizig‘ida navbatdagi „teshik“ yuzaga kelganda, axborot xizmati organlari odatdagidek ishlaydi: boshini qumga tiqib, hech narsaga javob bermaydi». Zelenskiy: «Tarix darsliklariga kiradigan qoyilmaqom natija» «O‘rgimchak to‘ri» operatsiyasiga maxsus xizmat rahbari Vasiliy Malyuk shaxsan rahbarlik qilgan. Foto: Ukraina prezidenti ofisi Ukraina prezidenti Volodimir Zelenskiy kechqurungi videomurojaatida Ukraina xavfsizlik xizmati o‘tkazgan amaliyot bo‘yicha ayrim tafsilotlarni aytib o‘tdi. Uning so‘zlariga ko‘ra, amaliyotni o‘tkazishga bir yarim yil davomida tayyorgarlik ko‘rilgan. «Eng qizig‘i – va hozir ham buni ochiq aytish mumkin –- Rossiya hududidagi operatsiyamizning „ofisi“ Rossiya Federal xavfsizlik xizmatining oblastlardan biridagi boshqarmasi qarorgohi yaqinida joylashgan edi», – dedi Zelenskiy. Ukraina prezidentining aytishicha, operatsiyada jami 117 ta drondan foydalanilgan. «Va tegishli miqdordagi dron operatorlari ishladi. Aerodromlarda joylashtirilgan strategik qanotli raketa tashuvchilarning 34 foizi shikastlandi», – dedi Zelenskiy. «Odamlarimiz Rossiyaning turli hududlarida – uchta vaqt mintaqasida harakat qilishdi», – deya qo‘shimcha qildi Ukraina prezidenti. Zelenskiy Ukraina xavfsizlik xizmati rahbari Vasiliy Malyuk bilan uchrashuv o‘tkazib, operatsiyasi yakunlari bo‘yicha hisobotini tinglaganini ma’lum qildi . «Juda ajoyib natijaga erishildi. Ukrainaning mustaqil natijasi. Rejalashtirish boshlanganidan to samarali natijaga qadar 1,5 yil va 9 kun. Eng uzoq muddatli operatsiyamiz. Albatta, hozir hammasini ham ayta olmaymiz, ammo Ukrainaning bu harakatlari tarix darsliklariga kirishi aniq. Operatsiyaga tayyorgarlik ko‘rgan odamlarimiz Rossiya hududidan o‘z vaqtida olib chiqildi. Ukraina o‘zini himoya qilyapti va bu juda to‘g‘ri – biz Rossiyaga bu urushni tugatish zarurligini his qilish uchun hamma narsani qilyapmiz», – dedi Zelenskiy. Aviabazalarga zarbalar Rossiya qo‘shinlarining jangovar qobiliyatlariga qanday ta’sir qiladi? Pavel Aksenov, BBC rus xizmati harbiy sharhlovchisi: Strategik aviatsiya samolyotlariga zarba berish eng samarali usullardan biridir. Bular ochiq maydonda turgan katta nishonlar, ular juda zaif – bunday bombardimonchiga yetkazilgan har qanday zarar uni ishdan chiqarishi deyarli aniq. Ukraina manbalari, OSINT-tadqiqotchilari hamda rossiyalik harbiy blogerlar Tu-95 va Tu-22M3 yo‘q qilingani haqida xabar berishmoqda. Tu-95MS raketa tashuvchisi – bazaviy versiyasi 1950-yillarda yaratilgan, 1980-yillarda seriyali ishlab chiqarilgan bombardimonchi samolyotning eng so‘nggi modifikatsiyasidir, Tu-22M3 ham o‘sha paytlarda qurilgan. Ya’ni bu samolyotlar 30 yildan ortiq vaqtdan beri seriyali ishlab chiqarilmaydi, ular uchun ko‘plab butlovchi qismlar va detallar ishlab chiqarilmaydi. Boshqa samolyotlardan nimadir olish mumkin. Bombardimonchi samolyotlarning shikastlanish darajasini aniqlash qiyin, ammo ular yaqin orada ucha olmasa ham kerak, agar qachondir ucha olsa. Hozircha bloglar va matbuot xabarlarida to‘qqiz raqami bor – go‘yoki ukrainlar aynan shuncha samolyotni yo‘q qilishga muvaffaq bo‘lgan. Bu Rossiya strategik qo‘shinlarining jangovar qobiliyatiga katta ta’sir ko‘rsatishi dargumon. UXX esa Rossiya kosmik-havo kuchlarining yo‘qotishlari ancha ko‘pligi – 40 ta samolyot, jumladan A-50, Tu-95 va Tu-22M3 uchar radarlari yo‘q qilinganini aytmoqda. Bunday yo‘qotishlarni, agar bu haqiqat bo‘lsa, uzoq va strategik aviatsiya uchun haqiqiy falokat deb hisoblash mumkin. Endi aerodromlar kabi nishonlarni qo‘riqlashni kuchaytirishga to‘g‘ri keladi. Qo‘shimcha havo hujumidan mudofaa vositalari, radioelektron himoya tizimlarini joylashtirish, qo‘riqlash xodimlarini ko‘paytirish talab etiladi. Nihoyat, Rossiya blogosferasida ko‘pchilik ancha kattaroq va qimmatroq bo‘lgan boshpanalarni qurishni boshlashga chaqirmoqda. Bularning barini amalga oshirish juda katta mablag‘ sarflashni, shuningdek, katta kuch sarflashni talab qiladi – axir, hozir ko‘rinib turganidek, zarba hatto Sibirda ham berilishi mumkin. Irkutsk oblasti gubernatori Igor Kobzev telegram-kanalida e’lon qilgan videodan skrinshot. Uning yozishicha, videoda Irkutsk oblastining Sredniy posyolkasidagi harbiy qismga dronlar hujumi oqibatlarini ko‘rish mumkin va bu Sibirdagi birinchi hujumdir. Tahlil: Rossiyaning yonayotgan bombardimonchi samolyotlari aks etgan kadrlar – Istanbuldagi Ukraina delegatsiyasining kartalari Svyatoslav Xomenko, BBC korrespondenti: Yaqinda men bilan suhbatda Ukraina hukumatining bir vakili shikoyat qildi: bizning amerikaliklar bilan munosabatlarimizning asosiy muammosi shundaki, ular negadir urushda allaqachon mag‘lub bo‘lganimizni o‘zlariga singdirib olishgan. Modomiki, ular ana shunday shartlardan kelib chiqqan ekan, bizga taslim bo‘lishning eng yumshoq shartlarini qo‘ymoqchi bo‘lishadi va bu sa’y-harakatlarni qadrlamaganimizdan qattiq xafa bo‘ladi. Biz esa, albatta, buni qadrlamaymiz, chunki mag‘lubiyatga uchradik, deb hisoblamaymiz, deb hisoblaydi suhbatdoshim. Menimcha, bu juda muhim so‘zlar, ayniqsa Ukraina-Rossiya muzokaralarining ikkinchi raundi oldidan. Ha, biz go‘yoki Rossiya tomoni tayyorlagan memorandumda aynan nimalar borligini bilmaymiz. Ammo Moskvaning barcha ommaviy ritorikasi u yerda aynan Kiyevning taslim bo‘lish shartlari bo‘lishidan dalolat beradi. Va tunlari Ukrainani larzaga solayotgan rekord darajadagi dron va raketa hujumlari – bu «taklif»ga hamrohlik qiladi. Hammasi yomonligini ko‘rib turibsiz-ku. Imzo cheking, sizda kartalar yo‘q. Siz ham, o‘rtoq amerikaliklar, ularga bosim o‘tkazing, hammasi hal bo‘lganini ko‘rib turibsiz-ku, ma’nosida. Ukraina dronlarining Rossiya strategik aviatsiyasi aerodromlariga hujumi aynan nima hal qilinmaganining yaqqol dalili bo‘lishi kerak. Rossiya harbiy-kosmik kuchlarining yoqib yuborilgan strategik bombardimonchi samolyotlarining fotosuratlari – bu Ukraina delegatsiyasining kartalari. Shuning uchun hozir Kiyev qaysidir ma’noda Rossiya bilan muzokaralarni aynan ertaga o‘tkazishdan manfaatdor – bu xaritalar, ya’ni fotosuratlar hali barchaning yodida ekanida. Va, menimcha, Volodimir Zelenskiy Ukraina delegatsiyasi baribir Istanbulga borishini va unga aynan mudofaa vaziri Umerov boshchilik qilishini, bu fotosuratlar, ya’ni kartalar butun dunyoga namoyish etilgandan keyingina aytgani bejiz emas.","#Ukraina, #dronlar, #aerodromlar"
https://kun.uz/news/category/jahon,Kiyevning Istanbuldagi muzokaralar uchun takliflari ma’lum bo‘ldi,15:45,https://kun.uz/news/2025/06/02/kiyevning-istanbuldagi-muzokaralar-uchun-takliflari-malum-boldi,Reuters Ukrainaning Moskva bilan Istanbuldagi muzokaralari bo‘yicha tinchlik takliflarini e’lon qildi.,https://storage.kun.uz/source/11/kSa97FH-AM6tTXkaj-GNgR1rOzSXIYaF.jpg,"Ukraina delegatsiyasi 2 iyun kuni Istanbulda bo‘lib o‘tadigan muzokaralarda Rossiya tomoniga taqdim etishni rejalashtirayotgan tinchlik takliflari matni ommaga e’lon qilindi. Reuters bu haqda 1 iyun, yakshanba kuni e’lon qildi . Kiyevning fikricha, osmonda, quruqlikda va dengizda to‘liq va so‘zsiz o‘t ochishni to‘xtatish muloqot uchun zaruriy shart bo‘lishi kerak. Ishonchni mustahkamlash uchun barcha noqonuniy ko‘chirilgan ukrainalik bolalarni so‘zsiz qaytarish, harbiy asirlarni «hamma uchun hamma» tamoyili asosida almashish va «Rossiya tomonidan garovga olingan barcha tinch aholini ozod qilish» kerak», deyiladi hujjatda. Ukraina xalqaro hamjamiyatdan ishonchli xavfsizlik kafolatlarini olishi kerak, deya ta’kidlanadi matnda. Kiyevni betaraflikka majburlamaslik kerak, deyiladi Ukraina tomonining takliflarida. U Yevroatlantika hamjamiyatining bir qismi bo‘lish-bo‘lmasligini va YeIga a’zo bo‘lish yo‘lini o‘zi tanlashi mumkin. «Ukraina Qurolli kuchlarining soni, joylashtirilishi va boshqa parametrlari, shuningdek, Ukraina hududiga do‘st xorijiy davlatlar qo‘shinlarini joylashtirish bo‘yicha cheklovlar joriy etishga yo‘l qo‘yilmaydi», — deyiladi hujjatda.","#Ukraina, #Istanbul, #Rossiya"
https://kun.uz/news/category/jahon,Kiyev Rossiya strategik aviatsiyasining 34 foizi zarar ko‘rganini ma’lum qildi,15:03,https://kun.uz/news/2025/06/02/kiyev-rossiya-strategik-aviatsiyasining-34-foizi-zarar-korganini-malum-qildi,"SBU Rossiya strategik aviatsiya samolyotlarining 34 foizini nishonga olganini ma’lum qildi. Rossiya Mudofaa vazirligi hujumlarni tasdiqladi, biroq zarar ko‘rgan samolyotlar sonini ochiqlamadi. Z-bloger ularning sonini 10 dona, nemis mutaxassisi esa samolyotlarning 30-50 foizi atrofida baholayapti.",https://storage.kun.uz/source/11/hPsMuuM9oJqB1jrdfruAMDwZcbbcMa73.jpg,"Ukraina Xavfsizlik xizmati (SBU) Rossiyaning bir qancha mintaqalaridagi aerodromlarga qarshi o‘tkazilgan «Pautina» operatsiyasi davomida Rossiya strategik aviatsiya samolyotlarining 34 foizi shikastlanganini ma’lum qildi. Bu xabar 1 iyun, yakshanba kuni SBU Telegram-kanalida e’lon qilindi. «Rossiyadagi asosiy aerodromlarda strategik qanotli raketa tashuvchilarining 34 foizi shikastlangan», — deyiladi xabarda. Kiyevning hisob-kitoblariga ko‘ra, zarar ko‘rgan samolyotlarning taxminiy umumiy qiymati 7 milliard dollarni tashkil qiladi. Avvalroq SBUdagi DW manbalari Rossiyaning 41 ta samolyoti, jumladan strategik A-50, Tu-95 va Tu-22M3 samolyotlari shikastlangani haqida xabar bergan edi. Ulardan muntazam ravishda Ukraina shaharlariga hujum qilish uchun foydalanilgan, deya ta’kidlaydi Kiyev. DW manbasiga ko‘ra, Irkutsk viloyatidagi Belaya, Ryazan viloyatidagi Dyagilevo, Murmansk viloyatidagi Olenya va Ivanovo viloyatidagi Ivanovo aviabazasiga hujum qilingan. Zarar ko‘rgan samolyotlar haqidagi ma’lumotlarni tasdiqlashning iloji yo‘q. Ijtimoiy tarmoqlarda e’lon qilingan, SBU rahbariyati uchun translatsiya vaqtida olingan kadrlar hujumga uchragan samolyotlar turli darajada zarar ko‘rganini ko‘rsatadi. Ba’zi hollarda dronlar to‘g‘ridan to‘g‘ri fyuzelyajga tegib, portlashga sabab bo‘lgan bo‘lsa, boshqalarida uchish-qo‘nish yo‘lagi yaqinida qulagan va yong‘in samolyotga ham o‘tgan.","#Ukraina, #Rossiya, #dron"
https://kun.uz/news/category/jahon,"G‘azoliklarni o‘qqa tutgan Isroil, Ukrainaning «Pautina» operatsiyasi va Parijdagi tartibsizliklar – kun dayjesti",14:30,https://kun.uz/news/2025/06/02/gazoliklarni-oqqa-tutgan-isroil-ukrainaning-pautina-operatsiyasi-va-parijdagi-tartibsizliklar-kun-dayjesti,,,"O‘tgan kun davomida jahonda ro‘y bergan eng asosiy voqea va yangiliklar sharhi bilan kundalik xabarnomada tanishtiramiz. {Yii::t(} O'tkazib yuborish 6s O'tkazib yuborish Isroil tanklari G‘azodagi yordam tarqatish markazini o‘qqa tutdi: 26 kishi halok bo‘ldi Mahalliy aholi Isroil tanklari G‘azo sektoridagi Rafah shahrida joylashgan gumanitar yordam taqsimlash markaziga qarata o‘t ochganini ma’lum qildi. Guvohlar va shifokorlarning aytishicha, kamida 26 kishi halok bo‘lgan, 150 kishi yaralangan. Rafahdagi jurnalist Muhammad G‘aribning BBC’ga ma’lum qilishicha, tanklar AQSh va Isroil qo‘llab-quvvatlovida ochilgan gumanitar yordam taqsimlash markazi yaqinida minglab falastinliklar to‘planganida o‘t ochishni boshlagan. Mahalliy jurnalist va faollar odamlar halok bo‘layotgani va yaralanganlar eshak aravalarda Qizil Xoch gospitaliga olib ketilayotgani tasvirlangan kadrlarni e’lon qildi. Ta’kidlanishicha, favqulodda xizmat xodimlari o‘qqa tutilgan joyga o‘tib bora olmagan. Muhammad G‘aribning so‘zlariga ko‘ra, tanklar yordam taqsimlash markaziga mahalliy vaqt bilan soat 04:30 larda yaqinlashgan va o‘t ochgan. «O‘ldirilganlar va yaralanganlar uzoq vaqt yerda yotdi. Qutqaruv xizmati bu hududga o‘ta olmadi, u Isroil nazorati ostida. Natijada odamlar eshak aravalarda yaradorlarni dala gospitaliga olib borishga majbur bo‘ldi», — deydi jurnalist. Qizil Xoch shifoxonasi xodimlari 26 kishi halok bo‘lgani va 150 kishi yaralanganini tasdiqladi. Irkutsk oblasti ilk bor dronlar hujumiga uchradi Ukraina Xavfsizlik kuchlari 1 iyun kuni «Pautina» operatsiyasini boshladi. Uning doirasida Rossiyaning 40 dan ortiq harbiy samolyotlari, jumladan, A-50, Tu-95 va Tu-22 M3 strategik bombardimonchilari yakson qilindi. Irkutsk oblasti aholisi dronlar hujumi uyushtirilgani to‘g‘risida xabar berdi. Urush boshlanganidan beri Usolskiy tumani ilk bor uchuvchisiz boshqariladigan apparatlar hujumiga uchradi, deb yozmoqda «Mediazona». Ma’lumotlarga ko‘ra, Sredniy va Novomaltinsk posyolkalari hududlariga zarbalar berilgan. Usolskiy tumanida «Belaya» harbiy aerodromi joylashgan bo‘lib, u yerda Tu-22M3 bombardimonchilari saqlanadi. Ukrainaning «Babel» nashriga ko‘ra, Ukraina Xavfsizlik kuchlari boshlagan «Pautina» operatsiyasi doirasida Rossiyaning 40 dan ortiq harbiy samolyotlarini, jumladan, A-50, Tu-95 va Tu-22 M3 strategik bombardimonchilari yakson qilingan. Ukraina mahalliy nashrlari, ushbu hujum natijasida Rossiya armiyasining, umumiy qiymati 7 milliard dollardan oshadigan 41 ta texnikasi yo‘q qilinganini yozmoqda. Hozircha bu ma’lumotlar rasman tasdiqlanmagan. Belaya havo bazasiga hujum — urush boshlanganidan beri birinchi marta Sibirda amalga oshirilgan dron zarbasidir. Irkutsk oblasti Ukraina bilan urush zonalaridan qariyb 4,5 ming kilometr uzoqlikda joylashgan. Bundan tashqari, Murmansk viloyatidagi Olenya bazasi ham hujumga uchradi — bu Rossiyaning yadroviy qurol tashishga qodir aviatsiyasi joylashgan strategik obektlaridan biridir. Ukraina xavfsizlik xizmati rasmiysiga ko‘ra, Ukraina dronlari Rossiya hududiga yuk mashinalarida yashirincha olib kirilgan va aynan o‘sha mashinalardan uchirilgan. Bu da’vo hozircha tasdiqlanmagan. Rossiya Mudofaa vazirligi esa dronlar aynan havo bazalariga yaqin hududlardan uchirilganini ma’lum qildi. Ukraina prezidenti Vladimir Zelenskiy bu amaliyotga tayyorgarlik bir yarim yil oldin boshlanganini va hujumda qatnashgan kuchlar zarbalar boshlanishidan oldin Rossiyadan olib chiqilganini aytdi. U ularni «mutlaqo a’lo darajadagi natija» deb atadi va qo‘shimcha qildi: «Ukraina o‘zini himoya qilmoqda va bu to‘g‘ri – biz Rossiyani urushni to‘xtatishga majbur qilish uchun barcha choralarni ko‘ryapmiz». Rossiyalik harbiy blogerlar bu hujumlarni havo mudofaasi uchun katta muvaffaqiyatsizlik deb atashdi. «Bugungi kun Rossiyaning uzoq masofali aviatsiyasi uchun qora kun deb ataladi. Va kun hali tugamagan», deydi ulardan biri. Parijda tartibsizliklar yuzaga keldi Yakshanbaga o‘tar kechasi Fransiya politsiyasi Parijda «Pari Sen-Jyermen» futbol klubining Chempionlar ligasi finalidagi g‘alabasini nishonlash to‘qnashuv va tartibsizliklarga aylanib ketganidan keyin 550 dan ortiq kishini qo‘lga oldi. Shanba kuni «Pari Sen-Jyermen» Myunxendagi o‘yinda Milanning «Inter» klubini 5:0 hisobida mag‘lubiyatga uchratdi va o‘z tarixida ilk bor Yevropa klublari futbolidagi eng nufuzli kubok sohibiga aylandi. O‘yinni tomosha qilish va keyin g‘alabani nishonlash uchun Parij markazidagi Yelisey maydonlari va «Pari Sen-Jyermen»ning uy arenasi bo‘lgan «Park de Prens» stadioni yonida 50 mingga yaqin muxlis yig‘ildi. Bayramni nishonlayotgan ba’zi muxlislar mushakbozlik, mashinalarga o‘t qo‘yish va avtobus bekatlarini buzishga kirishdi. Politsiya bilan to‘qnashuvlar boshlandi. Fransiya poytaxti ko‘chalarida 5,4 mingga yaqin politsiyachi bo‘lgan. Hibsga olingan 559 kishining aksariyati tartibsizliklarda, shuningdek, mushakbozlik uyushtirishda gumon qilinmoqda. «Yelisey maydonlarida tartibsizliklar uyushtirishga uringanlar politsiya bilan doimiy ravishda to‘qnashuvlarga kirishgan, katta mushakbozlik va boshqa obektlarni uloqtirishgan», – deyiladi politsiya xabarida. Rasmiylarga ko‘ra, tartibsizliklar chog‘ida kamida 192 kishi, jumladan 22 nafar xavfsizlik xodimi va yetti nafar o‘t o‘chiruvchi jarohatlangan. Politsiya o‘t qo‘yish bilan bog‘liq 692 ta holatni qayd etgan, jumladan 264 ta transport vositasi yoqib yuborilgan. Ikki kishi halok bo‘ldi. Isroil asirlari uchun AQShda o‘tkazilayotgan mitingda olti kishi yaralandi 1 iyun kuni AQShning Kolorado shtatida «Run for their lives» nomli ko‘ngillilar guruhi G‘azodagi isroillik asirlarga bag‘ishlab o‘tkazgan tadbirda sodir bo‘lgan hujumda kamida olti kishi yaralandi. Politsiya 45 yoshli erkak – Muhammad Sabriyni hibsga oldi. FBI bu hodisani «nishonli terror hujumi» sifatida baholamoqda. Al Jazeera nashrining FBI’ga tayanib yozishicha, Sabriy hujum chog‘ida «Free Palestine» («Falastinga ozodlik») deb baqirgan va qo‘lda yasagan olov purkagich qurilmasidan foydalangan. U shuningdek, yaralanib, shifoxonaga olib ketilgan, biroq jarohatlarining holati ochiqlanmagan. Hozircha unga qarshi rasmiy ayblov qo‘yilmagan, ammo rasmiylar uni «to‘liq javobgarlikka tortish» niyatida ekanini bildirdi. Hujum natijasida jabrlanganlar 67 yoshdan 88 yoshgacha bo‘lib, ularga yengil va og‘ir darajada kuyish tashxisi qo‘yilgan. Voqea AQShda Isroil-G‘azo urushi tufayli kuchaygan keskinlik fonida yuz berdi. So‘nggi oylar ichida nafaqat yahudiylarga, balki musulmonlarga nisbatan ham zo‘ravonlik holatlari ko‘paygan. Rossiyada terrorchilar uchun o‘lim jazosini joriy etish taklif qilindi «Adolatli Rossiya — Haqiqat uchun» partiyasi raisi Sergey Mironov Rossiyada terrorchilar uchun o‘lim jazosini joriy etish taklifini ilgari surdi. «Qotil terrorchilar uchun haqiqiy adolatli jazo bu faqat o‘lim bo‘lishi mumkin. Fraksiyamiz bir necha bor terrorchilar hamda ularning sheriklari uchun o‘lim jazosini tiklashni talab qilgan va biz ushbu qarorga erishamiz. Terrorchilik aktini sodir etganlar bilan insonparvarlik o‘ynashni bas qilishimiz kerak», — deydi Mironov. Uning ta’kidlashicha, «dahshatli va noinsoniy harakat» Volodimir Zelenskiy rejimining asl mohiyatini ochib bergan. «Barchamiz bolalarimiz kelajagi haqida gapirishimiz kerak bo‘lgan kunda banderachilar begunoh odamlarga og‘riq-musibat olib keldi», — dedi u. Mironovning fikricha, Zelenskiy rejimi butunlay yo‘q qilinishi, «Ukraina mojarosining asosiy sabablari ildizi quritilishi» va Ukrainaning neytral maqomi ta’minlanishi kerak.",#kun dayjesti
https://kun.uz/news/category/jahon,Lavrov va Rubio Istanbuldagi bo‘lajak muzokaralarni muhokama qildi,14:28,https://kun.uz/news/2025/06/02/lavrov-va-rubio-istanbuldagi-bolajak-muzokaralarni-muhokama-qildi,Rossiya Tashqi ishlar vazirligi va AQSh Davlat departamenti rahbarlari Rossiya va Ukraina o‘rtasidagi to‘g‘ridan to‘g‘ri muzokaralarning ikkinchi raundi arafasida telefon orqali muloqot o‘tkazdi. Vashington Moskvaga barqaror tinchlik muhimligiga ishora qildi.,https://storage.kun.uz/source/11/tyuWn3zjMann3_SiPwEeZhRzsgOhyo0C.jpg,"AQSh davlat kotibi Marko Rubio va Rossiya tashqi ishlar vaziri Sergey Lavrov 1 iyun, yakshanba kuni telefon orqali suhbatlashdi . Rossiya idorasi saytidagi xabarga ko‘ra, siyosatchilar «Ukraina inqirozini siyosiy yo‘l bilan hal qilish bo‘yicha turli tashabbuslar, jumladan, 2 iyun kuni Istanbuldagi Rossiya-Ukraina to‘g‘ridan to‘g‘ri muzokaralarini qayta boshlash rejalari bo‘yicha aniq pozitsiyalarni almashgan». Bundan tashqari, Rubio «1 iyun kuni Bryansk va Kursk viloyatlarida temiryo‘l infratuzilmasi portlatilishi natijasida tinch aholi vakillari qurbon bo‘lgani munosabati bilan hamdardlik bildirdi», — deyiladi Rossiya TIV xabarida. O‘z navbatida, Davlat departamenti matbuot kotibi Temmi Bryus ham telefon suhbati fakti haqida ma’lum qildi. «Davlat kotibi Marko Rubio bugun Rossiya tashqi ishlar vaziri Lavrov bilan Rossiya iltimosiga ko‘ra gaplashdi. Kotib Rubio prezident Trampning Rossiya va Ukraina o‘rtasida mustahkam tinchlikka erishish uchun to‘g‘ridan to‘g‘ri muzokaralarni davom ettirishga chaqirganini yana bir bor ta’kidladi», — deyiladi AQSh Davlat departamenti saytidagi bayonotning to‘liq matnida. Rossiya va Ukraina o‘rtasidagi to‘g‘ridan to‘g‘ri muzokaralar 2 iyun kuni Istanbulda o‘tkazilishi rejalashtirilgan. Har ikki tomon 1 iyun kuni Turkiya megapolisiga muzokaralar o‘tkazish uchun delegatsiyalar jo‘natishini ma’lum qildi.","#Sergey Lavrov, #Istanbul, #Marko Rubio"
https://kun.uz/news/category/jahon,Rossiyada Bryansk va Kurskda ko‘priklar qulashi terakt deb tan olindi,12:20,https://kun.uz/news/2025/06/02/rossiyada-bryansk-va-kurskda-kopriklar-qulashi-terakt-deb-tan-olindi,Qurbonlar va jarohatlanganlar haqida xabarlar bor.,https://storage.kun.uz/source/11/flACbdwooNdhENPRC3ezB7YzYIF7J4a2.jpg,"Rossiya Federatsiyasining Bryansk viloyatida avtomobil ko‘prigining temiryo‘lga qulashi natijasida Moskvaga ketayotgan yo‘lovchi poyezdi relsdan chiqib ketdi. So‘nggi ma’lumotlarga ko‘ra, ko‘prikning temiryo‘lga qulashi oqibatida yetti kishi halok bo‘lgan, 69 kishi jarohatlangan, jumladan, uch nafar bola, deb xabar berdi Bryansk viloyati gubernatori Aleksandr Bogomaz. Bryansk viloyatida ko‘prik portlashi natijasida poyezd relsdan chiqib ketdi. Bu haqda viloyat gubernatori Aleksandr Bogomaz «Rossiya-24» telekanali orqali ma’lum qildi. «Magistral yo‘ldagi ko‘prik Klimov-Moskva poyezdi harakatlanayotganda portlatilgan, uning ichida 388 yo‘lovchi bo‘lgan», — dedi Bogomaz. Bryansk viloyatida ko‘prikning qulashi oqibatida qurbon bo‘lganlar soni 70 nafardan oshdi, deya keyinroq OAVga ma’lum qildi Aleksandr Bogomaz. Bryansk viloyatida Vigonichskiy tumanidagi poyezd halokati munosabati bilan uch kunlik motam e’lon qilindi. Motam 2 iyunda boshlanib, 4 iyunda tugaydi. Bu vaqt davomida butun Bryansk viloyatida Rossiya, viloyatning o‘zi va munitsipalitetlarning bayroqlari tushiriladi. Bryansk viloyatida joylashgan madaniy muassasalar va teleradiokompaniyalar barcha ko‘ngilochar tadbirlar va ko‘ngilochar dasturlarning translatsiyalarini bekor qiladi. 1 iyun, yakshanbaga o‘tar kechasi Kursk viloyatida temiryo‘l ko‘prigi ham qulab tushdi. Hodisa Jyeleznogorsk viloyatida Ostapovo — Mixaylovskiy Rudnik uchastkasida sodir bo‘lgan, o‘sha paytda ko‘prikdan yuk lokomotivi ketayotgan edi. Qayd etilishicha, qulash natijasida uch kishi jarohatlangan: haydovchi va uning ikki yordamchisi o‘rtacha darajada tan jarohati olgan. Lokomotiv relsdan chiqib ketgan va uchta vagon qulab tushgan. Kursk viloyati gubernatori vazifasini bajaruvchi Aleksandr Xinshteynning aytishicha, vagonlar yo‘lga tushib ketgan. «Poyezdning bir qismi ko‘prik ostida joylashgan yo‘lga qulab tushdi. Teplovozda yong‘in sodir bo‘ldi, biroq Favqulodda vaziyatlar vazirligi tezda uni nazoratga oldi», — dedi u. Ko‘prik ostidagi yo‘l yopilgan, voqea joyida barcha favqulodda xizmatlar ishlamoqda. Kursk va Bryansk viloyatlaridagi ko‘priklarning qulashiga portlashlar sabab bo‘lgan. Bu haqda Rossiya Federatsiyasi Tergov qo‘mitasining rasmiy vakili Svetlana Petrenko ma’lum qildi. Uning ta’kidlashicha, 31 may kuni soat 22:50 da Bryansk viloyatida Vigonichi-Pilshino temiryo‘l uchastkasida portlash natijasida avtomobil ko‘prigining konstruksiyasi qulagan. Bundan tashqari, Petrenkoning xabar berishicha, Kursk viloyatining Jyeleznogorsk tumanida 1 iyun kuni ertalab soat 3 larda ham temiryo‘l ko‘prigi portlagan.","#terakt, #ko‘prik, #Bryansk, #Kursk"
https://kun.uz/news/category/jahon,Turkiya va Pokiston razvedka xizmatlari IShID yetakchilaridan birini qo‘lga oldi,11:24,https://kun.uz/news/2025/06/02/turkiya-va-pokiston-razvedka-xizmatlari-ishid-yetakchilaridan-birini-qolga-oldi,Pokiston va Afg‘oniston chegarasida maxsus operatsiya o‘tkazildi.,https://storage.kun.uz/source/11/0OHouM122QHz7v3HiJ0DRgdPWGzt_wbi.jpg,"Turkiya Milliy razvedka tashkiloti va Pokiston Xizmatlararo razvedkasi o‘rtasida o‘tkazilgan mushtarak operatsiya chog‘ida IShID terror tashkiloti yetakchilaridan biri O‘zg‘ur Altun qo‘lga olindi. Bu haqda Turkiya xavfsizlik kuchlaridagi manbalar xabar berdi . Pokiston va Afg‘oniston chegarasida maxsus operatsiya o‘tkazildi. Qo‘lga olingan terrorchi «o‘ta yuqori toifa» bo‘yicha qidiruvga berilgan. Turkiya Milliy razvedka tashkiloti Abu Yaser Al Turkiy shartli nomi bilan ham tanilgan O‘zg‘ur Altun aslida IShIDning yuqori martabali a’zosi ekanligini aniqladi. U guruhning media va logistika tarmoqlarida muhim rol o‘ynagan. U, shuningdek, Turkiya va butun Yevropadagi konsert maydonchalari va boshqa tinch aholi nishonlariga hujum uyushtirishda ayblanmoqda. Turkiya Milliy razvedka tashkiloti Altun faoliyatini kuzatgan hamda u Yevropa va Markaziy Osiyodan Afg‘oniston va Pokiston tomon IShID jangarilarining harakatini muvofiqlashtirgan degan xulosaga kelgan. Razvedka ma’lumotlari almashinuvi chog‘ida Pokistonning Xizmatlararo razvedka boshqarmasi Altunning Afg‘onistondagi mavjudligi va uning Pokistonga o‘tish niyati haqida ma’lumot oldi. Ikki davlat razvedka xizmatlari hamkorlikda o‘tkazgan operatsiya natijasida terrorchi Afg‘oniston-Pokiston chegarasida qo‘lga olindi. Shundan so‘ng u qo‘shimcha tergov o‘tkazish uchun Turkiyaga ekstraditsiya qilindi.","#Turkiya, #IShID, #Pokiston"
https://kun.uz/news/category/jahon,Tramp maxsus vakili HAMASning AQShga javobini «mutlaqo qabul qilib bo‘lmas» deb atadi,11:09,https://kun.uz/news/2025/06/02/tramp-maxsus-vakili-hamasning-aqshga-javobini-mutlaqo-qabul-qilib-bolmas-deb-atadi,Stiv Uitkoff 60 kunlik sulh taklifiga zudlik bilan kelishib olishga chaqirmoqda.,https://storage.kun.uz/source/11/93mmsbEOQjEm0NDhY_hjROhPFEy0gWxv.jpg,"AQSh prezidenti Donald Trampning maxsus vakili Stiv Uitkoffning aytishicha , HAMASning AQShning o‘t ochishni to‘xtatish taklifiga javobi «butunlay qabul qilib bo‘lmas». «Men HAMASning Amerika taklifiga javobini oldim. Uni mutlaqo qabul qilib bo‘lmaydigan va bizni faqat orqaga qaytaradi», deb yozadi Uitkoff ijtimoiy tarmoqdagi rasmiy sahifasida. Uning ta’kidlashicha, tashkilot kelgusi haftada boshlanishi mumkin bo‘lgan bilvosita muzokaralar uchun asos sifatida Qo‘shma Shtatlar tomonidan taqdim etilgan hadli rejani qabul qilishi kerak. Uitkoffning aytishicha, 60 kunlik sulhni ta’minlashning yagona yo‘li bu taklifni ma’qullashdir. Uning qayd etishicha, kelishuv mahkumlarning o‘z oilalariga qaytarish imkonini beradi va barqaror jarayonga poydevor qo‘yadi. Prezident Donald Tramp bir kun avval jurnalistlarga kelishuv 24 soat ichida yoki undan ham tezroq e’lon qilinishi mumkinligini aytdi. HAMAS yozma javobida tashkilot doimiy otashkesim, Isroilning G‘azo sektoridan to‘liq chiqib ketishi va falastinliklarga uzluksiz gumanitar yordam ko‘rsatishga intilayotganini bildirdi.","#Isroil, #G‘azo, #HAMAS"
https://kun.uz/news/category/jahon,Ukraina va Rossiya o‘rtasidagi muzokaralar 2 iyun kuni Istanbulda bo‘lib o‘tadi,10:50,https://kun.uz/news/2025/06/02/ukraina-va-rossiya-ortasidagi-muzokaralar-2-iyun-kuni-istanbulda-bolib-otadi,"Turkiya Tashqi ishlar vazirligi manbalariga ko‘ra, Ukraina va Rossiya delegatsiyalarining uchrashuvi 2 iyun kuni soat 13:00 da Chiragan saroyida bo‘lib o‘tadi.",https://storage.kun.uz/source/11/oUt4tpUUuVTKe9QxgTtBo-18gQmQH-gO.jpg,"2 iyun kuni soat 13:00 da Istanbulda Ukraina va Rossiya delegatsiyalari o‘rtasida muzokaralar bo‘lib o‘tadi . Turkiya Tashqi ishlar vazirligi manbalariga ko‘ra, Ukraina va Rossiya delegatsiyalarining uchrashuvi Chiragan saroyida bo‘lib o‘tadi. Ukraina prezidenti Volodimir Zelenskiy Istanbulda bo‘lib o‘tadigan Rossiya-Ukraina urushini tugatish bo‘yicha tinchlik muzokaralarida qatnashadigan Ukraina delegatsiyasiga mudofaa vaziri Rustem Umerov boshchilik qilishini ma’lum qildi. Rossiya tashqi ishlar vaziri Sergey Lavrov Ukrainaga 2 iyun kuni Istanbulda muzokaralarning yangi bosqichini o‘tkazishni taklif qilganini aytdi. Rossiya delegatsiyasiga Rossiya prezidenti Vladimir Putinning maslahatchisi Vladimir Medinskiy boshchilik qiladi.","#Ukraina, #Istanbul, #Rossiya"
https://kun.uz/news/category/jahon,Mers Netanyahuni G‘azoga yordamni kuchaytirishga chaqirdi,10:17,https://kun.uz/news/2025/06/02/mers-netanyahuni-gazoga-yordamni-kuchaytirishga-chaqiradi,Telefon orqali muloqot chog‘ida Germaniya kansleri Isroil bosh vazirini G‘azo sektoridagi tinch aholiga shoshilinch yordamni faolroq ko‘rsatishga chaqirdi.,https://storage.kun.uz/source/11/Of50xQABwskozIn-BM2P0RzHGplay0U3.jpg,"Germaniya kansleri Fridrix Mers Isroil bosh vaziri Binyamin Netanyahuni G‘azo sektoridagi tinch aholiga faolroq shoshilinch yordam ko‘rsatishga va mintaqada «zudlik bilan yetarli darajada gumanitar yordam yetkazishga va uning xavfsiz taqsimlanishini» ta’minlashga chaqirdi. 1 iyun, yakshanba oqshomida Germaniya hukumatining rasmiy vakili Shtefan Kornelius Berlinda Isroil rahbari bilan telefon orqali muloqoti chog‘ida Germaniya vazirlar mahkamasi rahbari, shuningdek, Isroilning xavfsizligi va yashash huquqi Germaniya davlat doktrinasining bir qismi ekanligini ta’kidladi. Uning so‘zlariga ko‘ra, Mers «HAMAS terrorini» qoralagan. Kansler bu harakat qurollarini tashlashi kerakligini ta’kidlab, yaqin kelajakda barcha garovga olinganlarni ozod qilish va o‘t ochishni to‘xtatish bo‘yicha kelishuvga erishilishiga umid bildirdi. Shu bilan birga, Germaniya vazirlar mahkamasi rahbari «federal hukumat haligacha ikki davlat yaratish bo‘yicha muzokaralar yo‘li bilan yechimni isroilliklar va falastinliklar o‘rtasida tinch-totuv yashash uchun eng yaxshi imkoniyat deb hisoblaydi», deya qo‘shimcha qildi Kornelius. Netanyahuning munosabati haqida xabar berilmagan. «To‘g‘risini aytsam, Isroil armiyasi G‘azo sektorida qanday maqsadni ko‘zlayotganini endi tushunmayapman», dedi Fridrix Mers 26 may kuni Berlindagi Europaforum tadbirida so‘zlagan nutqida. «Tinch aholining so‘nggi kunlarda tobora ko‘proq jabr ko‘rayotganini endi HAMAS terrorizmiga qarshi kurash bilan oqlab bo‘lmaydi», deb ta’kidladi Germaniya kansleri. Isroilning butun G‘azo sektoridagi harakatlariga nisbatan Germaniyaning tanqid darajasiga ishora qilib, u shunday dedi: «Biz buni hozir aniq aytishimiz kerak».","#Isroil, #Fridrix Mers"
https://kun.uz/news/category/iqtisodiyot,"May oyida inflatsiya 1,5 foizgacha tezlashdi. Bunga elektr va gaz narxlarining oshishi katta ta’sir ko‘rsatgan",16:23,https://kun.uz/news/2025/06/02/may-oyida-inflatsiya-15-foizgacha-tezlashdi-bunga-elektr-va-gaz-narxlarining-oshishi-katta-tasir-korsatgan,"Joriy yil may oyida O‘zbekistonda inflatsiya darajasi 1,5 foizni tashkil etib, aprel oyiga nisbatan 0,8 foiz bandga tezlashgan. O‘tgan oyda respublika bo‘yicha elektr energiyasi narxi o‘rtacha 18,8 foizga, tarmoq gaz narxi 39,2 foizga, suyultirilgan gaz narxi 25 foizga qimmatlashgan. O‘z navbatida, qator sabzavotlar va dukkakli mahsulotlar narxida tushish kuzatilgan.",https://storage.kun.uz/source/11/mLG1SQBcexs31vWEgq_RkQSFRjQpmgQ2.jpg,"2025 yilning may oyida O‘zbekistonda inflatsiya darajasi 1,5 foizni tashkil etib, aprel oyiga nisbatan 0,8 foiz bandga tezlashdi. Bu haqda Milliy statistika qo‘mitasi xabar berdi . O‘z navbatida, yillik inflatsiya aprel oyidagi 10,1 foizdan 8,7 foizgacha sekinlashgan. Bu 2024 yilning may oyida energiya narxlarining keskin o‘sishi natijasida paydo bo‘lgan yuqori bazaning umumiy inflatsiyadan chiqib ketishi bilan bog‘liq. O‘tgan oyda Qoraqalpog‘iston Respublikasi, Farg‘ona va Xorazm viloyatlaridagi inflatsiya darajasi respublikadagi o‘rtacha ko‘rsatkichdan baland shakllangan. Yillik nisbatda esa Qashqadaryo, Farg‘ona va Xorazm viloyatlari hamda Toshkent shahrida yuqori inflatsiya kuzatilyapti. Hisobot oyida mavsumiy omillar ta’sirida oziq-ovqat mahsulotlari narxlari 0,8 foizga arzonlashgan bo‘lsa, nooziq-ovqat mahsulotlari narxi 1,7 foizga, xizmatlar narxi 5,9 foizga (kommunal xizmatlar sohasidagi tariflarning qimmatlashishi hisobiga) oshgan. 1 maydan boshlab, aholi iste’moli uchun elektr energiyasi va tarmoq gazining yangilangan tariflari joriy qilingandi. Respublika bo‘yicha elektr energiyasi narxi o‘rtacha 18,8 foizga (salmoq vazni +2,4 foiz, INI o‘sish sur’tiga ta’siri +0,45 foiz f.d), tarmoq gaz esa 39,2 foizga (salmoq vazni +1,5 foiz, INI o‘sish sur’tiga ta’siri +0,6 f.d) oshishi kuzatilgan. Shuningdek, may oyidan maishiy foydalanish uchun suyultirilgan gaz narxi 25 foizga (salmoq vazni 0,5 foiz, INI o‘sish sur’tiga ta’siri + 0,11 f.d) oshdi. Qashqadaryo va Farg‘ona viloyatlarida sovuq suv ta’minoti va kanalizatsiya xizmatlari uchun to‘lovlar qimmatlashgan. Boshqa hududlardagi barqarorlikni hisobga olgan holda, ushbu xizmat turi bo‘yicha oylik inflatsiya 10,2 foiz (INI o‘sish sur’tiga ta’siri +0,10 f.d.) bo‘lgan. Transport bo‘limida narxlarning sezilarli o‘sishiga transport vositalari uchun metan narxining o‘tgan oyga nisbatan 27 foizga (salmoq vazni +1,7 foiz, INI o‘sish sur’tiga ta’siri +0,45 f.d) qimmatlashishi sabab bo‘ldi. May oyida benzin va propan narxlarida 0,1-2,7 foiz oralig‘ida tushish kuzatilgan. Yo‘lovchi tashish xizmatlari bo‘yicha oylik inflatsiya +1 foiz bo‘lgan. Shu jumladan, avtomobil transporti xizmatlari 2,4 foizga, temiryo‘l transporti xizmatlari esa 0,1 foizga qimmatlashgan. Shu qatorda havo transportida yo‘lovchi tashish xizmatlari o‘rtacha 5,4 foizga arzonlashgan. Bu O‘zbekiston havo yo‘llarida ichki qatnovlar uchun ekonom klass tariflarining pasayishi bilan bog‘liq. Oy davomida narxlarning tushishi asosan sabzavotlar, ildizmevalilar va dukkakli mahsulotlarda (-10,7 foiz) kuzatilgan bo‘lib, bu bozorlarda yangi hosil mahsulotlarining ko‘payishi bilan bog‘liq. Shu jumladan, asosiy turdagi sabzavotlardan bodring (-61,1 foiz), pomidor (-27,1 foiz), karam (-14 foiz), kartoshka (-1,9 foiz), piyoz (-1,2 foiz) arzonlashishi kuzatilgan. Shu bilan birga, sabzi narxlarida (+15 foiz) oshish qayd etilgan. Shuningdek, oy davomida o‘simlik yog‘i 4 foizga, shakar 2,2 foizga qimmatlashgan, go‘sht mahsulotlari narxi esa barqarorlashgan. Jumladan, mol go‘shti va qo‘y go‘shti narxlari qimmatlashishi 0,8 foizdan oshmagan, parranda go‘shtida biroz tushish kuzatilgan (0,3-0,5 foiz oralig‘ida). Bundan tashqari, tuxum (-4 foiz), guruch (-0,5 foiz) va xom sut (-0,2 foiz) narxlari ham pasaygan.","#narx, #inflatsiya"
https://kun.uz/news/category/iqtisodiyot,​​​​​​​YouTube monetizatsiyasi o‘zbekistonliklar daromadini yiliga 50 mln dollarga oshirishi mumkin. Bunga nima xalal beryapti?,11:37 / 31.05.2025,https://kun.uz/news/2025/05/31/youtube-monetizatsiyasi-ozbekistonliklar-daromadini-yiliga-50-mln-dollarga-oshirishi-mumkin-bunga-nima-xalal-beryapti,"​​​​​​​Iqtisodiy tadqiqotlar va islohotlar markazi hisob-kitoblariga ko‘ra, YouTube monetizatsiyasining yo‘lga qo‘yilishi O‘zbekiston yalpi ichki mahsulotini 0,05−0,1 foizga oshirishi mumkin. Monetizatsiya natijasida mahalliy blogerlarning daromadi yiliga 30-50 mln dollargacha oshadi. Yangi kontent yaratuvchilar soni ko‘payib, kreativ sanoat rivojlanadi. Bu boradagi mavjud imkoniyatlar va to‘siqlar tahlil qilindi.",https://storage.kun.uz/source/11/luAwT3TDgFI39W5B4lAKPlvK-rtOCB7p.jpg,"Iqtisodiy tadqiqotlar va islohotlar markazi YouTube platformasining O‘zbekistonda reklama daromadlaridan foydalanish (monetizatsiya) xizmati yoqilishining iqtisodiyotga ta’siri va mavjud to‘siqlarini tahlil qildi . YouTube monetizatsiyasining iqtisodiyotga ta’siri YouTube monetizatsiyasi 108 ta davlatda yoqilgan bo‘lib, Markaziy Osiyo davlatlaridan faqat Qozog‘istonda mavjud. Rossiya (sanksiyalar sabab) va Xitoyda xizmat yoqilmagan. Madaniy va kreativ sohadagi mahsulotlarning dunyo yalpi ichki mahsulotidagi o‘rni 3,1 foizni tashkil etadi hamda jahonda ish bilan band aholining 6,2 foizi ushbu sohaga to‘g‘ri keladi. O‘zbekistonda kreativ industriya sohasiga oid 9,6 ming korxonada 84 ming nafar xodim faoliyat ko‘rsatmoqda. Kreativ iqtisodiyotning umumiy iqtisodiyotdagi ulushini 2030 yilgacha 5 foizga yetkazish maqsad qilingan. 2025 yil yanvar oyi holatiga 33,9 mln mobil aloqa foydalanuvchilari, 32,7 mln internet foydalanuvchilari mavjud. Faol ijtimoiy tarmoq foydalanuvchilari 11,7 mln nafar bo‘lib, mobil internet o‘rtacha tezligi 37,82 mb/s, simli (o‘zgarmas) internet tezligi 79,06 mb/s. O‘zbekistonda 2,3 mln Facebook, 11,7 mln Instagram, 2,6 mln TikTok, 250 ming X ijtimoiy tarmog‘i foydalanuvchisi mavjud bo‘lib, veb trafikning 66 foizi Instagram, 13 foizi Pinterest, 8 foizi Facebook, 6,3 foizi YouTube tarmog‘iga sarflanadi. Hozirda O‘zbekistonda oylik faol foydalanuvchilar YouTube'da 13 mln kishini tashkil etadi. Bu ko‘rsatkich Telegram’da 20 mln, Meta (Instagram va Facebook)da 10 mln. ITIM tahlillariga ko‘ra, monetizatsiya xizmati yoqilishi natijasida O‘zbekistonda mahalliy reklama bozori hajmi oshadi. 2024 yilda reklama bozori 2,1 trln so‘m bo‘lib, shundan 29 foizi raqamli reklamaga to‘g‘ri keladi (20 foiz tashqi reklama, 51 foiz telereklamalar). 2023 yilda Qozog‘istonda raqamli reklama bozori hajmi 100 mln dollarga oshgan (+30 foiz). Rossiyada YouTube monetizatsiyasi o‘chirilgandan so‘ng blogerlar 20 mlrd rubl (231 mln dollar) zarar ko‘rishgan. O‘zbekistonda monetizatsiyaning kiritilishi mahalliy kompaniyalar uchun nafaqat YouTube'da reklama olish imkoniyatini ochibgina qolmay, balki blogerlarga daromad olish imkonini ham beradi Hisob-kitoblarga ko‘ra, monetizatsiyaning yo‘lga qo‘yilishi O‘zbekiston yalpi ichki mahsulotini 0,05−0,1 foizga oshirishi mumkin. Qozog‘istonda bu ko‘rsatkich YaIMning 0,1 foizini tashkil qiladi. Monetizatsiya natijasida mahalliy blogerlarning daromadi yiliga 30-50 mln dollarga yetishi mumkin. Yangi kontent yaratuvchilar soni oshib, kreativ sanoat rivojlanadi. Blogerlar va media agentliklar ko‘payib, IT (montaj, video, animatsiya) xizmatlariga talab ortadi, deya qayd etadi ITIM. YouTube monetizatsiyasi uchun asosiy to‘siqlar Shaxsiy ma’lumotlarni saqlashga doir . YouTube monetizatsiyasini yoqish uchun shaxsiy ma’lumotlar bazasini (server) O‘zbekistonda saqlash talabi to‘sqinlik qilishi mumkin. Shaxsga doir ma’lumotlar to‘g‘risidagi qonunga (O‘RQ-547) asosan, O‘zbekiston fuqarolarining shaxsga doir ma’lumotlari jisman respublika hududida joylashgan va ro‘yxatdan o‘tkazilgan texnik vositalar hamda bazalarda saqlanishi shart. Aksariyat xorijiy davlatlarda ham serverlarni mamlakat ichkarisida joylashtirish talabi mavjud bo‘lsa-da, yirik xalqaro IT kompaniyalarga nisbatan talablarni yumshatish va alohida shartnomalar tuzish tajribasi qo‘llangan. Rossiya va Qozog‘istonda shaxsiy ma’lumotlarni mahalliy serverlarda saqlash bo‘yicha qattiq talablar bo‘lsa-da, Google va Meta kabi kompaniyalar bilan murosaga kelib, o‘z serverlarini mamlakat hududida joylashtirish majburiyatini yuklamasdan, shaxsiy ma’lumotlarni himoya qilish bo‘yicha kelishuvlarga erishilgan. Yevropa Ittifoqida mamlakat tashqarisiga ma’lumotni chiqarish Ittifoqning o‘zidagi singari xavfsiz saqlanish sharti bilan ruxsat beriladi. Hindistonda faqat moliyaviy ma’lumotlarni davlat ichida saqlash talabi mavjud. Mahalliy ma’lumotlar markazlarini rivojlantirish va mahalliy serverlar talabini yengillashtirish uchun global bulutli xizmatlar (AVS (AVS), Google Cloud, Microsoft Azure) bilan hamkorlikni kengaytirish talab etiladi (Qozog‘iston tajribasi). YouTube serverlari asosan xalqaro Tier III standartlari asosida ishlaydi. Mualliflik huquqiga doir . Mualliflik huquqi bo‘yicha qonuniy va amaliy nazorat bo‘yicha kamchiliklar YouTube kontent yaratish bozorining rivojlanishiga ta’sir qilishi mumkin. Mualliflik himoyasiga oid bir qator muammolar uchramoqda: o‘g‘irlangan kontentlarni tarqatish keng tarqalgan . Ba’zi kichik telekanallar va blogerlar tomonidan xorijiy filmlar, musiqalar, sport translatsiyalarni ruxsatsiz yuklash holatlari kuzatiladi; kontent mualliflarining asarlari ruxsatsiz nusxalanib, boshqa kanallarda qayta yuklanishi orqali o‘z kontentini himoya qila olmagan mualliflar motivatsiyasiz qoladi; rasmiy litsenziyalangan kontent bozori rivojlanmagan . Masalan, YouTube’dagi musiqalar, filmlar, seriallar uchun rasmiy distribyutorlar yo‘q. Reklama bozorida shaffoflikni ta’minlash uchun reklama faoliyatini kuzatish raqamli monitoring tizimini joriy etish, qonunchilikni xalqaro standartlarga mos ravishda yangilash, jamoatchilik nazoratini kuchaytirish, reklama bozoridagi asosiy ko‘rsatkichlar va statistik ma’lumotlarni ochiq holda e’lon qilish talab etiladi. Xalqaro to‘lov tizimiga doir . Hozirda Visa, Mastercard va Union Pay kabi xalqaro to‘lov tizimlari mavjud bo‘lsa-da, YouTube monetizatsiyasida keng qo‘llanadigan PayPal, Stripe va boshqa xalqaro to‘lov tizimlari O‘zbekistonda rasmiy ishlamaydi. Mamlakatda PayPal faqat chiqim qilish (xarid) uchun ishlaydi, lekin mablag‘ qabul qilish funksiyasi yo‘q. Mahalliy banklar (valuta hisob raqami) orqali xalqaro to‘lovlarni qabul qilish mumkin bo‘lsa-da, ularning konversiya stavkalari va qo‘shimcha cheklovlari mavjud. YouTube monetizatsiyasi O‘zbekistonda qanday hisoblanadi? Hisob-kitoblarga ko‘ra, O‘zbekistonda 26 mingdan ortiq faol videoblogerlar mavjud va ulardan 1000 nafari katta blogerlar (100 mingdan ortiq obunachi), 5000 nafar o‘rta blogerlar (10−100 ming obunachi), 20 ming nafar kichik blogerlar (1−10 ming obunachi). Agar 1000 ta ko‘rish uchun o‘rtacha CPM (reklama to‘lovi) 0,8 –1,4 dollar deb olinadigan bo‘lsa va yillik umumiy ko‘rishlar soni 36 milliardni tashkil etsa, jami daromad 28,8 mln – 50,4 mln oralig‘ida bo‘lishi mumkin. Taqqoslash uchun: AQShda CPM 5 –15, Qozog‘istonda 0,8 – 2 dollar atrofida. Avvalroq, Raqamli texnologiyalar vaziri Sherzod Shermatov O‘zbekistonda YouTube monetizatsiyasi qachon ochilishi haqidagi savolga ko‘proq inglizcha kontent tayyorlash kerakligini aytib javob bergandi . Shermatov bu tilda auditoriyaning ko‘pligi hisobiga monetizatsiya ham juda katta ekanini aytgan. “Siz o‘zbekcha kontent qilib qancha daromad topa olasiz-u, inglizcha kontent tayyorlab qancha daromad topasiz? Shuning uchun tayyor ishlab turgan monetizatsiya mexanizmidan ko‘proq foydalanish kerak”, – degandi vazir.","#YouTube, #daromad, #monetizatsiya"
https://kun.uz/news/category/iqtisodiyot,Yirik soliq to‘lovchilardan davlat budjetiga tushumlar miqdori aytildi,08:40 / 30.05.2025,https://kun.uz/news/2025/05/30/yirik-soliq-tolovchilardan-davlat-budjetiga-tushumlar-miqdori-aytildi,"U umumiy budjet tushumlarining 61,8 foizini tashkil etdi.",https://storage.kun.uz/source/11/EXUYTSm9cTo7cyrOvnU6f9N9tLJbFAdh.jpg,"Samarali soliqqa tortish tizimini shakllantirish va davlat soliq xizmati organlarining batartib ishini ta’minlash O‘zbekistonda olib borilayotgan islohotlar sharoitida alohida ahamiyat kasb etmoqda . Budjet mablag‘larining tushumi asosan yirik soliq to‘lovchilar faoliyatiga bog‘liq. 2024 yil 1 iyuldan korxonalarni yirik soliq to‘lovchilar toifasiga kiritish mezonlarining yangi tahriri kuchga kirdi va xo‘jalik sub’yektlarining yangi ro‘yxati tasdiqlandi. 2024 yilda davlat budjetiga soliq tushumlarining umumiy hajmi 199,6 trln so‘m, yirik soliq to‘lovchilardan tushumlar esa 123,3 trln so‘mga teng bo‘ldi, bu umumiy budjet tushumlarining 61,8 foizini tashkil etadi. Yirik soliq to‘lovchilardan soliq tushumlarining ulushi 2020 yildagi 47 foizdan 2024 yilda 62 foizga o‘zgardi. Ushbu ko‘rsatkich miqdoriy ko‘rsatkich bilan chambarchas bog‘liq, chunki 2021 yilda tushumlar ulushi 1120 ta yirik soliq to‘lovchidan (2024 yilda – 959 ta soliq to‘lovchi) 64 foizgacha o‘sdi.","#budjet, #soliq"
https://kun.uz/news/category/iqtisodiyot,Samarqandda 15 davlat Markaziy banklari rahbarlari moliyaviy inklyuzivlik va “yashil moliya” bo‘yicha muloqot o‘tkazdi,18:41 / 29.05.2025,https://kun.uz/news/2025/05/29/samarqandda-15-davlat-markaziy-banklari-rahbarlari-moliyaviy-inklyuzivlik-va-yashil-moliya-boyicha-muloqot-otkazdi,"Samarqand shahrida 26-28 may kunlari Sharqiy Yevropa va Markaziy Osiyo siyosat tashabbusi (ECAPI)ning 15-yig‘ilishi bo‘lib o‘tdi. Moliyaviy inklyuzivlik bo‘yicha alyans (AFI) tomonidan O‘zbekiston Markaziy banki hamkorligida tashkil etilgan yig‘ilishda 15 ta mamlakatdan davlat regulyatorlari, xalqaro tashkilotlar, rivojlanish institutlari va mutaxassislar ishtirok etib, moliyaviy inklyuzivlik va yashil moliya mavzularini muhokama qilishdi.",https://storage.kun.uz/source/11/lpeYUMcAnAhfrfnsLjkYlVzbss3TVTbP.jpg,"Samarqand 26-28 may kunlari Sharqiy Yevropa va Markaziy Osiyo siyosat tashabbusi (ECAPI)ning 15-yig‘ilishiga mezbonlik qildi. Bu haqda Kun.uz’ga Markaziy bank matbuot xizmati xabar berdi. Yig‘ilishning asosiy maqsadi — moliyaviy inklyuzivlik, barqaror rivojlanish va inklyuziv “yashil moliya” sohalarida mintaqaviy hamkorlikni mustahkamlash, shuningdek, samarali siyosatlarni ishlab chiqish va amalga oshirishda regulyatorlar rolini kuchaytirishdir. Uch kunlik yig‘ilish yo‘nalishi bilim va tajriba almashish, yechimlar ishlab chiqish, “Reguton” shaklidagi amaliy tadqiqotlar va xalqaro tashkilotlar bilan muloqotdan iborat bo‘ldi. Tadbirda O‘zbekiston, Qozog‘iston, Armaniston, Tojikiston, Mongoliya, Shimoliy Makedoniya, Misr, Fiji va boshqa mamlakatlardan 100 nafardan ortiq ishtirokchi qatnashdi. Birinchi kunda kichik va o‘rta biznesni moliyalashtirish masalasi muhokama qilindi. Qatnashchilar KO’B uchun an’anaviy va muqobil moliya manbalari (kraudfanding, faktoring va boshqalar) orqali moliyaviy imkoniyatlarni kengaytirish bo‘yicha tajriba almashdi. Shuningdek, yashil moliya mahsulotlari va moliyaviy savodxonlik, moliyaviy bilimlarning KO‘B va aholi o‘rtasida inklyuziv “yashil moliya”ni (IGF) ilgari surishdagi ahamiyati muhokama qilindi. ECAPIʼning IGF bo‘yicha deklaratsiyasi loyihasini ishlab chiqish doirasida mintaqaviy ustuvorliklarga asoslangan ko‘p tomonlama hujjatni tayyorlash ishlari boshlandi. Tadbirda mamlakatlar raqamli transformatsiya, iste’molchilar huquqlarini himoya qilish va iqlim moliyasi bo‘yicha amalga oshirilayotgan hamda rejalashtirilayotgan tashabbuslarini taqdim etdi. Nutq so‘zlaydiganlar qatorida Misr, Armaniston, Qozog‘iston, Mongoliya, Shimoliy Makedoniya va O‘zbekiston Markaziy banklari vakillari bor. Ikkinchi kun to‘liq “Reguton” — regulyatorlar marafoni shaklida o‘tdi. Unda ishtirokchilar agrosanoat, axborot texnologiyalari, turizm va hunarmandchilik sohalaridagi kichik korxonalarga tashrif buyurib, O‘zbekistonda KO’B bilan moliyaviy muassasalar o‘rtasidagi hamkorlik tajribasini o‘rgandi. Yakunlovchi kun xalqaro moliyaviy institutlar bilan strategik muloqotga bag‘ishlandi. Unda mavjud tashabbuslar ko‘rib chiqilib, moliyaviy inklyuziya va iqlim moliyasi sohalaridagi hamkorlik yo‘nalishlari muhokama qilindi. Mintaqa va O‘zbekiston uchun ahamiyati O‘zbekiston Respublikasi Markaziy banki 2018 yildan beri Moliyaviy inklyuziya bo‘yicha alyans (AFI) a’zosi hisoblanadi. ECAPIʼning 15-yig‘ilishiga O‘zbekiston mezbonlik qilishi mamlakatning mintaqaviy moliyaviy islohotlardagi faol ishtirokini ko‘rsatadi. 2025 yildan boshlab O‘zbekiston Respublikasi Markaziy banki ECAPIʼda raislikni o‘z zimmasiga oladi va mintaqada moliyaviy inklyuziya sohasidagi sa’y-harakatlarni muvofiqlashtirishni davom ettiradi. Ma’lumot uchun: ECAPI a’zo mamlakat va tashkilotlariga O‘zbekiston Respublikasi Markaziy banki, Armaniston Markaziy banki, Qozog‘iston Respublikasi Moliya bozorini rivojlantirish va tartibga solish agentligi (uyushgan a’zo), Mongoliya Moliyaviy nazorat komissiyasi, Shimoliy Makedoniya Respublikasi Milliy banki, Tojikiston Milliy banki kiradi.","#moliya, #Markaziy bank"
https://kun.uz/news/category/iqtisodiyot,UzAuto Motors Malibu sotuvini ochganidan bir soat o‘tmay shartnomalar tugab qoldi,16:42 / 29.05.2025,https://kun.uz/news/2025/05/29/uzauto-motors-malibu-sotuvini-ochganidan-bir-soat-otmay-shartnomalar-tugab-qoldi,"UzAuto Motors Chevrolet Malibu XL avtomobili uchun qayta kontraktatsiya boshlanganini e’lon qilganidan bir soat o‘tmay, shartnomalar tugaganini ma’lum qildi. Bu model kontraktatsiyasi aprel oyi boshida to‘xtatilgandi.",https://storage.kun.uz/source/11/LrbJLHbc7N-F_OyGOgsVcw1TAjESufDY.jpg,"UzAuto Motors kompaniyasi 29 may kuni soat 14:40 da Shevrolet Malibu XL avtomobili uchun kontraktatsiya qayta boshlanganini ma’lum qildi . Kompaniya bugundan boshlab har bir mijoz avtomobilni o‘ziga yoqqan rangda, kerakli modifikatsiyasida tanlash imkoniga egaligini xabar qildi. Lekin oradan bir soat ham o‘tmay, soat 15:22 da barcha shartnomalar yakunlangani ma’lum qilindi . Rasmiy xabarda nechta shartnoma tuzilgani ochiqlanmagan. Ma’lumot uchun, UzAuto Motors Malibu sotuvini aprel oy boshida to‘xtatgandi. “Yangilangan” Malibu XL sotuvi 2023 yil mart oyidan boshlangan. O‘shanda kompaniya 3 xil komplektatsiyada (XL 1LT – 375 mln so‘m; XL 2LT –390 mln so‘m; XL LTZ – 419 mln so‘m) sotuvga chiqarilishini e’lon qilgan . Amalda esa faqat eng qimmat komplektatsiyani xarid qilish mumkin edi. Joriy yil aprel oyida ijtimoiy tarmoqlarda avtovozga ortilgan yangi Malibu-2 avtomobillari videosi tarqalgach, UzAuto Motors bu avtomobillar Xitoydan olib kelinayotganini bildirgandi . UzAuto Motors har bir Malibu-2'ning ustiga 10 ming dollar “mindirib” pullayaptimi?","#Malibu, #avtomobil, #UzAuto Motors"
https://kun.uz/news/category/iqtisodiyot,Dollarning so‘mga nisbatan rasmiy kursi 7 oylik minimumga tushdi,16:34 / 29.05.2025,https://kun.uz/news/2025/05/29/dollarning-somga-nisbatan-rasmiy-kursi-7-oylik-minimumga-tushdi,"O‘zbek so‘mi uch kun ichida AQSh dollariga nisbatan 172 so‘m yoki 1,3 foizga mustahkamlandi. Iqtisodchi Mirkomil Xolboyevga ko‘ra, yil boshidan buyon dunyoda dollar indeksi tushib bormoqda, oltin narxining o‘sishi esa O‘zbekistonga eksportdan valuta tushumlarini ko‘paytirgan, boz ustiga pul o‘tkazmalari ham sezilarli o‘sgan.",https://storage.kun.uz/source/11/qNhJh8TLujx4Qv1oIYnPfXWcq8HGtOnK.jpg,"O‘zbekiston Markaziy banki 30 maydan boshlab xorijiy valutalarning o‘zbek so‘miga nisbatan yangi qiymatini belgiladi . AQSh dollari kursi kunlik savdolar yakuniga ko‘ra yana 62,8 so‘mga o‘z qiymatini yo‘qotdi. Umuman olganda, dollar kursi ketma-ket uchinchi savdo kuni so‘mga nisbatan pasayib, deyarli 172 so‘mga (1,3 foiz) — 12 939,9 so‘mdan 12 768,2 so‘mga arzonlashdi. Bu – 2024 yilning 4 oktyabridan beri qayd etilgan eng past ko‘rsatkich. Yil boshidan buyon milliy valuta AQSh valutasiga nisbatan 1,05 foizga mustahkamlandi. Taqqoslash uchun, 2024 yilning yanvar-may oylarida so‘m 2,5 foizga qadrsizlangan edi. Kun davomida to‘rtta bankda Amerika valutasini 12 835 so‘mdan sotib olish mumkin bo‘ldi. Bu – bir kun oldingi banklardagi minimal sotuv kursidan 55 so‘mga arzon. So‘m nega mustahkamlanyapti? Iqtisodchi Mirkomil Xolboyev so‘m kursining ayni kunlardagi mustahkamlanishiga ta’sir qilayotgan ehtimoliy omillarni sanab o‘tdi . Global tendensiyalar . Tramp AQShda prezident sifatida ish boshlagandan keyin global iqtisodiy barqarorlik bo‘yicha noaniqliklar kuchaydi. Xususan, bir necha bor e’lon qilingan va vaqtincha to‘xtatilgan savdo urushlari, Rossiya–Ukraina mojarosida Rossiya tomonining qo‘llab-quvvatlanilishi (so‘nggi kunlarda bu trend orqaga ketayotgandek) va boshqa ko‘plab noaniqlik yuzaga keldi. Natijada investorlarning AQSh iqtisodiyoti bo‘yicha kutilmalari yomonlashdi. Bu esa fond bozorlari hamda valuta bozoriga o‘z ta’sirini o‘tkazmasdan qolmadi. Xususan, yil boshidan buyon (o‘rtacha emas) dollar indeksi 9 foizdan ko‘proqqa qadrini yo‘qotdi. Ya’ni so‘nggi 4-5 oydagi global tendensiyalardan ko‘rish mumkinki, dollarning umumiy qadrsizlanish tendensiyasi kuzatilyapti. Oltin narxi, tashqi savdo, zaxiralar . Global noaniqliklar sharoitida oltin narxining keskin o‘sishi kuzatildi. Xususan, o‘tgan yilning dekabri bilan taqqoslaganda oltin narxi 24 foizga oshgan. O‘zbekiston esa yirik oltin eksportyori hamda zaxiralarida oltinning o‘rni judayam katta hisoblanadi. Jumladan, oltin narxi o‘sishi fonidan O‘zbekiston zaxiralar hajmi yil boshiga nisbatan qariyb 20 foizga o‘sib, 49,2 mlrd dollarga yetdi. Zaxiralarning o‘sishi o‘z-o‘zidan Markaziy bankka valuta bozoriga ta’sir qilish uchun ko‘proq imkoniyat yaratadi. Shuningdek, qimmat oltin narxi fonida eksport yuqori sur’atlarda o‘smoqda. Joriy yilning 4 oyida eksport hajmi 12 mlrd dollarni tashkil etib, oldingi yilning mos davriga nisbatan 35,1 foizga ko‘paydi. Oltin eksporti esa 62,3 foizga o‘sib, 5,6 mlrd dollarga yetdi. Eksportning bunday yuqori o‘sishi fonida tashqi savdo defitsiti 846 mln dollargacha qisqardi. Yana bir muhim jihat shundaki, so‘nggi uch oyda oylik tashqi savdo profitsitda. Oylik tashqi savdoning profitsitda bo‘lishi esa tabiiyki, milliy valuta uchun qulay shart-sharoitlar yaratadi. Pul o‘tkazmalari . AQSh–Rossiya munosabatlaridagi keskin burilish rublning sezilarli mustahkamlanishiga sabab bo‘ldi. Xususan, Rossiya valutasi fevral, mart oylarida dollarga nisbatan mos ravishda 7,2 hamda 7,6 foizga mustahkamlandi. Rublning mustahkamlanishi esa o‘z navbatida pul o‘tkazmalarining o‘sishini tezlashtirdi. Joriy yilning birinchi choragida pul o‘tkazmalari hajmi 3,3 mlrd dollarni tashkil etib, oldingi yilning mos davriga nisbatan 32 foizga o‘sgan. S&P prognozi. Yuqoridagi omillardan tashqari S&P O‘zbekiston kredit reytingi prognozini “barqaror”dan “ijobiy”ga o‘zgartirdi. Mazkur hodisa ham iqtisodiyot bo‘yicha kutilmalarning yaxshilanishiga xizmat qiladi. Bu ham valuta kursiga ijobiy ta’sir o‘tkazayotgan va o‘tkazishi mumkin. “ So‘nggi ikki kundagi o‘zgarishlarda ayni qaysi omil dominantlik qilayotganini aniq aytish qiyin, lekin katta ehtimol bilan yuqoridagi omil ta’sirida trend shakllanmoqda. Albatta, yaqin kelajakda so‘mning qanday trend bilan harakatlanishini aniq aytish qiyin. Lekin yuqori oltin narxi hisobiga sterilizatsiya uchun shakllangan zaxiralar, global noaniqliklarning davom etayotgani (oltin narxi o‘sishi va dollar indeksining qadrsizlanishi), migrantlarimiz faoliyat yuritayotgan asosiy iqtisodiyotlarda nisbatan yaxshi iqtisodiy sharoit shakllanayotgani hisobiga, menimcha, joriy yil valuta kursi (dollar) oldingi yillar bilan taqqoslaganda nisbatan barqaror shakllansa kerak ”, deya xulosa qilgan Mirkomil Xolboyev. Avvalroq, Xalqaro valuta jamg‘armasi (XVJ) o‘z missiyasi yakuni bo‘yicha Markaziy bankka so‘m bozor sharoitlarini yanada aniqroq aks ettirishi va tashqi zarbalardan himoya qiluvchi samarali vositaga aylanishi uchun valuta kursi tebranishlari oralig‘ini asta-sekin kengaytirishni tavsiya etgandi . S&P prognozlariga ko‘ra , AQSh dollarining so‘mga nisbatan kursi 2025 yil oxirida 13 566,5 so‘m, 2026 yil oxirida 14 244,8 so‘m, 2027 yil oxirida 14 957,1 so‘m, 2028 yil oxirida esa 15 704,9 so‘m bo‘lishi mumkin.","#dollar, #so‘m"
https://kun.uz/news/category/iqtisodiyot,17 ta xorijiy kompaniya O‘zbekistonda ofisini ochishni rejalashtirmoqda,11:45 / 29.05.2025,https://kun.uz/news/2025/05/29/17-ta-xorijiy-kompaniya-ozbekistonda-ofisini-ochishni-rejalashtirmoqda,"Growth Point forumi yakunlariga ko‘ra, 17 ta xorijiy kompaniya O‘zbekistonda o‘z ofislarini ochishni rejalashtirmoqda. Bu haqda Raqamli texnologiyalar vazirligi xabar berdi.",https://storage.kun.uz/source/11/WXetudM1YBZE8uSiLh46ecyb-T_k0ssS.jpg,"Toshkent shahrida Raqamli texnologiyalar vazirligi va IT Park Uzbekistan tomonidan tashkil etilgan xalqaro «Growth Point : O‘zbekiston raqamli biznes uchun» forumi bo‘lib o‘tdi . Uch kunlik tadbir mintaqaning raqamli dunyosi uchun muhim voqeaga aylandi va MDH davlatlari hamda boshqa mintaqalardan yetakchi IT kompaniyalar, BPO sektor vakillari, raqamli agentliklar, gamedev va kreativ studiyalarining 160 dan ortiq vakillarini birlashtirdi. Forum O‘zbekistonning texnologik markaz sifatidagi mavqeyini yana bir bor tasdiqlab, biznesni mahalliylashtirish, eksport va xalqaro hamkorlik uchun yangi imkoniyatlarni ochdi.","#forum, #IT Park"
https://kun.uz/news/category/iqtisodiyot,Elektron soliq hujjatlarini Face-ID yoki barmoq izi yordamida ham tasdiqlash mumkin bo‘ladi,20:56 / 28.05.2025,https://kun.uz/news/2025/05/28/elektron-soliq-hujjatlarini-face-id-yoki-barmoq-izi-yordamida-ham-tasdiqlash-mumkin-boladi,"Senatorlar soliq to‘lovchilar tomonidan ortiqcha to‘langan va ortiqcha undirilgan summalardan nafaqat xuddi shu soliq, balki boshqa soliqlar bo‘yicha ham foydalanish imkonini beruvchi qonunni ma’qulladi. Soliq organiga topshirilgan yozma yoki elektron arizani ko‘rib chiqish muddati ham 15 ish kunidan 3 ish kunigacha qisqartiriladi. Elektron soliq hujjatlarini biometrik identifikatsiyadan foydalangan holda – yuz (Face-ID) yoki barmoq izi orqali tasdiqlash imkoni ham paydo bo‘ladi.",https://storage.kun.uz/source/11/UtXvsOSzNUKilKxSMGHZQcLuhexoFKcl.jpg,"Senatning bugun, 28 may kungi yalpi majlisida “Soliq kodeksiga qo‘shimcha va o‘zgartirishlar kiritish to‘g‘risida”gi qonun loyihasi ko‘rib chiqilib ma’qullandi. Unda bir qator o‘zgarishlar ko‘zda tutilgan. Amaldagi qonunchilikka muvofiq, soliq to‘lovchi tomonidan ortiqcha to‘langan yoki undan ortiqcha undirilgan soliq summasi budjetdan qaytarilar yoki faqat ushbu soliq bo‘yicha kelgusi to‘lovlar uchun hisobga olinishi mumkin edi. Kiritilayotgan o‘zgartirishga asosan endi ortiqcha to‘langan soliq summalarini nafaqat xuddi shu soliq, balki boshqa soliqlar bo‘yicha ham kelgusidagi majburiyatlarga nisbatan qo‘llash mumkin bo‘ladi. Soliq to‘lovchining qarzi bo‘lmagan taqdirda, u soliq organiga yozma yoki elektron ariza bilan murojaat qilishi mumkin, hisob-kitoblar uch ish kuni (hozirda 15) ichida amalga oshiriladi. Shuningdek, elektron soliq hujjatlarini biometrik identifikatsiyadan foydalangan holda – yuz (Face-ID) yoki barmoq izi orqali tasdiqlash imkoni ham paydo bo‘ladi. Hozirda bu elektron raqamli imzo (ERI) yordamida amalga oshiriladi. ERI kaliti sertifikatini berish uchun tadbirkorlik sub’yektlaridan bazaviy hisoblash miqdori (BHM)ning 10 foizi, jismoniy shaxslardan esa 7 foizi miqdorida yig‘im undiriladi. Bu esa o‘z navbatida soliq to‘lovchilarning soliq majburiyatlarini bajarishdagi sarf-xarajatlarining oshishiga sabab bo‘lyapti. Chernobil AESdagi avariya oqibatlarini tugatishda ishtirok etgan fuqarolar yer solig‘ini to‘lashdan ozod etilgandi. Qonunchilikdagi normalarni muvofiqlashtirish maqsadida ushbu toifadagi fuqarolar daromad solig‘idan ham ozod etilishi belgilanyapti.","#soliq, #Soliq kodeksi"
https://kun.uz/news/category/iqtisodiyot,O‘zbekistonda sun’iy intellekt statistika to‘plash uchun odamlarga telefon qiladi,19:53 / 28.05.2025,https://kun.uz/news/2025/05/28/ozbekistonda-suniy-intellekt-statistika-toplash-uchun-odamlarga-telefon-qiladi,"Janubiy Koreya hukumati O‘zbekiston statistika tizimini rivojlantirish uchun 3,8 mln dollar grant ajratdi. Statistika qo‘mitasining Kun.uz'ga ma’lum qilishicha, bu pullar hisobidan CATI tizimi joriy qilinadi. Hozirgi tanlanma kuzatuvlarda xodimlar joyiga chiqib, odamlar bilan intervyu o‘tkazayotgan bo‘lsa, CATI orqali kompyuter avtomatik ravishda aholi vakillaridan telefonda intervyu oladi.",https://storage.kun.uz/source/11/bWUsn-n-MABvlrigI8nrv5O-amehuBry.jpg,"O‘zbekiston Milliy statistika qo‘mitasi va Koreya Respublikasining Statistics Korea idorasi 2025-2028 yillarga mo‘ljallangan “Statistika salohiyatini oshirish” loyihasi doirasida hamkorlik boshladi. Koreya hukumatining rivojlanishga rasmiy yordam dasturi (ODA) doirasida 3,8 million AQSh dollari miqdoridagi grant asosida moliyalashtiriladigan ushbu loyiha O‘zbekistonda statistika tizimini modernizatsiya qilish, raqamli texnologiyalar va xalqaro tajribalarni joriy etishga qaratilgan. Qo‘mita matbuot kotibi Usmon Abdurasulov grant mablag‘lari nimaga ishlatilishi haqida Kun.uz'ga ma’lumot berdi. “Janubiy Koreya tomonidan O‘zbekiston Statistika qo‘mitasiga ajratiladigan 3,8 mln dollarlik grant qaytarilmaydigan mablag‘ hisoblanadi. Bu O‘zbekisoton va Janubiy Koreya o‘rtasida imzolangan hamkorlik kelishuvi doirasida amalga oshirilyapti. Grant mabag‘lari asosiy 4 yo‘nalishga sarflanadi. Birinchisi – kadrlar malakasini oshirish. Bunda xorijiy ekspertlarni jalb qilgan holda xodimlar malakasi oshiriladi. Bundan tashqari, bizning xodimlarimiz Koreyaga borib, malaka oshirish maqsadida o‘quv seminarlariga qatnashishi mumkin. Keyingi yo‘nalishda statistik tadqiqotlar institutida kompyuter va audio qurilmalar bilan jihozlangan zamonaviy o‘quv xonalari tashkil etiladi. Uchinchi yo‘nalish – CATI tizimini joriy etish. Bu orqali telefon yordamida intervyu o‘tkazish tizimi joriy etiladi. Ushbu tanlanma kuzatuvlarni tezkor, aniq amalga oshirish imkonini beradi. Bizda hozir kuzatuv jarayonlarida intervyular olish uchun joyiga chiqiladi, yoki boshqa tanlanma kuzatuvlar obektga chiqib o‘tkaziladi. Sun’iy intellektga asoslangan CATI tizimi orqali odamlarga avtomatik telefon qilib, savollarga javob olinadi. Bu statistik kuzatuvlar uchun vaqt va mablag‘ni tejaydi. To‘rtinchisi – ma’lumotlar integratsiyasi. Statistik ma’lumotlarni beradigan davlat organlari, masalan bojxona, soliq organlaridan ma’lumotlar shakllanadi. Ma’muriy ma’lumotlar bazalarini boshqarish tizimi yaratilib, davlat organlari o‘rtasida ma’lumotlar integratsiyasi ta’minlanadi va statistik tahlillar avtomatlashtirilgan, ishonchli platformalarda amalga oshiriladi”, – dedi Usmon Abdurasulov. Koreya statistikasini rivojlantirish instituti loyiha menejeri Kim Kvangsupning so‘zlariga ko‘ra, Koreya tomoni O‘zbekiston barqaror rivojlanish maqsadlariga erishishida ushbu loyiha orqali o‘z hissasini qo‘shmoqchi.","#Janubiy Koreya, #sun’iy intellekt, #statistika"
https://kun.uz/news/category/iqtisodiyot,"2025 yilning I choragida O‘zbekistonning davlat qarzi 2,2 mlrd dollarga ko‘paydi",15:02 / 27.05.2025,https://kun.uz/news/2025/05/27/2025-yilning-i-choragida-ozbekistonning-davlat-qarzi-22-mlrd-dollarga-kopaydi,"2025 yilning 1 aprel holatiga O‘zbekistonning davlat qarzi 42,4 mlrd dollarga yetdi. Davlat qarzining 35,5 mlrd dollari – tashqi qarz, 6,9 mlrd dollari esa – ichki qarz. Davlat qarzi o‘tgan yilning mos davriga nisbatan 7,1 mlrd dollarga yoki 20 foizga oshgan.",https://storage.kun.uz/source/11/_g5FntNIBiJLepWmsFJTJENg2QQ6BBhT.jpeg,"2025 yilning 1 aprel holatiga O‘zbekistonning davlat qarzi 42 mlrd 431 mln dollarni tashkil etdi. Bu haqda Iqtisodiyot va moliya vazirligi ma’lum qildi . Davlat qarzining 35,55 mlrd dollarini – tashqi qarz, 6,87 mlrd dollarini esa – ichki qarz tashkil etgan. Davlat qarzi o‘tgan yilning mos davriga nisbatan 7 mlrd 82 mln dollarga ko‘paygan. YaIMga nisbatan ulushi ham 1,8 foizga oshib, 31,7 foizdan 33,5 foizga yetgan. Taqqoslash uchun, 2024 yilning 1 aprel holatiga davlat qarzi 35 mlrd 349 mln dollarni tashkil etgan. Bir yil ichida ushbu ko‘rsatkich 20 foizga oshgan. Jalb qilingan qarz mablag‘lari nimaga ishlatilgan? 2024 yil yakuniga ko‘ra, jami davlat tashqi qarzining 45 foizi (15 mlrd 291 mln dollar) budjetni qo‘llab-quvvatlashga, 17 foizi (5,74 mlrd dollar) yoqilg‘i-energetika sohasiga, 8 foizi (2,8 mlrd dollar) transport va transport infratuzilmasiga, 9 foizi qishloq va suv xo‘jaligiga (2,9 mlrd dollar) yo‘naltirilgan. O‘zbekiston kimlardan qarz olgan? Joriy yil 1 yanvar holatiga davlat tashqi qarzining kreditorlar kesimida taqsimlanishi quyidagicha: Jahon banki — 7,6 mlrd dollar; Osiyo taraqqiyot banki — 7,4 mlrd dollar; Xalqaro investorlar (xalqaro yevrobondlar) — 4,1 mlrd dollar; Xitoy moliya tashkilotlari – 3,8 mlrd dollar; Yaponiya moliya tashkilotlari — 2,9 mlrd dollar; Osiyo infratuzilma investitsiyalari banki — 1,6 mlrd dollar; Islom taraqqiyot banki — 944 mln dollar; Fransiya moliya tashkilotlari – 977 mln dollar; Koreya moliya tashkilotlari — 740 mln dollar; Xalqaro valuta jamg‘armasi — 669 mln dollar; Germaniya davlat banki — 415 mln dollar; Yevropa tiklanish va taraqqiyot banki — 341 mln dollar; Boshqa moliyaviy tashkilotlar — 1,9 mlrd dollar. Avvalroq 2024 yil yakuniga ko‘ra, O‘zbekistonning umumiy tashqi qarzi 64,1 mlrd dollarni tashkil qilgani xabar berilgandi . Shundan korporativ tashqi qarz hajmi 30,2 mlrd dollarga teng bo‘lgan. Eslatib o‘tamiz, 2025 yilda jalb qilinadigan tashqi qarzning cheklangan hajmi 5,5 mlrd dollar bo‘lishi kutilyapti. Shundan 3 mlrd dollari davlat budjeti taqchilligini moliyalashtirish uchun, qolgan qismi esa investitsiya loyihalariga yo‘naltiriladi.",#tashqi qarz
https://kun.uz/news/category/iqtisodiyot,Mebel mahsulotlari xomashyosi uchun boj stavkasi 1 foiz etib belgilanadi,12:30 / 27.05.2025,https://kun.uz/news/2025/05/27/mebel-mahsulotlari-xomashyosi-uchun-boj-stavkasi-1-foiz-etib-belgilanadi,"O‘zbekistonda furnitura, aksessuar, bo‘yoq, kley, DSP kabi 14 turdagi xomashyo uchun bojlar 3 yil muddatga 1 foiz etib belgilanadi.",,"O‘zbekistonda furnitura, aksessuar, bo‘yoq, kley, DSP kabi xomashyoga bojlar stavkalari kamaytiriladi. Bu haqda mahalliy sanoatni rivojlantirish bo‘yicha videoselektor yig‘ilishida prezident Shavkat Mirziyoyev ma’lum qildi . Foto: Prezident matbuot xizmati Mebel tannarxida import xomashyo ulushi 50-60 foizni tashkil qilmoqda. Ishlab chiqaruvchilar tannarxni pasaytirish uchun furnitura, aksessuar, bo‘yoq, kley, DSP kabi xomashyoga bojni kamaytirishni so‘ragan. “Milliy mahsulotlarimiz raqobatbardosh bo‘lishi uchun bunga rozilik beraman”, - dedi prezident. Mutasaddilarga 14 turdagi xomashyo, furnitura, aksessuar uchun 3 yil muddatga import bojini 1 foiz etib belgilash bo‘yicha qaror loyihasini kiritish topshirildi. Mebel uchun yog‘och va yog‘och materiallarini markazlashgan holda olib kelish yo‘lga qo‘yiladi.","#Shavkat Mirziyoyev, #videoselektor, #mebel"
https://kun.uz/news/category/iqtisodiyot,O‘zbekiston Xitoyning yirik kompaniyalari bilan 20 dan ortiq kelishuvlar imzoladi,13:15 / 26.05.2025,https://kun.uz/news/2025/05/26/ozbekiston-xitoyning-yirik-kompaniyalari-bilan-20-dan-ortiq-kelishuvlar-imzoladi,Poytaxtda Xitoy Xalq Respublikasining Futszyan provinsiyasi delegatsiyasining O‘zbekistonga tashrifi doirasida investitsiyalar va savdo sohalariga oid qator hujjatlarni imzolash marosimi bo‘lib o‘tdi.,https://storage.kun.uz/source/11/V42St-cRfQD1RekoziPmlaL6J29OGPRM.jpg,"Futszyan provinsiyasi XXRning iqtisodiy rivojlangan hududlaridan biridir. Viloyat yalpi ichki mahsuloti 2024 yilda taxminan 800 milliard dollarni tashkil etdi . Tadbir davomida Xitoyning Xiamen ITG Group, Fujian Xinwancheng Investment, Fujian Sitong Stone Company, Fuzhou Fuqiang Precision kabi yirik kompaniyalari bilan o‘zaro manfaatli hamkorlikni kengaytirishga qaratilgan 20 dan ortiq kelishuvlar imzolandi. Kelishuvlar qurilish materiallari ishlab chiqarish, tog‘-kon sanoati, to‘qimachilik, avtomobilsozlik va boshqa ustuvor yo‘nalishlarni qamrab oldi. Shuningdek, Xorijiy investitsiyalarni qo‘llab-quvvatlash agentligi va Xitoy xalqaro investitsiya va savdo yarmarkasi tashkilotchilari o‘rtasida O‘zbekistonga investorlarni jalb qilish va xorijiy kompaniyalar o‘rtasida yirik sarmoyaviy loyihalarni ilgari surish bo‘yicha hamkorlik to‘g‘risida o‘zaro anglashuv memorandumi imzolandi.","#Xitoy, #investitsiya"
https://kun.uz/news/category/iqtisodiyot,Birjaga chiqariladigan oltin hajmi oshiriladi,12:26 / 26.05.2025,https://kun.uz/news/2025/05/26/birjaga-chiqariladigan-oltin-hajmi-oshiriladi,"Yangi zargarlik markazlari ishga tushgan Toshkent shahri, Andijon va Xorazmda hamda qolgan hududlarda ehtiyojdan kelib chiqib oltin zaxirasi yaratiladi.",https://storage.kun.uz/source/11/TdeVeQ49GK6TJUKZ7Gjq-DVIYCk3OIv9.jpg,"Prezident Shavkat Mirziyoyev raisligida mahalliy sanoatni rivojlantirish bo‘yicha kelgusidagi ustuvor vazifalar yuzasidan videoselektor yig‘ilishi boshlandi . Xorijiy tajriba asosida Yakkasaroy tumani, Andijon va Xivada ishlab chiqaruvchilarga ham, investorlarga ham jozibador zargarlik markazlari ochildi. Bunday markazlar butun respublika bo‘yicha barpo qilinishi belgilandi. Mutasaddilarga joriy yilning o‘zida xomashyo, laboratoriya, o‘quv markazi, shou-rum va do‘konlari bir joyda bo‘lgan yana 6 ta markazni ishga tushirish, xorijiy dizayner va texnologlarni jalb qilib, zargarlarni o‘qitish topshirildi. “Hamma eshitib olsin. Zargarlarning xomashyo bilan bog‘liq birorta muammosi bo‘lmasligi kerak”, - dedi prezident. Shu maqsadda bu yil birjaga chiqariladigan oltin hajmi 6 tonnadan 8 tonnaga oshiriladi. Yangi zargarlik markazlari ishga tushgan Toshkent shahri, Andijon va Xorazmda, bu yil bunday markazlar ochilishi reja qilingan Buxoro, Namangan, Samarqand va Farg‘ona viloyatlarida hamda qolgan hududlarda ehtiyojdan kelib chiqib oltin zaxirasi yaratiladi.","#birja, #Shavkat Mirziyoyev, #oltin, #videoselektor, #zargarlik"
https://kun.uz/news/category/iqtisodiyot,Yakka tadbirkorlarga tilla buyumlari bilan savdo qilishga ruxsat beriladi,12:18 / 26.05.2025,https://kun.uz/news/2025/05/26/yakka-tadbirkorlarga-tilla-buyumlari-bilan-savdo-qilishga-ruxsat-beriladi,"Zargarlikda milliy brend yaratish uchun xorijdan dizayner, texnolog, qimmatbaho toshlar bilan ishlaydigan gemmologlarni olib kelish xarajati bir qismi qoplanadi.",https://storage.kun.uz/source/11/pMnPqkgRs9GZIn8nrWLo_6vjArxPhAcH.jpg,"Prezident Shavkat Mirziyoyev raisligida mahalliy sanoatni rivojlantirish bo‘yicha kelgusidagi ustuvor vazifalar yuzasidan videoselektor yig‘ilishi boshlandi . 2024 yilda zargarlikda ishlab chiqarish 200 million dollardan oshdi, eksport 17 foizga o‘sib, 92 million dollarga yetdi. Shu bilan birga, mamlakatda yiliga 100 tonnadan ziyod oltin qazib olinayotgani bilan imkoniyatlarning o‘ndan biri ham ishga solinmayotgani qayd etildi. Sohada “xufiyona” iqtisodiyot ulushi  yuqori ekani ko‘rsatib o‘tildi. Yiliga 550-600 million dollarlik buyumlar norasmiy tilla bozorlarida aylanmoqda. Yoki, mustaqil izlovchilar 2020 yilda 40 kilogramm oltin topshirgan bo‘lsa, o‘tgan yili bu 100 karra kamaygan. Yig‘ilishda sohani “soya”dan chiqarish uchun yakka tadbirkorlarga ham tilla buyumlari bilan savdo qilishga ruxsat berish, zargarlikda milliy brend yaratish uchun xorijdan dizayner, texnolog, qimmatbaho toshlar bilan ishlaydigan gemmologlarni olib kelish xarajatining bir qismini qoplash bo‘yicha takliflar bildirildi. Davlat rahbari ushbu takliflarni ma’qulladi.","#Shavkat Mirziyoyev, #videoselektor, #zargarlik"
https://kun.uz/news/category/iqtisodiyot,Britaniya bozorlariga O‘zbekistonda yetishtirilgan gilos yetkazib berildi,11:50 / 26.05.2025,https://kun.uz/news/2025/05/26/britaniya-bozorlariga-ozbekistonda-yetishtirilgan-gilos-yetkazib-berildi,O‘zbekiston mahsuloti Britaniyaning yetakchi savdo tarmoqlari orqali sotiladi.,https://storage.kun.uz/source/11/TLRPRljFdyURMORQk52yGQcxCc5b0D9t.jpg,"O‘zbekiston gilosining dastlabki partiyasi Uzbekistan Airways aviakompaniyasining ""Toshkent–London"" yo‘nalishidagi aviareysi orqali Buyuk Britaniyaga yetkazib berildi . O‘zbekiston mahsuloti Britaniyaning yetakchi savdo tarmoqlari orqali sotiladi. Hozirgi kunda O‘zbekiston korxonalari tomonidan Britaniya bozorlariga 30 xildan ortiq turdagi tovarlarning (uzum, quritilgan va konservalangan meva hamda sabzavotlar, yong‘oq, qovun va dukkakli mahsulotlar) eksporti amalga oshirilmoqda.","#Buyuk Britaniya, #gilos"
https://kun.uz/news/category/jamiyat,“Asialuxe Travel” Qurbon hayiti sharafiga aksiya e’lon qildi – 50% gacha chegirma,17:00,https://kun.uz/news/2025/06/02/asialuxe-travel-qurbon-hayiti-sharafiga-aksiya-elon-qildi-50-gacha-chegirma,Muqaddas Qurbon hayiti bayrami arafasida “Asialuxe Travel” turoperatori mijozlar uchun dam olishni yanada hamyonbop va yoqimli qilish maqsadida maxsus aksiya boshladi.,https://storage.kun.uz/source/11/n-2b-yTaohvTwEB0s2MuF_DAsN28IFVO.jpg,"Faqat 2 va 3 iyun kunlari; 50% gacha chegirmalar; Mamlakat bo‘ylab barcha turistik agentliklarda. Mashhur yo‘nalishlar super narxlarda: Antaliya; Bodrum; Marmaris; Fetxiye; Alaniya; Hurgada; Sharm-el-Sheyx; Karlovi Vari. Aksiyaning eng asosiy jihati — u butun mamlakat bo‘ylab “Asialuxe Travel” bilan hamkorlik qiladigan barcha turistik agentliklarda amal qiladi. Siz turni qayerda band qilishingizning ahamiyati yo‘q — poytaxtda, mamlakatning boshqa hududlarida yoki onlayn — bayramona shartlar hamma joyda amal qiladi. “Qurbon hayiti — bu iliqlik va saxovat vaqti. Biz imkon qadar ko‘proq odamlar hamyonbop narxlarda munosib dam olishga borishini xohlaymiz”, – deyiladi kompaniya matbuot xizmatining xabarida. Taklifdan foydalanishga ulguring: aksiya faqat 2 va 3 iyun kunlari amal qiladi. Turni 1111 qisqa raqami orqali, saytda , ilovada , “Asialuxe Travel” ofislarida va mamlakatdagi barcha turistik agentliklarda band qilishingiz mumkin. 24/7 aloqa markazi: 1111 Sayt: asialuxe.uz Facebook: fb.com/asia.luxe.travel Instagram: @asialuxe.travel Telegram: t.me/Asialuxe Reklama huquqi asosida",#Asialuxe Travel
https://kun.uz/news/category/jamiyat,"Ko‘p qavatli uylarda 1,5 mlrd so‘mlik gazdan noqonuniy foydalanish holati aniqlandi",16:05,https://kun.uz/news/2025/06/02/kop-qavatli-uylarda-15-mlrd-somlik-gazdan-noqonuniy-foydalanish-holati-aniqlandi,"Surxondaryo viloyatida ko‘p qavatli turar joy binolarida 1,5 mlrd so‘mlik tabiiy gazdan noqonuniy foydalanish holati aniqlandi.",https://storage.kun.uz/source/11/LrzmDVa225wwYAoLrOK5E2kRp3hW7hpD.jpg,"«O‘zenergoinspeksiya» Surxondaryo viloyat hududiy boshqarmasi va huquqni muhofaza qiluvchi organlar ishtirokida nazorat tadbiri o‘tkazildi . Unda, «M.D.» MChJ tomonidan Jarqo‘rg‘on tumani Qorayontog‘ mahallasida joylashgan 5 ta ko‘p qavatli uy loyiha-texnik hujjatlarini rasmiylashtirmasdan gaz tarmog‘iga ulanib foydalangani aniqlandi. Ushbu qoidabuzarlik natijasida, dastlabki hisob-kitoblarga ko‘ra, gaz ta’minoti korxonasiga 1 milliard 556 million so‘mlik zarar yetkazilgani ma’lum bo‘ldi. Hozirda huquqni muhofaza qilish organlari tomonidan tergovga qadar tekshiruv ishlari olib borilmoqda.","#gaz, #O‘zenergoinspeksiya, #Surxondaryo viloyati"
https://kun.uz/news/category/jamiyat,Farg‘onada bank mas’ullari va hokim yordamchilarining qing‘ir ishlari aniqlandi,08:00,https://kun.uz/news/2025/06/02/fargonada-bank-masullari-va-hokim-yordamchilarining-qingir-ishlari-aniqlandi,"Xalq bankining O‘zbekiston bank xizmatlari markazida ishlovchi mahalla bankiri mazkur markaz boshqaruvchisi o‘rinbosari bilan o‘zaro til biriktirib, 2 nafar fuqaro nomiga 66 mln so‘m kredit ajratib berish evaziga 10 mln so‘m talab qiladi.",https://storage.kun.uz/source/11/_j9mf7y_7h7-jsrjsOu_7N_5eNPR8G6M.jpg,"DXX va IJQKD xodimlari hamkorligida o‘tkazilgan tezkor tadbirda mahalla bankiri so‘ralgan pul mablag‘ini olgan vaqtida ashyoviy dalillar bilan ushlandi . Tergovga qadar tekshiruv davomida, u kredit ajratib berish uchun muqaddam 600 ming so‘m, bank boshqaruvchisi o‘rinbosari esa 920 ming so‘m olganligi aniqlandi. Shuningdek, “Xalq banki” O‘zbekiston BXM mansabdor shaxslari, O‘zbekiston tumanidagi mahalla fuqarolar yig‘inlaridagi 2 nafar hokim yordamchisi va ulgurji savdoga ixtisoslashgan MChJ rahbari soxta hujjatlar asosida boshqa fuqarolar nomiga 153 mln so‘m miqdorida maqsadsiz kredit ajratilishiga erishib, ularni naqdlashtirib, talon-toroj qilganliklari ham ma’lum bo‘ldi. Hozirda mazkur shaxslarga nisbatan Jinoyat kodeksining 168-moddasi 3-qismi “v” bandi bilan jinoyat ishi qo‘zg‘atilib, tergov harakatlari olib borilmoqda. BXM boshqaruvchisi o‘rinbosari 2000 va 2015 yillarda Jinoyat kodeksining 168-moddasi 1-qismi va 211-moddasi 1-qismi bilan sudlangan.","#Farg‘ona, #bank, #hokim yordamchisi"
https://kun.uz/news/category/jamiyat,“Saviyasiz millat o‘zini o‘zi yo‘q qiladi” – Qozoqboy Yo‘ldoshev,15:21 / 01.06.2025,https://kun.uz/news/2025/06/01/saviyasiz-millat-ozini-ozi-yoq-qiladi-qozoqboy-yoldoshev,,,"Kun podkastiʼning bu galgi sonida pedagogika fanlari doktori, professor Qozoqboy Yo‘ldoshev bilan suhbat tayyorlandi. Professor bilan o‘zbek adabiyotining bugungi holati, orzularimizning naqadar kichrayib ketgani, o‘zbek tilini o‘zimizdan himoya qilish, kitob o‘qimaslik qanday oqibatlarga olib borishi, kino, teatr va jurnalistikamizning ayni darajasi adabiyot rivojiga to‘siq bo‘lishi, qolaversa, kitobxonlikni targ‘ib etuvchi tanlovlarning ahamiyati va boshqa masalalarda podkast shaklida ko‘rsatuv tayyorladik. {Yii::t(} O'tkazib yuborish 6s O'tkazib yuborish Adabiyot bir jamiyatning tarixi, buguni, kelajagi o‘laroq yashaydi va bugungi kungacha adabiyot garchi biz unga ta’sir eta olmaydigan darajada bo‘lsak ham, ya’ni yaxshi ma’noda rivojlantira olmaydigan bo‘lsak ham, bir joyda to‘xtab qolmaydi va u ketaveradi. U millat qalbidagi o‘y-hislarini bir zamondan boshqa bir zamonga ko‘chirib boraveradi. Lekin bugungi kunda biz o‘zimizning haqiqatda adabiyotga mehrli ekanimizni ko‘rsata olyapmizmi yoki o‘zimizni adabiyotni shunchaki o‘qigandek qilib ko‘rsatib beryapmizmi, Qozoqboy aka? – Endi savol ancha o‘ylashga majbur qiladiganroq savol bo‘ldi. Adabiyot shunday hodisaki, u lahzani mangulikka muhrlaydi. Deylik, ijodkorning ko‘nglini bezovta qilgan, ijodkorning tuyg‘ularini muvozanatdan chiqargan u yoki bu hayotiy bir tuyg‘u o‘sha iste’dodli odamning mahorati bilan hech qachon eskirmaydigan yo‘sinda muhrlab qo‘yiladi. Hech qachon unutilmaydigan yo‘sinda. Shunisi bilan adabiyot, yaxshi ta’kidladingiz, u o‘tmishda qanday xizmat qilgan bo‘lsa, bugun ham, ertaga ham eskirmaydi va o‘sha xizmatini qilaveradi. Mana u “Oh urarman, oh urarman, ohlarim tutgay seni, Ko‘z yoshim daryo bo‘lib, baliqlar yutgay seni”. Tasvirning nozikligi, mubolag‘aning qudrati va tuyg‘ularining samimiyligiga qoyil qolasiz. Ha, endi bugun afsuski, adabiyot degan hodisa o‘qigan odam uchungina bor. O‘qimagan odam uchun adabiyot yo‘q. Va bugun jamiyatning juda katta qismi o‘zi yaratilayotgan badiiy asarlardan xabari yo‘q, o‘qishga o‘zida kuch topa olmaydi. “Adabiyotimiz o‘lgan, adabiyotimiz tanazzulni boshidan kechiryapti, kechagi adabiyot qayoqqa ketib qoldi?” deganday ayblovlarni qo‘yadi-da, holbuki u o‘zidan xabari yo‘q. Pasternak degan rusning katta yozuvchisi aytadi: “Katta o‘quvchi bo‘lmagan joyda katta adabiyot bo‘lmaydi” deydi. Bu juda shunchaki chiroyli aytib qo‘yilgan gap emas, bu haqiqat. Endi bu bilan nima demoqchiman? Demoqchimanki, adabiyotga talab qo‘yishdan oldin, adabiyotga ayb taqashdan oldin uning darajasidan xabardor bo‘lish kerak. Shundagina sening aytgan gapingda salmoq bo‘ladi. O‘zi xabardor bo‘lmagan hodisa haqida xulosa chiqarishdan odam tortinishi kerak. Pasternakning ham yaxshi fikrini aytib o‘tdingiz. Endi xayolimga bir fikr keldi. Mana shu adabiyotga bo‘lgan bir tomonlama e’tiborsizlik nimaga ishora qilyapti? Kelajakdagi qanaqa xavflardan xabar beryapti? – Yaxshi bir fakt esimga tushdi. Amerikada turma qurish eng yaxshi samarali biznes hisoblanar ekan. Shuning uchun o‘sha biznesmenlar tomonidan 11-15 yoshli o‘smirlar o‘rtasida har yili so‘rovnoma o‘tkazilar ekan. Agar million boladan so‘rov o‘tkazilgan bo‘lsa, shuning qanchasi “badiiy asar o‘qimayman” desa, shuncha miqdorda qamoqxona qurilar ekan. Bu bog‘liqlikka e’tibor qilyapsizmi? Ya’ni bugun badiiy asar bilan shug‘ullanmagan odamlardan, o‘qimaydigan odamlardan potensial jinoyatchi chiqadi va turmani o‘shalarning miqdoriga qarab to‘ldirishimiz kerak, degan xulosaga kelishar ekan. Demak bugun bizning o‘zbek millatiga judayam xos bo‘lmagan ko‘p xususiyatlarning, illatlarning paydo bo‘lishiga sabab ana shu biz ildizimizdan uzilib boryapmiz. Chinakam milliy ruhoniy ildiz adabiyot va tilda saqlanadi va o‘zbek o‘zini uning badiiy adabiyotida ko‘radi. Ana shu badiiy adabiyotida ko‘rmagan, boshqa o‘zbekning ruhiy dunyosi qanday unsurlardan, tizim va tag tizimlardan iboratligini bilmagan odam o‘zi istamagan holda potensial jinoyatchi bo‘laveradi. O‘shanga qarab, stixiyali tarzda shu tomonga qarab boraveradi. Chunki odamni nojoiz, kelishimsiz xatti-harakatlardan tiyib turadigan qudrat bu ma’naviy dunyodir. Ezgu ma’naviy sifatlardir. Adabiyotning qudrati shundaki, u yaxshi bo‘linglar, yaxshi bo‘lsalaring yaxshi bo‘ladi, degan nasihat bilan emas, balki yomonlikning yomon ekanini ko‘rsatib qo‘yish bilan, yaxshilikning yaxshi ekanini ko‘rsatib qo‘yish bilan tarbiyalaydi. U kitobni o‘qish bilan odam birdaniga yaxshi bo‘lib qolishi juda qiyindir. Lekin o‘zi xatti-harakat qilayotgan vaqtda, o‘sha birovlarning siymosida, birovlarning obrazida ko‘rgan yaxshilikni o‘ziga singdirsa, yomonlikdan tiyilmoqchi, tiyilmoqqa chorlaydiki, adabiyotning kuchi shunda. Atrofimiz bugun gadjetlar, zamonaviy texnologiyalar bilan o‘ralgan, bizning o‘rnimizda qaysidir ma’noda sun’iy intellekt fikrlab beryapti va bunga monand tarzda biz rivojlanishimiz o‘rniga, aksincha, biz ularga suyanib qolyapmiz-da, ya’ni sun’iy intellektlar, texnologiyalar insonni qay darajada qoloq qilib qo‘ya oladi? Men endi bu fikrni unchalik ham qo‘llamagan bo‘lar edim, chunki o‘zi aslida o‘sha boyagi sun’iy intellektdan foydalanishning, foydalana bilishning o‘zi uchun ham odam muayyan darajada rivojlangan bo‘lishi kerak. To‘g‘ri aytyapsiz, lekin bizning qoloqligimizga texnologiyalar, axborot to‘rlari sabab emas, balki aslida o‘sha sun’iy intellektni ham odamning intellekti undan balandroq bo‘lib, uni o‘zining ortidan ergashtirishi kerak. Biz endi hozir agar shu ketishda ketsak, sizning gapingizdan kelib chiqadigan ma’no, bu millat sun’iy intellektning yetovida qolib ketadigan bo‘lib qoladi. Biz hali u texnologiyalarning Xudo biladi, bir 100 ming imkoniyatidan nechtasidan foydalanayotgan ekanmiz, lekin texnologiyalar haddan tashqari takomillashgan, deylik, Amerikaday, Yaponiyaday, Xitoyday, mana bu kun botish mamlakatlaridagiday joylarda shu kishi boshiga chiqayotgan badiiy asarlarning miqdori, keyin adabiy, adabiy ommaviy jurnallarning miqdori, gazetalar miqdori, oy bitiklarining miqdori avvalgi zamonlardan oshsa oshdiki, kamaygani yo‘q. Faqat bu bizning yalqovligimiz tufayli va bir 25-30 yillar davomida o‘qigan, bilimli odamlardan ko‘ra o‘qimagan, lekin uddali odamlar e’tiborda bo‘lgani uchun o‘qimaslik bir milliy belgiga aylanib qoldi. Bu dunyoda yaxshi yashash uchun boshni qotirib o‘qib o‘tirish shart emas ekan, deydigan katta bir avlod shakllandi. Chinakam bilim odamning orzularini to‘xtovsiz ravishda yuksaltiradi. Orzular moddiy chegaralardan balandroq bo‘ladi. Kattaroq orzular, nomus degan, sha’n degan, e’tirof degan tuyg‘ularni yuzaga chiqaradi. Bizning orzularimiz pasayib qoldi. Omon Matjon bundan bir 50 yillar oldin “orzulari bo‘yidan past” deb yozgan edi. Shu orzularimiz deylik anavi qorin to‘ydirish, yaxshi kiyim kiyish, mashina minish, uy solishdan balandroqqa chiqish kerak bo‘ladi. Bir odamning ichki dunyosini yuksaltiradigan, odamning, shaxsning boshqa shaxslar tomonidan e’tirofiga sabab bo‘ladigan, ana shunday yuksak orzulari bo‘lmagani uchun nihoyatda katta mansablarda turgan odamlar faqat nima qilib bo‘lsa ham boylik to‘plasam degan darajaga tushib qoladi. Holbuki ular millatning bugungi bosqichi meni ana shunday yuksak bir lavozimlarga chiqardi, deb o‘ylashi kerak edi. Bu dunyoda bunday imkoniyat, 40 million odamning ichidan menga nasib qildi. Men ana shunday bir esda qoladigan, millatga bir foyda keltiradigan ishlar qilishim kerak, deyishning o‘rniga nima qilib bo‘lsa ham ko‘proq, kattaroq bir moddiy boylikka intilishim kerak deb o‘ylay boshladi. Chunki orzu shu bilan tugadi. Yana bir narsa borki shuni men nima bilan tushuntirish, izohlash mumkin ekanini hech o‘ylab topa olmayman. Uyida har hafta bo‘lmaganda ikki marta osh qiladigan o‘zbek qayerdadir tekin osh tarqatilyapti desa, shaharning u chetidan bu chetiga kelib, talashib, bir-birini yakson qilib osh yemoqchi bo‘lishini tushunolmayman, biz uchun hech bir qiziq narsa emas-ku tekin osh yeyish. Demak, mana shu ichimizdagi o‘sha ma’naviy borliq qashshoqlashib ketadi. Tizimlarni, ma’naviy unsurlarni bir tozalash kerak bo‘ladi-da. Nima qilyapman o‘zi, deb savol qo‘ya bilish kerak. Mening har bitta xatti-harakatim nimaga olib boradi, demak endi, katta maqsadlar qo‘ymoq uchun, katta orzular qilmoq uchun, katta yuksak xayollar parvoziga erishmoq uchun, yuksak darajadagi adabiyot bilan oshno bo‘lish kerak. To‘liq suhbatni Kun podkasti Youtube kanalida tomosha qilishingiz mumkin.","#Qozoqboy Yo‘ldoshev, #Kun podkasti"
https://kun.uz/news/category/jamiyat,«Milliy tibbiyot texnikumi» da kasbiy ta’lim berish va diplom taqdim qilish huquqi yo‘q - Vazirlik,20:37 / 31.05.2025,https://kun.uz/news/2025/05/31/milliy-tibbiyot-texnikumi-da-kasbiy-talim-berish-va-diplom-taqdim-qilish-huquqi-yoq-vazirlik,,,"Oliy ta’lim, fan va innovatsiyalar vazirligi «Sino tibbiyot bilim yurti» («Milliy tibbiyot texnikumi» MChJ) nomi ostida faoliyat yuritayotgan muassasa litsenziyasiz tarzda abituriyentlarni o‘qishga qabul qilayotgani haqidagi xabarlar yuzasidan rasmiy ma’lumot berdi. Unda mazkur muassasa o‘quvchilarga diplom taqdim etish huquqiga ega emasligi qayd etilgan. «„Sino tibbiyot texnikumi“ MChJ professional ta’lim xizmatlarini ko‘rsatish uchun 217206-sonli litsenziyaga ega bo‘lib, mazkur litsenziyaga asosan Farg‘ona viloyati, Farg‘ona shahri, „Shodiyona“ MFY, Sohibqiron Temur ko‘chasi, 245-uyda faoliyat yuritmoqda hamda «Milliy tibbiyot texnikumi» MChJ da professional ta’lim xizmatlarini ko‘rsatish uchun litsenziyasi mavjud emas. Yuqoridagilardan kelib chiqqan holda, Xorazm viloyati, Urganch shahri, „Ko‘hna qal’a“ MFY, Tinchlik ko‘chasi 29-uy manzilida faoliyat yuritayotgan tegishli litsenziyaga ega bo‘lmagan „Milliy tibbiyot texnikumi“ MChJ kasbiy ta’lim berish va tahsil olgan o‘quvchilarga diplom taqdim etish huquqiga ega emas», – deyiladi munosabatda. Avvalroq ijtimoiy tarmoqlarda Xorazm viloyati Urganch shahrida nodavlat tibbiyot texnikumi litsenziya olmasdan faoliyat ko‘rsatgani haqida mahalliy bloger tayyorlagan video tarqalgandi. Unda bloger «Sino tibbiyot bilim yurti» yoki «Milliy tibbiyot texnikumi» MChJ nomi ostida faoliyat yuritayotgan muassasa litsenziyasiz tarzda abituriyentlarni o‘qishga qabul qilayotgani haqida fikr bildirgan. Bloger keyingi videosida Oliy ta’lim, fan va innovatsiyalar vazirligi mas’ullaridan javob xati olganini aytib, mazkur hujjatda litsenziyaga ega bo‘lmasdan targ‘ibot olib borgan ayrim muassasalar ogohlantirilgani qayd etilganini ma’lum qilgan.",#Milliy tibbiyot texnikumi
https://kun.uz/news/category/jamiyat,Toshkentda yo‘lbo‘yi pulli avtoturargohlar ishga tushdi. Aholi qanday fikrda?,19:29 / 31.05.2025,https://kun.uz/news/2025/05/31/toshkentda-yolboyi-pulli-avtoturargohlar-ishga-tushdi-aholi-qanday-fikrda,,,"Dunyo tajribasida odatiy holga aylanib ulgurgan, odamlarni jamoat transportidan foydalanishga undaydigan yo‘lbo‘yi pulli avtoturargohlar Toshkentda ham paydo bo‘ldi. Tariflar – soatiga 5 ming so‘mdan 12 ming so‘mgacha. Kun.uz muxbiri aholi vakillaridan bu yangilikka va belgilangan narxlarga munosabatini so‘radi. Narxlarni Olmaota bilan taqqoslaganda, Toshkentda ancha qimmatligi ma’lum bo‘ladi. {Yii::t(} O'tkazib yuborish 6s O'tkazib yuborish 8 maydan boshlab Toshkentda ilk yo‘lbo‘yi pulli avtoturargohlar ish boshladi. Hozircha bunday turargohlar shahar markazida: Amir Temur xiyoboni aylanmasi, Mirobod, Istiqlol, Istiqbol, Sodiq Azimov, Shahrisabz va Glinka ko‘chalarining ayrim qismlarida ishlab turibdi. Jahon tajribasida avtomobil to‘xtab turish joylarining pulli bo‘lishi – aholini jamoat transportidan foydalanishga rag‘batlantirish chorasi sifatida ko‘riladi. Rejaga ko‘ra, sentabrga qadar Toshkentdagi pulli to‘xtash joylari jami 86 ta ko‘chaga yoyiladi. Tariflarni poytaxt hokimi tasdiqlagan : soatiga 5 mingdan 12 ming so‘mgacha – shahar markaziga yaqinlashgan sari narxlar oshib boradi. Qizil zona uchun – 12 000, olovrang zona – 10 000, yashil zona – 8000, ko‘k zona – 6 000, binafsharang zonada – 5 000 ming so‘m tarif belgilangan. Yo‘lbo‘yi avtoturargohlar tashkil etish huquqini auksionda Streetpark Systems yutib olgan . Xo‘sh, bu yangilikka haydovchilarning munosabati qanday, belgilangan narx qanchalik ma’qul? Kun.uz muxbiri Amir Temur xiyoboni aylanmasida bu pulli xizmatdan foydalanayotgan haydovchilarga mikrofon tutdi. Ayrimlar avtomobilini qo‘ygan joy pulli ekanidan bexabarligini aytdi. Aksariyat respondentlar esa pulli to‘xtash joyining 1 soati 12 ming etib belgilanganiga e’tiroz bildirdi. “Soatiga 12 ming so‘m – bu Yevropa darajasidagi narx. Aholimizning oyliklariga bilan mos emas. Taxminan 5-7 ming so‘m bo‘lsa, yomon bo‘lmasdi. Fransiyada yashaganman, u yerdagi shaharlarda allaqachon qonga singib ketgan odat. Agar siz shaharning qoq markazida bo‘lsangiz, soatiga kamida 2,7–3 yevro atrofida, so‘mga hisoblaydigan bo‘lsak, 45-50 ming bo‘ladi. Mahalliy kichik shahar yoki qishloqlarda pulli parkovkalar bo‘lsa, unda 1 yevro atrofida bo‘ladi”, – deydi suhbatdoshlardan biri. Avtoturargoh nazoratchisining so‘zlariga ko‘ra, belgilangan joylarda haydovchilar 5 daqiqagacha bepul to‘xtab turishi mumkin. Amir Temur xiyoboni aylanmasida 1 kunda yuzdan ortiq haydovchilar avtoturargohdan foydalansa-da, xizmat pulini to‘lamay ketyapti, deydi u. Streetpark Systems'ning Kun.uz'ga ma’lum qilishicha, shahar hokimining 2024 yil 16 oktyabrdagi qarori bilan tasdiqlangan tariflarni ishlab chiqishda xalqaro amaliyot, avtomobillar harakati zichligi va shaharning markaziy hududlarida avtoturargohlarning mavjudlik darajasi hisobga olingan. Mavjud avtoturargohlarni onlayn topish va tariflar haqida ma’lumot olish uchun “Poytaxt parking” mobil ilovasi ishga tushirilgan. Hozirgacha ilovada 5 mingdan ortiq foydalanuvchi ro‘yxatdan o‘tgan. Kun.uz muxbiri bilan suhbatlashgan fuqarolar ilovani takomillashtirish, to‘lov uchun infokiosklar qo‘shish kerakligini aytdi. Ayni damda inspektorlar to‘lov mavjudligini oldindan planshet yordamida tekshirmoqda. Agar to‘lov amalga oshirilmasa, haq to‘lash zarurligi to‘g‘risida avtomobilning old oynasiga xabarnoma joylashtiryapti. Kun.uz'ga berilgan ma’lumotlarga ko‘ra, operator kompaniya transport vositalarini avtomatik qayd etish va to‘lov mavjudligini tekshirish imkonini beruvchi mobil va statsionar foto-video qayd etish komplekslarini joriy etish ustida ishlayapti. Ular nafaqat to‘lovlarni amalga oshirmaslik, balki to‘xtash qoidalarini buzish holatlarini ham qayd etadi. Boshqalarda qanaqa: Olmaota va Moskva misolida Olmaotada yo‘lbo‘yi avtoturargohlar soatiga 100 tengeni tashkil qiladi. Bu o‘zimizning pulga 2500 so‘m degani. Pulli avtoturargohni topish va band qilish oson: maxsus sayt yoki mobil dastur orqali zarur avtoturargohlarni belgilash va avtomobilning davlat raqamini kiritib, ma’lum muddatni tanlash mumkin. Avtoturargohlardan 15 daqiqagacha bepul foydalansa bo‘ladi. Agar bu xizmat uchun to‘lov amalga oshirilmasa yoki ko‘rsatilgan summadan kam to‘lansa hamda yo‘l harakati bilan bog‘liq qoidalar buzilsa, Qozog‘iston qonunchiligiga ko‘ra, 3 932 tenge jarima solinadi. Bu – 98-99 ming so‘mni tashkil etadi. Olmaotada pulli avtoturargohlardan tushgan mablag‘lar “Jamoat ishtirokidagi budjet” dasturi bo‘yicha obodonlashtirish uchun tuman hokimliklariga taqsimlanadi. Moskvada pulli avturargohlar oddiy va differensial tariflarga bo‘lingan. Oddiy tarifning doimiy qiymati kecha-yu kunduz bir xil. Differensial tariflar esa kunning vaqtiga bog‘liq: avtoturargoh qanchalik band bo‘lsa, narx ham shuncha qimmatroq bo‘ladi. Narxlar soatiga 40 rubl (6600 so‘m)dan boshlanib, 800 rubl (132 ming so‘m)gacha borishi mumkin. Shu bilan birga, to‘xtash joyining narxi minimal bandlik bilan 0 rubldan boshlanadigan ko‘chalar ham bor. Dinamik tarif haydovchilarga to‘xtash joyining taxminiy narxini hisobga olgan holda o‘z yo‘nalishini oldindan o‘ylab ko‘rish imkoniyatini beradi.","#Toshkent, #avtoturargoh, #Streetpark Systems"
https://kun.uz/news/category/jamiyat,Qashqadaryodagi bog‘chada 2 yoshli qiz ariqqa cho‘kib halok bo‘ldi,18:46 / 31.05.2025,https://kun.uz/news/2025/05/31/qashqadaryodagi-bogchada-2-yoshli-qiz-ariqqa-chokib-halok-boldi,"U nazoratsiz qolgani sababli ko‘chaga chiqib, bog‘cha atrofidagi ariqqa tushib ketgani aytilmoqda. Prokuratura tekshiruv boshlagan.",https://storage.kun.uz/source/11/qiW6vFdCIQUL4h5B_IuyHvRsouSqez6l.jpg,"Qashqadaryo viloyati, Qamashi tumanidagi xususiy bog‘chada 20 may kuni fojia sodir bo‘ldi. Millar ko‘rsatuvi xabariga ko‘ra, 2 yoshli qiz bog‘cha yaqinidagi ariqqa cho‘kib halok bo‘lgan. Bog‘cha xodimi bergan ko‘rsatmaga ko‘ra, bolalarning yarmi uxlatish uchun xonaga olib kirilgan, boshqalari hovlida qolgan. Ulardan biri nazoratsiz qolgani sababli ko‘chaga chiqib, bog‘cha atrofidagi ariqqa tushib ketgan. Bosh prokuror matbuot kotibi Hayot Shamsutdinovning ma’lum qilishicha, voyaga yetmagan bolaning o‘limi sababini aniqlash uchun sud-tibbiy ekspertizasi, hamda maktabgacha ta’lim tashkiloti xodimlari harakatiga baho berish uchun idoraviy xizmat tekshiruvi tayinlangan. Tergovga qadar surishtiruv tadbirlari o‘tkazilmoqda.","#Qashqadaryo, #bog‘cha, #bolalar, #Qamashi tumani"
https://kun.uz/news/category/jamiyat,Samarqandda avtomobillarda drift qilgan xorijliklar uzr so‘radi,17:32 / 31.05.2025,https://kun.uz/news/2025/05/31/samarqandda-avtomobillarda-drift-qilgan-xorijliklar-uzr-soradi,Ular bunday holat ikkinchi marta takrorlanmasligini va O‘zbekiston qonunlarini hurmat qilishini aytdi.,https://storage.kun.uz/source/11/TU_NMev9QBXtSFHCUGbzprlgcij3uehe.jpg,"Samarqand viloyatida Qozog‘iston davlat raqamiga ega avtomobillar yo‘lda drift qilgani aks etgan video ijtimoiy tarmoqlarda muhokamalarga sabab bo‘lgan edi. YHXB qoidabuzarlarga chora ko‘rilganini ma’lum qildi. Videolavhadan ma’lum bo‘lishicha, Qozog‘iston, Tojikiston va Qirg‘izistondan kelgan mehmonlar shou tariqasida parad uyushtirgan va unda drift qilgan. Tadbir haqida boshqa tafsilotlar keltirilmagan. Qoidabuzarlarning aksariyati chet ellik bo‘lgani ta’kidlanmoqda. Videolavhada ular uzr so‘ragani aks etgan. «Biz qayerda bo‘lsak ham O‘zbekiston qonunlarini hurmat qilamiz. Ikkinchi marta qaytarilmaydi. Bizga tushuntirishdi. Aslida maxsus maydonda drift qilishimiz kerak edi, lekin shahar ko‘chalarida drift qildik. Samarqand xalqidan kechirim so‘raymiz», dedi qozog‘istonlik haydovchilardan biri. YHXB qoidabuzarlarga nisbatan qanday chora ko‘rilgani haqida ma’lumot bermadi.","#Samarqand, #Qozog‘iston, #drift"
https://kun.uz/news/category/jamiyat,Qashqadaryoda 17 bolani olib ketayotgan Damas aniqlandi,16:22 / 31.05.2025,https://kun.uz/news/2025/05/31/qashqadaryoda-17-bolani-olib-ketayotgan-damas-aniqlandi,Qoidabuzar haydovchiga chora ko‘rildi.,https://storage.kun.uz/source/11/iiCHkyCTiQCZcEfrL-rpRw-PmXJnEVzY.jpg,"Qashqadaryo viloyati, Chiroqchi tumanida Damas rusumli avtomobil YPX xodimi tomonidan to‘xtatilib, tekshirilganda ichida voyaga yetmagan 17 nafar bola xavfsizlik qoidalariga zid ravishda tashilayotgani aniqlandi. «Bolalarni uyga olib borib qo‘ying, iltimos deyishgani uchun olib ketgandim. Qilgan ishimdan pushaymonman. Hurmatli yurtdoshlar, ehtiyot bo‘linglar. Yo‘l harakati qoidalariga rioya eting», dedi haydovchi holatga izoh berarkan. Yo‘l harakati qoidalariga ko‘ra, 12 yoshga to‘lmagan bolalarni maxsus ushlab turuvchi qurilma o‘rnatilmagan transport vositasining old o‘rindig‘ida tashish taqiqlanadi. Shuningdek, tashilayotgan yo‘lovchilar soni transport vositasining texnik tavsifnomasida ko‘zda tutilgan miqdordan ortiq bo‘lmasligi kerak. Holat bo‘yicha haydovchiga nisbatan huquqiy chora ko‘rilgani ta’kidlanmoqda. O‘zbekistonda bolalarni Damas avtomobilida noqonuniy tashish holati muntazam ravishda aniqlanadi. Avvalroq, Surxondaryo viloyatining Denov tumanida Damas mashinasida 32 nafar bola olib ketilayotgani aniqlangan edi.","#Qashqadaryo, #Damas, #yo‘l harakati qoidalari"
https://kun.uz/news/category/jamiyat,"“Sotilmaydi”, lekin sotuvda: Bektemirdagi bog‘ atrofida nima bo‘lyapti?",22:30 / 30.05.2025,https://kun.uz/news/2025/05/30/sotilmaydi-lekin-sotuvda-bektemirdagi-bog-atrofida-nima-bolyapti,,,"Toshkent shahar Bektemir tumanida tadbirkorga tegishli istirohat bog‘i joylashgan 160 sotix yer OLX platformasida 5,8 mln dollarga 3 marta sotuvga qo‘yildi. Ammo tadbirkor bundan bexabarligini aytmoqda. Bu bog‘ xususiy tadbirkor ixtiyorida bo‘lsa-da, ijtimoiy ahamiyatga ega. Bog‘ning sotuvga qo‘yilishi bu yerdagi ko‘plab daraxtlar taqdirini so‘roq ostida qoldiradi. {Yii::t(} O'tkazib yuborish 6s O'tkazib yuborish “Quyoshcha nuri” istirohat bog‘i bundan sal avval – 2 may kuni sotuvga qo‘yilgan va ijtimoiy tarmoqlardagi muhokamalar sabab olib tashlangan edi. Kun.uz muxbiri buni aniqlashtirish uchun tadbirkor va tuman hokimligi axborot xizmatiga bog‘langanida ular bu e’lon feyk ekanini, bu yerni sotish rejasi yo‘qligini, ayni paytda bog‘da aholiga xizmat ko‘rsatish shoxobchalarini qurish loyihasi bosqichma-bosqich amalga oshirilayotganini aytishdi. “Sotuvga qo‘yilgani o‘tgan yildan beri bor edi, 3-4 ta e’lon chiqqandi OLX, sayt, kanallarda. Shov-shuv bo‘lishidan oldin men o‘zim ularga aloqaga chiqib, o‘chirtirgan edim, feyk xabar bo‘lgani uchun. Chunki bu yer rekonstruksiya bo‘lyapti, chiroyli bo‘lyapti, yangi attraksionlar qo‘yilyapti. Kimdir, bilmadim nima sababdan, o‘zidan o‘zi qo‘yishyapti. Endi bu yil ishim ko‘p edi – yangi bruschatka qo‘ydim, yangi joy ochyapmiz, shu hujjatlar orqasidan yugurib, ijtimoiy tarmoqlarga kam kirganim uchun bu e’lon chiqqanini ko‘rmay qoldim”, – deydi “Qalandar Fidoiy” MChJ rahbari Jonibek O‘ktamov. Lekin olib tashlangan e’lon 19 may kuni OLX'da yana paydo bo‘ldi. 26 may kuni takror joylandi. Aytish kerakki, e’lonlar bir emas, bir nechta rieltorlar tomonidan qo‘yilgan. Ulardan biri bilan suhbatlashganimizda yer sotilishini, lekin “ommaviy axborot vositalariga chiqib ketgani uchun” e’lon berilmasligini aytdi. Afsuski, shundan keyin bu raqam qo‘ng‘iroqlarimizga umuman javob bermadi. Shu tariqa, bir tomondan hokimlik va MJCh, ikkinchi tomondan rieltorlar o‘rtasida bir-birini inkor etish tushunarsiz holatni yuzaga keltirmoqda. Bu bog‘ “Qalandar Fidoiy” MChJ ixtiyorida bo‘lsa-da, ijtimoiy mulk hisoblanadi. Ya’ni undan jamoatchilik foydalanadi, bolalar va kattalar uchun ko‘ngilochar maskan sanaladi. Bog‘ning sotuvga qo‘yilishi bu yerdagi ko‘plab daraxtlar taqdirini so‘roq ostida qoldiradi. Shuningdek, biz saqlab qolishga ulgurgan e’londa yer qurilish uchun mo‘ljallangan ekani aytilgan. Ammo tadbirkor bu e’londan mutlaqo bexabarligini ta’kidladi. Xo‘p, asl muammo nimada? Muammo shundaki, yerning sotilish-sotilmasligidan qat’i nazar, jamoatchilik mulki sanalgan bog‘, u yerdagi daraxtlar masalasi xavotirli. Masalan, istirohat bog‘i shaharsozlik rejalarida jamoat maydoni deb belgilangan bo‘lsa, u yerda qurilish ishlarini olib borish taqiqlanadi. “Adolat” partiyasi ma’lumotlariga ko‘ra, so‘nggi yillarda respublika bo‘yicha 184 ta istirohat bog‘larida daraxtzor hududlar kamaytirilib, o‘rniga 944 ta bino-inshoot qurilgan. Poytaxtda yashillik tobora kamayib, havoning ifloslanish darajasida rekordlar qayd etilayotgan bir vaqtda, bog‘larning sotilishi bu xavfni yanada kattalashtiradi. Aholi yana bir ekologik nuqtani yo‘qotmasligi tarafdorimiz. Eslatib o‘tamiz, joriy yilning 5 mayidan boshlab bog‘larni xususiylashtirish taqiqlandi. Gulmira Toshniyozova, Kun.uz","#Toshkent, #bog‘, #Bektemir tumani"
https://kun.uz/news/category/jamiyat,Toshkent yerusti metrosida 3 oy davomida rejali profilaktik ishlar amalga oshiriladi,19:07 / 30.05.2025,https://kun.uz/news/2025/05/30/toshkent-yerusti-metrosida-3-oy-davomida-rejali-profilaktik-ishlar-amalga-oshiriladi,8 iyun sanasidan boshlab «Turon» va «Qipchoq» bekatlari oralig‘ida metro poyezdlari harakati to‘xtatiladi. Shu bois «Qipchoq–Quruvchilar–Qipchoq» yo‘nalishida yo‘lovchilarga bepul xizmat ko‘rsatuvchi metrobuslar harakati yo‘lga qo‘yiladi.,https://storage.kun.uz/source/11/qWb3mQbuMGyDCQgkvA_G5hb3riDcVSAC.jpg,"Toshkent metropolitenining Yerusti halqa yo‘li yo‘nalishi bekatlari oralig‘ida 3 oy davomida bosqichma-bosqich rejali profilaktik ishlari amalga oshiriladi . Qayd etilishicha, 14 ta bekatdan iborat «Texnopark—Qipchoq» bekatlari va bekatlar oralig‘i bir necha yildan buyon yo‘lovchilarga xizmat ko‘rsatib kelmoqda. «Jahon tajribasidan kelib chiqqan holda, yangi qurilgan metro yo‘nalishlarida metro poyezdlar harakati va yo‘lovchilar xavfsizligini ta’minlash hamda sifatli xizmat ko‘rsatish maqsadida, yerusti estakadalari va bekatlari ma’lum muddat foydalangandan so‘ng, rejali profilaktik ishlar amalga oshiriladi», — deyiladi xabarda. Shu munosabat bilan Yer usti halqa yo‘li yo‘nalishining «Texnopark—Qipchoq» bekatlari oralig‘ida bosqichma-bosqich 3 oy muddatga mo‘ljallangan rejali profilaktik ishlar amalga oshiriladi. Rejali profilaktik ishlar amalga oshirish uchun 2025 yil 8 iyun sanasidan boshlab ikkita bekat — «Turon (13-bekat) — Qipchoq (14-bekat)» bekatlari oralig‘ida metro poyezdlar harakati to‘xtatiladi. Toshkent metropoliteni yo‘lovchilarga noqulaylik hosil qilmaslik maqsadida «Qipchoq–Quruvchilar–Qipchoq» metro bekatlari oralig‘ida bepul xizmat ko‘rsatuvchi katta sig‘imli avtobuslar (metrobus) harakati yo‘lga qo‘yiladi. Ushbu avtobuslarning kunlik ish vaqti tonggi 05:00 dan tungi 23:00 ga qadar amalga oshiriladi.","#Toshkent metropoliteni, #Qipchoq"
https://kun.uz/news/category/jamiyat,Toza energiya targ‘iboti: Sungrow O‘zbekistonda faoliyatini kengaytirmoqda,19:00 / 30.05.2025,https://kun.uz/news/2025/05/30/toza-energiya-targiboti-sungrow-ozbekistonda-faoliyatini-kengaytirmoqda,,,"Hozirda iste’mol qilayotgan elektr energiyasining katta qismi hanuzgacha ko‘mir, neft va gaz kabi tiklanmaydigan manbalarni yoqish orqali ishlab chiqariladi. Bu jarayonda atmosferaga turli zaharli gazlar chiqariladi, bu esa atrof-muhitga jiddiy zarar yetkazadi. Natijada global isish, muzliklar erishi va quriqchiliklar kuzatilmoqda. Bugungi kunda dunyo jamoatchiligi oldidagi asosiy vazifalardan biri — tabiat va havoga zarar yetkazmaydigan toza energiya ishlab chiqarish hisoblanadi. Bu muammoni barqaror yechimlar bilan hal etayotgan kompaniyalardan biri — Sungrow hisoblanadi. 1997 yilda Xitoyda tashkil etilgan Sungrow kompaniyasi bugungi kunda 180 dan ortiq mamlakatda o‘z faoliyatini amalga oshirmoqda. 2024 yil holatiga ko‘ra, kompaniya tomonidan o‘rnatilgan quyosh invertorlari 740 GVtdan ortiq energiya ishlab chiqargan — bu jahon miqyosida eng yuqori ko‘rsatkichlardan biri sanaladi. “ Sungrow — qayta tiklanadigan energetika texnologiyalari sohasida jahon yetakchilaridan biri. Biz 28 yildan buyon barqaror energetika yechimlarini ishlab chiqmoqdamiz. Faoliyatimiz beshta yo‘nalishni qamrab oladi: quyosh energetikasi (PV), energiya saqlash tizimlari (ESS), shamol energetikasi, vodorod texnologiyalari va elektromobillar. Hozirda biz dunyo bo‘yicha 520 dan ziyod filiallarimiz orqali mijozlarga xizmat ko‘rsatyapmiz”, — deydi Sungrow’ning Markaziy Osiyodagi rahbari Sofiya Chjan. Kompaniya tijorat, sanoat, turar joy va kommunal ehtiyojlar uchun mo‘ljallangan invertorlarni taklif qiladi. Sungrow uskunalarining asosiy afzalliklaridan biri — yuqori samaradorlik va murakkab sharoitlarda ham barqaror ishlash qobiliyati, masalan, kam yorug‘lik yoki yorug‘lik cheklangan joylarda ham. “Bizning mahsulotlar moslashuvchan konfiguratsiyalarga ega. Bizda ikki xil akkumulyator bor — standart va uzoq muddatli. Uskunalarni mamlakatning istalgan hududida qulay foydalanish mumkin. Bizning energiya saqlash tizimimiz 1 soatdan 8 soatgacha ishlaydi va turli xil PCS qurilmalari bilan mos keladi. Biz mijozlarga saqlash shkaflarini yig‘ishda yordam beramiz. Uskunalar barqaror ishlaydi va kam xizmat ko‘rsatishni talab qiladi — har uch oyda boshqaruv bloklarini almashtirish yoki dasturiy ta’minotni qayta yozish talab etilmaydi. Agar tizimning biror qismi ishdan chiqsa, biz DIO Stack texnologiyasi yordamida uni almashtiramiz”, — deb tushuntiradi Sungrow’ning energiya saqlash tizimlari bo‘yicha mutaxassisi Luna Vu. Sungrow allaqachon O‘zbekiston bozoriga kirgan va mahalliy mijozlarga yuqori samarali quyosh energetika yechimlarini taklif qilmoqda. “Markaziy Osiyo bozori uchun biz 1+X modulyar invertor va SG320HX-20 string invertorini taklif qilyapmiz. Ikkala qurilma ham energiyani tejamkor ishlab chiqarishga mo‘ljallangan bo‘lib, texnik xizmat ko‘rsatishni osonlashtiradi. Long string va DCMPLC texnologiyalari sarmoyaviy xarajatlarni kamaytirishga yordam beradi. Shuningdek, invertorlar chang va shamoldan himoyalangan bo‘lib, zaif elektr tarmoqlarida ham barqaror ishlaydi”, — deydi Sungrow’ning quyosh invertorlari bo‘yicha mutaxassisi Aleks Lu. Kompaniyaning mintaqaviy xizmat menejeri Najib Xaddadning aytishicha, Sungrow Markaziy Osiyoda 2018 yildan buyon faoliyat yuritmoqda, 2024 yilda esa O‘zbekistonda umumiy quvvati 2 GVtdan ortiq bo‘lgan quyosh elektrostansiyalarini ishga tushirdi. Shuningdek, mamlakatda 150 MVt / 300 MVt·soat hajmdagi birinchi yirik energiya saqlash tizimi joriy etildi. “Bizning kompaniya mijozlarni uskunani yetkazib berishdan tortib, uni foydalanishga topshirish (COD) jarayonigacha to‘liq qo‘llab-quvvatlaydi. Garantiya davrida va undan so‘ng ham xizmat ko‘rsatishni davom ettiramiz. O‘rnatish ishlarini malakali muhandislar amalga oshiradi” , — deya ta’kidlaydi u. Kompaniya elektr tarmog‘iga ulangan va gibrid invertorlarni, shuningdek, energiya saqlash yechimlarini ishlab chiqaradi. Gibrid invertorlar Sungrow batareyalari bilan integratsiya qilingan bo‘lib, uy va ishlab chiqarish obektlarida tok o‘chgan holatda zaxira energiyadan foydalanish imkonini beradi. Kompaniya shuningdek, masofadan turib monitoring qilish imkonini beruvchi onlayn platforma taklif etadi. U orqali foydalanuvchilar va texnik mutaxassislar uskunalarni boshqarishi va nosozliklarni aniqlashi mumkin. “Maishiy invertorlar uchun biz 10 yillik kafolat va servis xizmati taqdim etamiz. Agar nosozlik yuzaga kelsa, jamoamiz diagnostika o‘tkazadi va yechim taklif qiladi. Zarur bo‘lsa, uskunani almashtiramiz” , — deydi Sungrow’ning texnik yechimlar bo‘yicha menejeri (distribyutor biznesi) Abror Usmonaliyev. Sofiya Chjan ta’kidlashicha, kompaniyaning mintaqadagi faoliyatini kengaytirish sabablaridan biri — mintaqada quyosh resurslarining boyligi, qayta tiklanadigan energiyaga bo‘lgan talabning ortishi, energetik tizimlarni transformatsiya qilish zarurati va uglerod chiqindilarini qisqartirish maqsadidir. “O‘zbekiston quyosh energetikasiga katta ahamiyat beradi, investitsiyalarni qo‘llab-quvvatlaydi va iqlim maqsadlariga erishishga intilmoqda. Bu, o‘z navbatida, fosil yoqilg‘ilariga bo‘lgan bog‘liqlikni kamaytirish orqali amalga oshirilmoqda. 2024 yil holatiga ko‘ra, Sungrow Markaziy Osiyoda 3 GVtdan ortiq quyosh invertorlari o‘rnatgan. 2025 yilda ham biz mintaqani barqaror va yashil energiya bilan ta’minlashga o‘z hissamizni qo‘shishni maqsad qilganmiz” , — deya xulosa qiladi u. Reklama huquqi asosida","#elektr energiyasi, #Sungrow"
https://kun.uz/news/category/jamiyat,Migratsiya agentligi pul yig‘ish aksiyalarini o‘tkazayotgan firibgarlardan ogohlantirdi,18:55 / 30.05.2025,https://kun.uz/news/2025/05/30/migratsiya-agentligi-pul-yigish-aksiyalarini-otkazayotgan-firibgarlardan-ogohlantirdi,"Ijtimoiy tarmoqlarda xorijda vafot etgan o‘zbekistonliklar jasadlarini vatanga olib kelish uchun turli aksiyalar o‘tkazilmoqda. Migratsiya agentligi agar O‘zbekiston fuqarosi xorijda vafot etsa, uning jasadi Migratsiya jamg‘armasi mablag‘lari hisobidan olib kelinishini eslatib o‘tdi.",https://storage.kun.uz/source/11/Q6L8b3oI4G1T3oIzZy0r_xyOkSdJKohZ.jpg,"Vazirlar Mahkamasi huzuridagi Migratsiya agentligi xorijda vafot etgan vatandoshlar jasadlarini O‘zbekistonga olib kelish uchun turli pul yig‘ish aksiyalari o‘tkazayotgan firibgarlardan ogohlantirdi . Qayd etilishicha, so‘nggi kunlarda ijtimoiy tarmoqlarda xorijda ishlab yurgan va vafot etgan vatandoshlarning jasadlarini O‘zbekistonga olib kelish uchun blogerlar, turli shaxslar plastik karta raqamlarini chiqarib, pul yig‘ish aksiyalarini o‘tkazayotgani kuzatilmoqda. Agentlikka ko‘ra, ayrim holatlarda eski yoki noto‘g‘ri ma’lumotlar asosida odamlarning his-tuyg‘ularidan foydalanib, firibgarlik qiluvchi shaxslar ko‘paymoqda. Ularning tarqatayotgan ma’lumotlari orqali fuqarolar aldanib, plastik kartalarga pul o‘tkazib beryapti. «Bu kabi xabarlarni ko‘rsangiz, hech qanday pul o‘tkazmang. Bu vaziyatda qonuniy va ishonchli yo‘l — Vazirlar Mahkamasi huzuridagi Migratsiya agentligiga murojaat qilishdir», — deyiladi xabarda. Ta’kidlanishicha, agar O‘zbekiston fuqarosi xorijda vafot etgan bo‘lsa, Migratsiya jamg‘armasi mablag‘lari hisobidan yurtga olib kelinadi. Murojaat uchun (71) 202 33 55, 1282 raqamlariga qo‘ng‘iroq qilish yoki @huquqiy_yordam_uzbot Telegram botiga xabar yo‘llash mumkin.","#Migratsiya, #firibgarlik"
https://kun.uz/news/category/jamiyat,"“Beton, g‘isht quyish ham qo‘limdan keladi” – rishtonlik suvoqchi qiz hikoyasi",15:21 / 30.05.2025,https://kun.uz/news/2025/05/30/beton-gisht-quyish-ham-qolimdan-keladi-rishtonlik-suvoqchi-qiz-hikoyasi,,,"Fotima Mo‘ydinova oilada kenja farzand. U ota-onamga yordam bo‘lsin deb suvoqchilik kasbini tanladi. Suvoqchi qizning qo‘lidan kelmaydigan ishning o‘zi yo‘q: beton quyadi, g‘isht, devor uradi, imorat tomini yopa oladi. Ustachilikning barcha yo‘nalishida o‘zini sinab ko‘rgan. Fotima hozirda otasi bilan birga odamlarning uyida suvoqchilik qilyapti. {Yii::t(} O'tkazib yuborish 6s O'tkazib yuborish 34 yoshli Fotima Rishton tumanining Oq-yer qishlog‘idan. Ishlayotgan joyida erkaklarcha shijoatini ko‘rib ko‘pchilik yoqa ushlaydi. “Yoshligimda qamish o‘rib sotardim. Zovurdan tepalikka qamish olib chiqayotganimda bir odam meni kuzatib turgan ekan. Menga qarab bu yoqqa kel dedi. Notanish odamning yoniga borsam men bilan ishlaysanmi, dedi. Qanaqa ishligini so‘rasam suvoqchilik dedi. Xullas, usta o‘ziga shogird tushishimni so‘ragan. Ikkilanib ham o‘tirmadim. Chunki sharoitim shuni taqozo qilardi. O‘sha kunlar otam ishlamay qo‘ygan. Oilada qiyinchilik bor edi. O‘sha ustamga mingdan ming rahmat. Ustam tufayli suvoqchilikni o‘rgandim. Endi hammaga birdek yordamim tegyapti. Bir oyda kamida 7 million so‘m pul topaman. Allohimga shukur, shu yetadi. Bundan tashqari tovuq boqib sotaman. 18 yoshimdan beri suvoqchilik qilaman. Oilada bir o‘g‘il, besh qizmiz. Men kenjasiman. Ko‘pchilik bu ish senga og‘irlik qiladi, suvoqchi bo‘lishing shartmi deyishadi. Odam o‘zi qiziqqan ishni qilishi kerak-ku. Ayol kishining suvoqchilik qilishi ko‘pchilikka qiziq tuyuladi. G‘isht quyish ham qo‘limdan keladi, beton quyish, uylarga “zasifka” qilish, devor urish, pol qoqish, “styashka” quyish, o‘choq, tandir yasash, ana shunday ishlar ham qo‘limdan keladi. Otam ilgari “Belarus” traktor haydardi. “Belarus”da o‘ynardim. Otam qayerda bo‘lsa, men ham o‘sha yerda edim. Orqasidan qidirib borardim. O‘qishga qiziqmaganman. Traktor haydash ham qo‘limdan keladi. Ayni kunlarda otam bilan birga odamlarning uyida suvoqchilik qilyapmiz. Odamlar har xil. Har xil sharoitda yashaydi. Birovning qo‘li yupqa. Iloji boricha sharoiti og‘ir odamlardan xizmat xaqini kam olaman. Bitta uydan 3, 4 million so‘mgacha xizmat haqi olamiz. Sharoitga qarayman borib. Kerak bo‘lsa 1,5 million so‘mga qilib beraman. 1 millionga tushgan joylarim ham bo‘lgan. Bitta xonani. Ichi, oldi. Qishda ham “quruq” ishlar chiqib qolsa, chaqirishadi. Topgan pulimni oilamga sarflayman. Singillarimga beraman. Suv muzlamaguncha suvoqni qilaveramiz. Ishlayotgan joyimda ko‘pchilik adashib meni erkak kishi bo‘lsa kerak deb o‘ylab erkaklarcha qo‘l berib so‘rashishadi”, – deydi Fotima. Fazliddin ota Mo‘ydinov, otasi “Yoshim 65 da. Fotima qizim bilan bir 10 yildan buyon suvoq qilamiz. Fotimaxon 34 yoshga kirdi. 18 yoshidan suvoq qiladi. O‘g‘il bolalarning ishi bu desam, yo‘q, suvoqchi bo‘laman deb oyoq tirab turib oldi. Zuhraxonni turmushga chiqarganmiz. U ham suvoq ishlarini bilardi. Fotimaxondan faxrlanaman. O‘g‘il bolalar qilib yurgan ish borki, barchasi qo‘lidan keladi”, – deydi suvoqchining otasi Fazliddin ota. Sarvar Ziyoyev, Kun.uz Operator va montajchi – Sardor Mamirov.","#Rishton tumani, #suvoqchi ayollar, #Fotima Mo‘ydinova, #Suvoqchi"
https://kun.uz/news/category/jamiyat,O‘zbekiston hududlari bo‘yicha aholining o‘rtacha yoshi ochiqlandi,12:10 / 30.05.2025,https://kun.uz/news/2025/05/30/ozbekiston-hududlari-boyicha-aholining-ortacha-yoshi-ochiqlandi,O‘zbekiston Respublikasi hududlari bo‘yicha aholining o‘rtacha yoshi to‘g‘risida ma’lumot berildi.,https://storage.kun.uz/source/11/f-lGQvcjd4XNHSJY1FMv7C-1XgcmN-qk.jpg,"Milliy statistika qo‘mitasi ma’lumotlariga ko‘ra, O‘zbekiston Respublikasida 2025 yil 1 yanvar holatiga aholining o‘rtacha yoshi 29,3 yoshni tashkil etdi . Aholining o‘rtacha yoshi hududlar bo‘yicha quyidagicha: Toshkent shahri – 32,6 yosh; Buxoro viloyati – 30,9 yosh; Toshkent viloyati – 30,8 yosh; Navoiy viloyati – 29,9 yosh; Farg‘ona viloyati – 29,8 yosh; Qoraqalpog‘iston Respublikasi – 29,5 yosh; Andijon viloyati – 29,3 yosh; Xorazm viloyati – 29,3 yosh; Namangan viloyati – 28,8 yosh; Sirdaryo viloyati – 28,5 yosh; Samarqand viloyati – 28,3 yosh; Jizzax viloyati – 28,2 yosh; Qashqadaryo viloyati – 27,6 yosh; Surxondaryo viloyati – 27,3 yosh.","#aholi, #statistika"
https://kun.uz/news/category/sport,«PSJ»ning finaldagi g‘alabasidan so‘ng Parijda tartibsizliklar yuzaga keldi,13:29 / 01.06.2025,https://kun.uz/news/2025/06/01/psjning-finaldagi-galabasidan-song-parijda-tartibsizliklar-yuzaga-keldi,"200 ga yaqin kishi jarohatlangan, ikki kishi halok bo‘lgan. 550 dan ortiq kishi qo‘lga olingan.",https://storage.kun.uz/source/11/-A3ikGLA-eDTFIlJn9HZUf58EOJBOI4f.jpg,"Yakshanbaga o‘tar kechasi Fransiya politsiyasi Parijda «Pari Sen-Jyermen» futbol klubining Chempionlar ligasi finalidagi g‘alabasini nishonlash to‘qnashuv va tartibsizliklarga aylanib ketganidan keyin 550 dan ortiq kishini qo‘lga oldi. Shanba kuni «Pari Sen-Jyermen» Myunxendagi o‘yinda Milanning «Inter» klubini 5:0 hisobida mag‘lubiyatga uchratdi va o‘z tarixida ilk bor Yevropa klublari futbolidagi eng nufuzli kubok sohibiga aylandi. O‘yinni tomosha qilish va keyin g‘alabani nishonlash uchun Parij markazidagi Yelisey maydonlari va «Pari Sen-Jyermen»ning uy arenasi bo‘lgan «Park de Prens» stadioni yonida 50 mingga yaqin muxlis yig‘ildi. Muxlislarning ko‘pchiligi o‘zlarini osoyishta tutishar, ularning ko‘pchiligi Parij ko‘chalarida qo‘shiq aytishar va raqsga tushishardi. Eyfel minorasi «Pari Sen-Jyermen» ranglariga bo‘yalgan, Fransiya prezidenti Emmanuel Makron X tarmog‘idagi akkauntida klubni tabrikladi: «„PSJ“ uchun ajoyib kun! Barakalla, hammamiz faxrlanamiz. Bugun kechqurun Parij Yevropaning poytaxtiga aylandi». Biroq bayramni nishonlayotgan ba’zi muxlislar mushakbozlik, mashinalarga o‘t qo‘yish va avtobus bekatlarini buzishga kirishdi. Politsiya bilan to‘qnashuvlar boshlandi. Fransiya poytaxti ko‘chalarida 5,4 mingga yaqin politsiyachi bo‘lgan. Hibsga olingan 559 kishining aksariyati tartibsizliklarda, shuningdek, mushakbozlik uyushtirishda gumon qilinmoqda. «Yelisey maydonlarida tartibsizliklar uyushtirishga uringanlar politsiya bilan doimiy ravishda to‘qnashuvlarga kirishgan, katta mushakbozlik va boshqa obektlarni uloqtirishgan», – deyiladi politsiya xabarida. Le Figaro nashri yozishicha, hibsga olinganlarning aksariyati – 491 kishi – Parijda. Jami 320 nafar tartibbuzar qamoqqa olingan. Rasmiylarga ko‘ra, tartibsizliklar chog‘ida kamida 192 kishi, jumladan 22 nafar xavfsizlik xodimi va yetti nafar o‘t o‘chiruvchi jarohatlangan. Politsiya o‘t qo‘yish bilan bog‘liq 692 ta holatni qayd etgan, jumladan 264 ta transport vositasi yoqib yuborilgan. Ikki kishi halok bo‘ldi. Daks kommunasida 17 yoshli o‘smir ko‘chada g‘alabani nishonlash paytida pichoq zarbasidan jarohat olgan. Jabrlanuvchi shifoxonaga yetkazilgan va u yerda jon bergan. Parijning 15-okrugida bayram vaqtida skuterda ketayotgan ayolni esa mashina urib ketdi. Grenoblda avtomobil bayramni nishonlayotgan olomon ustiga bostirib kelgan, oqibatda to‘rt kishi jarohatlangan. Ular ikki nafari og‘ir ahvolda. Ijtimoiy tarmoqlarda e’lon qilingan kadrlarda ba’zi odamlar Yelisey maydonidagi do‘konlarga, jumladan, Chanel moda butigi va Foot Locker poyabzal do‘koniga bostirib kirishga urinayotganini ko‘rish mumkin. Ma’lum qilinishicha, politsiya G‘alaba arkasi tomon o‘tmoqchi bo‘lgan olomonni tarqatish uchun suv purkagichdan foydalangan, shuningdek, ko‘zdan yosh oqizuvchi gazdan foydalanilgani haqida ham ma’lumotlar bor. Politsiya bilan to‘qnashuvlar Parij halqa yo‘lida ham sodir bo‘ldi. «Park de Prens» stadioni yaqinida kamida ikkita mashina yoqib yuborilgan. Fransiya ichki ishlar vaziri Bruno Retayo ijtimoiy tarmoqdagi sahifasida shunday yozdi: «„“ning haqiqiy muxlislari o‘z jamoasining ajoyib o‘yinidan zavqlanishmoqda. Bu orada varvarlar jinoyat qilish va politsiyani provokatsiya qilish uchun Parij ko‘chalariga chiqishdi». Yakshanba kuni «PSJ» futbolchilari Yelisey maydonlarida g‘alaba paradini o‘tkazadi, unda o‘n minglab muxlislar ishtirok etishi kutilmoqda. Makron ofisi prezident futbolchilarni Chempionlar ligasidagi g‘alaba bilan tabriklash uchun qabul qilishini bildirgan.","#Parij, #PSJ"
https://kun.uz/news/category/sport,«PSJ» finalda «Inter»ga 5 ta gol urdi,01:49 / 01.06.2025,https://kun.uz/news/2025/06/01/yechl-psj-interga-javobsiz-5ta-gol-urib-oz-tarixida-birinchi-marta-musobaqada-galaba-qozondi,"Enrike ajoyib jamoa qurgan, Mbappe esa Due, Xvicha va Mayuluga havas qilishga majbur.",https://storage.kun.uz/source/11/DgqM5ntH6yjbXtJbLZBEkI_OZi40yyL8.jpg,"Parij jamoasi total futboli bilan triumfga erishdi Yevropa Chempionlari Ligasi, 31 may. Final. «PSJ» – «Inter» 5:0 Gollar: Hakimi 12, Due 20, 63, Kvaratsxeliya 73, Mayulu 86 «PSJ»: Donnarumma, Hakimi, Markinos, Pacho, Mendesh (L. Ernandes 78), Vitinya, Nevesh (Mayulu 86), Ruis (Zair-Emeri 84), Due (Barkolya 67), Dembele, Kvaratsxeliya (Ramush 84) «Inter»: Zommer, Pavar (Bissek 54, Darmian 62), Acherbi, A. Bastoni, Dumfriz, Chalxono‘g‘li (Asllani 70), Barella, Mxitaryan (Augusto 62), Dimarko (Zalevski 54), M. Tyuram, Lautaro Martines Ogohlantirishlar: Due 65 – Zalevski 56, M. Tyuram 69, Acherbi 71 «PSJ» – 2024/2025 yillar mavsumida Yevropaning eng yaxshi jamoasi. Parijliklar Chempionlar ligasi finalida «Inter» ustidan 5:0 hisobida g‘alaba qozondi va o‘z tarixida ilk bor ushbu sovrinni qo‘lga kiritdi. YeChLning hal qiluvchi o‘yinida bunday yirik hisob hech qachon kuzatilmagandi. Final «PSJ» futbolchilari to‘pni ataylab autga chiqarib yuborishi bilan boshlandi. Bu orqali Luis Enrike jamoasi darhol o‘yinni maydonning uchinchi qismiga o‘tkazib, u yerda o‘rnashib, raqibni pressing qilish niyatida ekanini namoyish etdi. O‘yinning ilk daqiqalari prognoz qilinganidek aynan shu ko‘rinishda rivojlandi. Fransiya chempioni to‘pga va hududlarga egalik qilib, Italiyaning sobiq chempionlarini maksimal darajada oldinda qarshi oldi va darvozabon Zommerni ham to‘pni autga tepib yuborishga majbur qilishdi. Parijliklar hujum chizig‘i vakillari o‘z pozitsiyalarini almashtirib, «neradzurrilar»ni chalkashtirib tashlashga harakat qilishdi. Umuman olganda, muxlislar bu mavsumdagi tipik «PSJ» o‘yiniga guvoh bo‘lishdi. «Inter» uch nafar markaziy yarimhimoyachi va ikki forvardlik 3-5-2 sxemasi bilan maydon markazida tig‘iz joylashdi. Parijliklar qanotlarda va yarimqanotlarda futbolchilari sonini oshirish orqali bo‘sh hududlar izlashdi. Milanliklar maydonning o‘z darvozasiga yaqin qismida o‘zaro pas o‘ynash orqali o‘yin sur’atini tushirishga harakat qilishdi, ammo bu u qadar o‘xshamadi. Shu bilan birga, 12-daqiqagacha Luis Enrike jamoasida golli vaziyatlar bo‘lmadi. Keyin esa soniyalar ichida birdaniga ikki vaziyat yuzaga keltirildi. Avvaliga Dembele o‘ng qanotda Dimarko va Bastonidan qochib ketdi, ammo uning zarbasi to‘g‘ri Zommerning qo‘liga bordi. Epizod «Inter» himoyachilari hissiyotga berilgan holda muloqot qilishiga sabab bo‘ldi. Keyin esa «PSJ» baribir gol urdi. Fransiya chempionlari o‘ziga xos kombinatsiya uyushtirishdi. Yarimfinalda «Arsenal»ga qarshi birinchi o‘yinda ham hisob raqibning shu kabi xatosidan urilgandi. Himoya chizig‘iga yordam berishgan Barella o‘zi qo‘riqlashi kerak bo‘lgan Vitinyani ochiq qoldirdi. Portugaliyalik yarimhimoyachi esa bir pas bilan «Inter» mudofaasini dog‘da qoldirib, Dueni to‘p bilan ta’minladi, u esa amalda bo‘sh darvoza qarshisida turgan Hakimiga assistentlik qildi. Marokashlik himoyachi sobiq jamoasini ranjitdi va «neradzurrilar» muxlislaridan uzr so‘radi. Foto: Justin Setterfield/Getty Images Vaziyat «Inter»ni ochilishga majbur qildi va endi «PSJ» raqibni qarshi hujumlarda ushlashga o‘tdi. Birinchi bo‘lim o‘rtalarida Pacho parijliklarning tezkor qarshi hujumini boshlab berdi, u bu vaziyatda shunchaki ajoyib o‘ynadi – to‘p uchun kurashda Barellani dog‘da qoldirdi, italiyalik futbolchi to‘p maydon tashqarisiga chiqib ketishiga qo‘yib bermoqchi bo‘lganida uni gazonga qaytardi. Bu hujumda Dembele ham muhim ishni bajardi: uzatma uchun bir necha manzildan eng to‘g‘risini tanladi va to‘pni qarama-qarshi qanotda ochilgan Duega yetkazib berdi. Dezire kuchli zarba berdi – to‘p Dimarkoning oyog‘iga tekkan holda rikoshet bo‘lib darvoza to‘riga bordi. 19 yoshli futbolchi YeChL finalida gol urgan eng yosh futbolchiga aylandi. «Inter» esa faqat standart vaziyatlarda raqib darvozasiga xavf solishga urindi. 23-daqiqada Acherbi burchak zarbasidan keyin ikkinchi qavatda to‘p uchun kurashda ustun kelib, zarba berdi, ammo to‘p yuqoridan o‘tib ketdi – bu italiyaliklar «PSJ» jarima maydonida ikkinchi bor to‘pga teginishi va birinchi zarbasi edi. Yana bir shunday epizod 37-daqiqada yuzaga keldi, lekin Tyuram ham yaxshi zarba berolmadi. Shu bilan tamom. Raqib darvozasi tomon birorta to‘g‘ri zarba berilmadi. Parijliklar esa birinchi bo‘limdayoq hisobni yirik ko‘rinishga keltirib qo‘yishi mumkin edi, ammo yaratilgan vaziyatlardan foydalanilmadi, xususan, Kvaratsxeliyaning o‘zi uchta vaziyatni yo‘qqa chiqardi. Foto: Lars Baron/Getty Images E’tiborli tomoni, Indzagi tanaffusda futbolchi almashtirishga qaror qilmadi. Demak, «Inter» murabbiyi muammo alohida futbolchilarda emas, balki tizimda, murvatlarni burash, qaysidir detallarni o‘zgartirish kerak deb hisoblagan. «Neradzurrilar» to‘pga egalik qilish foizini oshirishdi, yangi burchak zarbalari ishlashdi va bu vaziyatlarni chindan ham xavfli qurolga aylantirishdi. Bunday epizodlardan biri Donnarumma Markinos bilan to‘qnashib ketib, boshidan zarba olishi bilan yakunlandi. Ikkinchi bo‘lim boshida Indzagi baribir ijrochilarni almashtirishga qaror qildi, avvaliga Pavar va Dimarkoga dam berildi, Pavarning o‘rniga tushirilgan Bissek esa sakkiz daqiqa o‘tib jarohat oldi va o‘rnini Darmianga bo‘shatib berdi, Mxitaryan o‘rnini Augusto egalladi. Lekin «Inter» ikki yil oldin «Manchester Siti»ga qarshi finalda ko‘rsatgan o‘yinini ko‘rsata olmadi. Parijliklar bugungi kunda butunlay boshqa darajada ekanini namoyish etishdi. Fransiya chempionlari qarshi hujumlarda raqibni dog‘da qoldirishda davom etishdi. Kvaratsxeliya yana bir vaziyatda raqiblarni kechirdi, Due esa gol va golli uzatmasiga yana bir gol qo‘shib qo‘ydi. Uchinchi golli hujumni Dembele tovonidagi pasi bilan rivojlantirdi, Vitinya esa yakkama-yakka vaziyatga chiqib borayotgan Dezirega assistentlik qildi. Zommer yaqin burchakka yo‘llangan zarba qarshisida ojiz qoldi. O‘yin yakuniga 20 daqiqa qolganida esa Xvicha ham o‘z golini urdi. Bu vaziyatda ham asosiy ishni Usmon Dembele bajardi, u to‘pni «Inter» himoyachilari orasidan shunday o‘tkazdiki, u tezligi yuqori bo‘lmagan boshqa forvard ham qariya himoyachilardan qochib ketolgan bo‘lardi, tezkor Kvaratsxeliya esa ularga hech qanday imkoniyat qoldirmadi va o‘yin boshidan buyon yo‘llagan oltinchi zarbasida muvaffaqiyatga erishdi. «Inter» faqat hisob 0:4 holatida darvoza tomon to‘g‘ri borgan birinchi zarbasini yo‘lladi. Ammo Tyuramning yerlatib berilgan murakkab zarbasidan keyin Donnarumma o‘zini ko‘rsatdi. Ammo milanliklar gol urganida ham hech narsa o‘zgarmagan bo‘lardi, bu vaqtga kelib o‘yin masalasi hal bo‘lib ulgurgandi. «PSJ» fanatlari g‘alaba qo‘shiqlarini kuylayotgan, «Inter» muxlislari ko‘z yosh to‘kayotgand. 86-daqiqada esa Mayulu o‘yindagi beshinchi gol bilan «neradzurrilar»ni nokaut holatiga tushirdi va YeChL finallarida gol urgan eng yosh futbolchi maqomini Duedan olib qo‘ydi. Luis Enrike faoliyatida ikkinchi bor Chempionlar ligasi g‘olibligini qo‘lga kiritdi, Indzagi «Inter» bilan ikkinchi bor ushbu turnir finalida yutqazdi, bu uning Milan klubidagi so‘nggi o‘yini bo‘lib qolishi ham mumkin. Parijliklarni yorqin kelajak kutmoqda, ushbu jamoaning «Barsa», «Real» va boshqa grandlar bilan raqobati yaqin yillarda Yevropa futboli bezagiga aylanishi tayin. Muxlislar bu mavsumda yana bir buyuk jamoa tug‘ilishiga guvoh bo‘lishdi. O‘tgan yozda Yevropaning eng asosiy sovrini uchun Madridga yo‘l olgan Mbappe esa sobiq jamoadoshlariga va o‘zi ketganidan keyin jamoaga kelganlarga havas qilishga majbur.","#PSJ, #Inter, #kun o‘yinlari"
https://kun.uz/news/category/sport,Mashhurlar ishtirokidagi futbol turnirida janjal uyushtirganlardan biri 10 sutkaga qamaldi,01:30 / 01.06.2025,https://kun.uz/news/2025/06/01/mashhurlar-ishtirokidagi-futbol-turnirida-janjal-uyushtirganlardan-biri-10-sutkaga-qamaldi,"Alisher Uzoqov, Abdurahmon Mavlonov, Nurjalol Rahmonaliyev va Dilshod O‘rozboyev 3 mln 750 ming so‘mdan jarima to‘laydigan bo‘ldi.",,"Jar stadionida o‘tgan “Like Cup” loyihasi bir guruh ishtirokchilar o‘zaro kelishib janjallashishgan. Ularning maqsadi hayp qilish orqali ijtimoiy tarmoq sahifalarida obunachilar sonini ko‘paytirish bo‘lgan. Atayin uyushtirilgan janjal ortidan 4 fuqaroga jarima, 2 nafariga ma’muriy qamoq jazosi tayinlandi. Toshkent shahar IIBB Shayxontohur tumani Jar stadionida yuzaga kelgan janjalli holat yuzasidan lavha e’lon qildi. Unga ko‘ra, “Like Cup” loyihasi doirasida san’atkorlar va blogerlar o‘rtasida futbol bo‘yicha o‘tkazilgan o‘yinda bir guruh blogerlar o‘zari kelishib, janjallashishgan. Boshqarma janjalni keltirib chiqarganlar bilan suhbatlashib, nima sabab bu ish qilinganiga izoh olgan. Ta’kidlanishicha, qatnashuvchilar to‘polon ortidan yanada mashhurlikka intilishgan. “O‘zi bu oldindan kelishilgan edi, misol uchun janjallashib ketishimiz. Bu – piar-da, shou qilmoqchi bo‘lganman. Men endi yangi chiqqan blogerman, o‘zimga xayp ishlamoqchi bo‘ldim. Xalqdan kechirim so‘rayman, bu ish boshqa takrorlanmaydi”,– degan urushganlardan biri. “Sal mashhurroq bo‘lib, sal daromadimni ko‘paytirish maqsadida bular bilan kelishdik. Afsuski, ko‘pchilikka aytmaganimiz uchun tushunishmagan ekan. Do‘stim borib [boshi bilan urishu] nima qilish kerak edi, men borib yelka berishim kerak edi, qochib qolishi kerak edi. Bu ishimizdan afsusdamiz. Bu qilgan ishlarimiz boshqa qaytarilmaydi”,– degan yana biri. Vaziyat yuzasidan Shayxontohur tumani IIO FMB tomonidan tekshiruv o‘tkazilib, turnir ishtirokchilari bilan profilaktik suhbat olib borilgan. “Like Cup” loyihasi jamoatchilik o‘rtasida keskin e’tirozlar keltirib chiqarganligi va huquqbuzarlik sodir etilishiga sabab bo‘lganligi uchun vaqtincha to‘xtatilgan. “Juda katta xato bo‘ldi, ya’ni biz tashkilotchilar tomonidan va qolaversa, mana shu epizodni yuzaga keltirgan ayrim bir futbolchilar tarafidan xunuk holat yuzaga keldi va bu holat bir madaniyat xodimi sifatida meni o‘zimga juda qattiq ta’sir qildi. Biz tarafdan mana shuni nazoratga ololmaganimiz, ularning hissiyotlarini biz nazoratga ololmaganimiz tashkilotchilarning katta xatosi bo‘ldi deb o‘ylayman. Xalqimizdan ham shu yigitlarni ko‘rsatgan hunari uchun uzr so‘rayman”,– degan loyiha tashkilotchisi Alisher Uzoqov. Jinoyat ishlar bo‘yicha Shayxontohur tuman sudining sayyor sud majlisida Alisher Uzoqov, Abdurahmon Mavlonov, Nurjalol Rahmonaliyev va Dilshodbek O‘rozboyev  MJtKning 183-moddasi hamda 194-moddaning birinchi qismida ko‘rsatilgan huquqbuzarliklarni sodir etganlikda aybdor deb topilib, to‘rttala huquqbuzarning har biriga BHMning 10 barobari miqdorida jarima jazosi tayinlangan. Janjalda qatnashgan Ozodbek O‘rozboyev esa MJtKning 183- hamda 194-moddansiing birinchi qismida ko‘rsatilgan huquqbuzarliklarni sodir etganlikda aybdor deb topilib, 10 sutka ma’muriy qamoq jazosi tayinlangan. Yana bir ishtirokchi Kamoliddin Mamajonov ham MJtKning shu moddalari bilan aybdor deb topilib, BHMning 12 barobari miqdorda jarima jazosiga tortilgan.","#Alisher Uzoqov, #Like Cup, #Abdurahmon Mavlonov"
https://kun.uz/news/category/sport,Qizaloq va Lucho: bir muhabbat tarixi,21:20 / 31.05.2025,https://kun.uz/news/2025/05/31/qizaloq-va-lucho-bir-muhabbat-tarixi,,,"Bugun 31 may. Tun yarmidan oqqanda Myunhenda insoniyat tarixidagi eng zo‘r sport musobaqasi – Yevropa Chempionlar Ligasi finali boshlanadi. Biz tengi yigitlar uchun bu musobaqa o‘zgacha qadrli. Axir endi-endi futbolga qiziqa boshlagan vaqtimizda turnir yangicha formatga o‘tib dunyodagi eng zo‘r musobaqaga aylanayotgandi-da. {Yii::t(} O'tkazib yuborish 6s O'tkazib yuborish YeChLning afsonaviy musiqasi yangraganda Teddi Sheringhemning yosh bolalarcha golni nishonlab yugurgani, hal qiluvchi penaltini qaytargan Oliver Kanning vajohat bilan baqirgani-yu, Zidanning takrorlab bo‘lmaydigan golini kechagiday eslaymiz. U vaqtlar «svet» ko‘p o‘chardi, internet zamoni ham boshlanmagan, finallarni doim kimningdir uyida yoki ko‘chada akkumulatormi, «dvijok»mi yoqib, to‘planib ko‘rardik. Shu bois bu ajoyib musobaqa finallarining har bir lahzasini entikib eslaymiz. Shuncha yil o‘tdi hamki Chempionlar Ligasi finali bo‘ladigan kun yana biz futbol muxlislarining yuragi tez urishni boshlaydi, kimga muxlislik qilishimizdan qat’i nazar. Chunki bugun qaysidir jamoa futbol taxtiga o‘tiradi, kamida bir yilga… Bugungi finalni tomosha qilish uchun yana bir sabab borki, men mana shu haqda hikoya qilib bermoqchiman. G‘alabaga eng munosib ota Bugungi finalda PSJ va «Inter» to‘qnash keladi. Ha, bu mavsumda «Barselona», «Arsenal» yoki «Real» zo‘r o‘yin ko‘rsatgan, finalga loyiqdek ko‘ringandir, lekin ishoning, aynan Yevropaning bugungi kundagi eng munosib ikki jamoasi finalga yetib keldi. «Inter» hatto final yo‘lida «Barsa»ni yengish uchun A seriyaga jiddiy e’tibor qilolmay, skudettoni «Napoli»ga boy berdi. PSJ esa yo‘lidan chiqqan barcha ingliz jamoalarini «yamlamay yutdi», hatto yutib bo‘lmaydigandek ko‘ringan «Liverpul»ni ham. Parijliklar finalga Messi, Neymar, Mbappe kabi megayulduzlarning javobini berganidan keyin yetib kelgani qanchalik ramziy, a? Xuddi futolning o‘zi unda nomlarning ahamiyati yo‘qligini ko‘rsatib qo‘ygandek. Endi Parijda boshqa yulduz bor – Luis Enrike. Lucho Yevropaning eng zo‘r murabbiylaridan biri ekanini «Barselona»da vaqtidayoq isbotlab bo‘lgan. Lekin o‘shandan keyin murabbiy jiddiy sinovga duch kelgandiki, uni yengib o‘tish hammaning ham qo‘lidan kelmaydi. Bugungi final ispaniyalik murabbiy uchun ayniqsa ahamiyatli. 2015 yil Luis Enrike «Barselona» bilan Chempionlar Ligasini yutadi. Berlindagi finaldan keyin dunyoda Enrikedan baxtli odam yo‘q edi. U 6 yoshli qizalog‘i Xana bilan g‘alabani nishonlab suratga tushadi. Qizaloq «Barselona» bayrog‘ini ushlab tushgan suratni hamma ko‘rgan bo‘lsa kerak. Biroq o‘sha baxtli onlardan 4 yil o‘tib Enrikening oilasi jiddiy sinov bilan yuzlashadi. 9 yoshli Xanada saraton aniqlanadi. Suyak saratoni bolalarda kam uchraydigan kasallik edi, shu sabab oila kasallik haqida juda kech xabar topadi. O‘shangacha hech qanday alomat ham sezilmagandi. Luis qiziga qo‘yilgan tashxisdan Maltada xabar topadi. U Ispaniya milliy jamoasi bilan Yevropa chempionati saralashi o‘yiniga tayyorlanayotgandi. Murabbiy tezda Barselonaga yo‘l oladi. Ko‘p o‘tmay Luis Ispaniya milliy jamoasidan ketadi, chunki qizi og‘ir kasalga chalingani uchun futbolga e’tibor berolmasdi. Keyingi yarim yilni Enrike va oilasi kasalxona koridorlarida o‘tkazadi, murabbiy ozib ketadi. Qizaloq besh oy davomida kasallik bilan kurashadi, lekin 2019 yil 29 avgust kuni vafot etadi. Bu haqda Enrikening o‘zi xabar beradi. «Qizalog‘imiz Xana og‘ir kasallik bilan besh oy kurashganidan so‘ng bizni tark etdi. Kasalxonadagi shifokorlar, hamshiralar, bizga yordam bergan hammaga rahmat deymiz. Xana, seni sog‘inamiz, qizim. Sen bilan o‘tgan har bir kunimizni eslab yuramiz, sen oilamiz uchun yo‘lchi yulduz bo‘lasan, ruhing orom olsin, Xanita», deb yozadi Enrike. Luis 4 yil o‘tibgina qizini yo‘qotgandagi hissiyotlarini bo‘lishadi. Ispaniya telekanali u haqda hujjatli film suratga oladi. «Bilasizmi, men o‘zimni baxtli odam deb hisoblayman. Chunki Xanita bilan 9 yil ajoyib damlarni o‘tkazdik. U bilan o‘tgan har bir lahzani eslayman, kulaman. Uni eslatadigan xotiralar, videolar bor. Bir kuni ota-onamning uylariga bordim. Qarasam, uyda Xananing birorta surati yo‘q. «Ona, nega uning suratini qo‘ymagansiz?», dedim. Onam «Bardosh berolmayman, bolam», dedi. Men esa «Onajon, u jisman bizni tark etgani bilan ruhan doim yonimizda», dedim. Keyin uyga Xananing suratini ilib qo‘ydik», degandi filmda Enrike. Qaytish 2019 yil noyabrda Ispaniya milliy jamoasiga qaytgan Enrike u yerda o‘zi xohlagandek ishlolmaydi. Jamoa Yevropa chempionati va mundialda muvaffaqiyatsiz qatnashadi. Bu vaqtda Luis Enrikening salomatligi ham yomonlashgandi. 2023 yil murabbiy yana klubdagi murabbiylikka qaytadi. Lucho jahon yulduzlarini olib kelib ham Chempionlar Ligasini yutolmayotgan PSJni qabul qilib oladi. Bu katta tavakkal edi, chunki klubda ichki muammolar mavjud, Mbappe «chemodan kayfiyatida» o‘ynayotgandi. Birinchi mavsumida Enrike klub rahbariyatidagi jamoadan ustun turadigan yulduzlar kerak emasligini aniq qilib tushuntiradi. Mbappe ba’zi o‘yinlarda zaxirada qolib, ba’zan o‘yin tugamay zaxiraga olinardi. Keyingi mavsum ham Luis uchun qiyin boshlanadi. Lekin keyinchalik PSJ oldidan chiqqan barchani yengishni boshladi, Usmon Dembele Yevropaning eng yaxshi futbolchilaridan biriga aylandi. Jamoa kim uchundir emas, PSJ uchun o‘ynashni boshlaydi. Buning nomini esa murabbiy jamoasi deyishadi. Shu tariqa Parij haqli tarzda Chempionlar Ligasi finaliga chiqdi. Bu birinchi final emas, albatta: Mbappe va Neymar avval ham finalga chiqqandi, lekin o‘shanda «Bavariya» yaqqol favorit edi. Endi PSJ klub tarixida ilk marta favorit sifatida YeChL finalida o‘ynaydi. «Bayroqni yana bir bor ko‘tarishni istayman» Luis Enrike uchun bu final o‘zgacha. «Arsenal» bilan o‘yindan keyin murabbiy 2015 yildagi finalni yodga oldi. «O‘shanda qizim «Barselona» bayrog‘ini ko‘tarib yugurgani esimdan chiqmaydi. PSJ bilan g‘olib bo‘lsak, yana bayroqni ko‘tarib rasm tushmoqchiman. To‘g‘ri, finalda u jismonan biz bilan bo‘lmaydi, lekin ruhan doim yonimizda. Bu men uchun juda muhim», degandi murabbiy. Bugungi finalda munosib jamoa g‘olib bo‘lsin, sport shunisi bilan go‘zal. Lekin men bugun Luis Enrikega omad tilayman. Olg‘a, Lucho! Sen Xanita uchun ham bu shalpangquloq kubokni yutishing va bayroqni ko‘tarishing kerak... O‘tkir Jalolxonov tayyorladi Tasvirchi va montaj ustasi – Faxriddin Hotamov","#Luis Enrike, #YeChL"
https://kun.uz/news/category/sport,Final oldidan: kim va nega g‘olib chiqishi mumkin?,16:34 / 31.05.2025,https://kun.uz/news/2025/05/31/final-oldidan-kim-va-nega-golib-chiqishi-mumkin,«PSJ» va «Inter» o‘rtasidagi YeChL finalining asosiy intrigalari haqida.,https://storage.kun.uz/source/11/Vf9MnqQ3dMiMG4ggiInPrPR3Z-HfA8lb.jpg,"Bugun, Toshkent vaqti bilan 31 may kuni soat 23:55 da Myunxendagi «Alyans Arena» o‘yingohida «PSJ» va «Inter» Chempionlar Ligasining navbatdagi g‘olibini aniqlash uchun maydonda saf tortadi. Fransiya va Italiya to‘qnashuvi Yevropaning nufuzli turnirlari haqida gap ketganda, birinchi navbatda kuchli beshlikdan Angliya, Ispaniya hamda «Bavariya» tufayli Germaniya tilga olinadi ko‘pincha. Italiya va Fransiya jamoalari odatda keyingi o‘rinlarda sanaladi. Bu safargi final bu an’anaga ters ravishda aynan shu ligalar vakillari o‘rtasida o‘tishi ham ajoyib, futbolda hech narsani oldindan taxmin qilib bo‘lmasligini anglatayotgandek go‘yo. Hozirda moliyaviy muammolar sababli pasayib qolgan bo‘lishsa-da, o‘z vaqtida Italiya eng kuchli liga bo‘lgan va «kichik jahon chempionati» deb ham atalgan. Shuning uchun nisbatan olganda italiyaliklarda tarixan sovrin ko‘proq – shu paytgacha 12 marta Italiya klublari YeChL (avval Chempionlar kubogi) g‘olibiga aylanishgan. Finalda yutqazish bo‘yicha esa Italiya yaqqol peshqadam – 17 marta. «Inter» umumiy jadvalda 7-jamoa sanaladi – milanliklar 3 marta ushbu turnir g‘olibiga aylangan bo‘lishsa, 3 marta finalda mag‘lubiyatga uchrashgan. Yangi formatga o‘tilgach, Chempionlar Ligasiga aylangandan keyin «Inter» 2010 yilda g‘alaba qozongan bo‘lsa, 2023 yilda «Manchester Siti»dan mag‘lubiyatga uchradi. Fransiya uchun bu sakkizinchi final. Fransiya klublari o‘z tarixida faqat bir marta Yevropada eng kuchli deb topilgan. 1993 yilda Marselning «Olimpik» klubi finalda Milanning shu nomdagi boshqa jamoasini 1:0 hisobida mag‘lub etgan. Ya’ni, «PSJ» g‘alaba qozonadigan bo‘lsa, o‘z tarixida ilk bor Chempionlar Ligasi kubogi egasiga aylanadi. Parijliklar bunga 2020 yilda ham urinib ko‘rgan, ammo o‘shanda «Bavariya»ga mag‘lub bo‘lingandi (0:1). Murabbiylar Albatta Luis Enrike hamkasbiga nisbatan tajribaliroq. Simone «Latsio»da katta futboldagi ilk murabbiylik qadamlarini qo‘yayotganda, Enrike «Barselona» bilan Chempionlar Ligasini yutgandi. Simone Italiyada faqat bir marta, 2023/24 yillar mavsumida chempionlikka erishgan va bir qator ichki kuboklar sohibi bo‘lgan, Luis Enrike esa Ispaniya, Fransiya va Italiya chempionatlari tajribasiga ega, hatto milliy jamoani ham boshqargan, Messi va Mbappe kabi eng oliy toifadagi yulduzlar bilan ishlagan. O‘z navbatida, agar bugungi jamoalar solishtirilganda, Indzagida ustunlik ko‘rishimiz mumkin. U to‘rt yildan beri ayni jamoa, ayni futbolchilarni shug‘ullantirmoqda va tarkib bir xil uslub bilan turli yo‘llarni, turli mag‘lubiyatlarni ham boshdan o‘tkazdi. «PSJ» nisbatan yangi jamoa, Enrike ikki yil oldin tashrif buyurgan bo‘lsa-da, aynan shu ko‘rinishdagi «PSJ» ilk mavsumini o‘tkazmoqda. Shaxsiy tomondan ham har ikkisining o‘ziga xos dramasi bor. Simone Indzagining futbolchilik faoliyati akasi Filippening soyasi ostida o‘tdi deyish mumkin. Indzagi deganda, hamma baribir Filippeni tushunar, u Italiyada va Yevropada bir qator sovrinlar, Chempionlar Ligasidan tortib, jahon chempionatigacha yutgan bo‘lsa, Simonening faoliyati ancha kamtar o‘tgan – «Latsio»da birgina chempionlik bilan kifoyalangan. Ammo murabbiylikda Simone ancha usta chiqdi. Chempionlar Ligasini yutibgina Simone o‘z ismini futbolga chuqurroq yozishi va Indzagi deganda «qaysi biri?» degan savollarga o‘rin paydo bo‘lishi mumkin. ... 2019 yilda Luis Enrikening 9 yoshli qizi Ksana og‘ir xastalik tufayli vafot etadi. O‘sha paytda Ispaniya milliy jamoasini boshqarib yurgan murabbiy shu sabab bilan jamoani tark etgan, hatto futbolga qaytishi ham so‘roq ostida qolgandi. Keyinroq u yana asosiy jamoa boshqaruvini qo‘lga oladi, Yevropa chempionatida qatnashdi ham. Albatta, bo‘lib o‘tgan fojiadan so‘ng yirik turnirda g‘alaba qozonish Enrike uchun o‘zgacha ma’no kasb etsa kerak va bu g‘alabani qizi Ksanaga bag‘ishlashi tayin. Darvoqe, finalni qaysidir ma’noda Rimga ham bog‘lash mumkin. Simone Indzagi «Latsio» tarkibida uzoq yillar maydonga to‘p surgan, besh yil bu jamoani boshqargan ham. Luis Enrike esa Rimning qizil tomoniga tegishli – uning futboldagi birinchi murabbiylik jamoasi 2011/12 yilgi mavsumda «Roma» bo‘lgandi. Kim favorit? Yaqinda «Myach prodakshn» portali ijodkorlari har ikki jamoaning ustunlik jihatlari haqida mulohaza yuritib, g‘oliblik uchun har ikki ishtirokchida ham asoslar yetarli ekanini sanab o‘tishdi. Quyida ushbu mulohazalarni keltiramiz. « PSJ » g‘alabasi uchun qanday omillar bor? Foto: Getty images Jamoada ojiz nuqtalar yo‘q. Xavfli vaziyatlar, to‘p nazorati va aniq paslar bo‘yicha parijliklar turnirning eng yaxshilaridan, urilgan gollar soni bo‘yicha faqat «Barselona»dan ortda. Himoya chizig‘i darajasi ham yuqori: o‘z darvozasi oldida yo‘l qo‘yilgan vaziyatlar bo‘yicha hatto himoyaviy sanalgan «Inter»dan ham yaxshiroq. Darvozabon o‘zining eng yaxshi mavsumini o‘tkazmoqda. Soat mexanizmidek yo‘lga qo‘yilgan Luis Enrike g‘oyalarini ham hisobga olsak, g‘irt futbol faktorlari va mantiq bo‘yicha «PSJ» yaqqol favorit bo‘lishi kerak. Ko‘p qatlamli hujum chizig‘i. Dembele futbolchilik faoliyatidagi eng yaxshi formasida va «Oltin to‘p»ga da’vogarlardan biri. Vingerlar tezkor, yuqori texnikaga ega – himoyachilar tomon yurishi, uzoqdan zarba ham berishi mumkin. Ikki lateral – Mendesh va Hakimi tinimsiz ravishda hujumni qo‘llab-quvvatlaydi. Har ikkisi ham gollar urishadi, oldingi chiziqqa uzatilgan paslar bo‘yicha turnirning kuchli o‘nligiga kirishadi. Yarimhimoyani hisobga olmaganda ham bir vaqtning o‘zida «PSJ»ning 5-6 nafar futbolchisi raqib darvozasiga xavf tug‘diradi. Jismoniy ko‘rsatkichlar . «PSJ» tarkibi ancha yosh va «Inter»ning butunlay aksi. Zaxira o‘rindig‘i ham ancha keng, ya’ni almashtirishlardan so‘ng ham temp tushib ketmaydi. O‘rtacha olganda, har o‘yinda «PSJ» futbolchilari «Inter»nikiga nisbatan o‘rtacha 30 km ko‘proq yugurar ekan. Bundan tashqari, chempionatda «PSJ» ancha oldin hammasini hal qilgan va ikki oydan beri aynan YeChL uchun tayyorlanmoqda. «Inter» esa mavsum oxirida ko‘p kuch sarflab yubordi. Raqib ustunliklarini yo‘qqa chiqarish . «PSJ» jarohatlar girdobidagi «Bavariya» yoki himoyada bo‘sh nuqtalari mavjud bo‘lgan «Barselona» emas. Parijliklar juda tekis, xatosiz, tartibli himoyalanadi. Jamoa YeChLda to‘pni olib qo‘yish, egallash bo‘yicha eng yaxshi ko‘rsatkichlarga ega, jismoniy tomondan kuchli bo‘lgan himoyachilar esa har qanday qarshi hujumlarga dosh bera oladi. Markazdagi portugaliyaliklar ham himoyada ancha kuchli, Vitinya to‘pni egallash, Nevesh esa raqibdan olib qo‘yish bo‘yicha turnirdagi eng yaxshi futbolchilar. Natija uchun o‘ynash . Parijliklar nafaqat raqibga bosim qilish, o‘yinni o‘ldirishni ham yaxshi o‘zlashtirgan. “Arsenal”ga qarshi yarimfinaldagi kabi tashabbusni bemalol raqibga topshirib ham qo‘yishi mumkin. Muhimi turli zarbalarni qabul qila oladi – “Manchester Siti”ga qarshi o‘yinni eslang, vaqtida burilish yasab, turnirni tark etish ostonasidan qaytgandilar. Yoki Birmiemda “Aston Villa”ning kambekidan sochilib ketishmadi. Ya’ni bu biz bilgan “PSJ” emas, Luis Enrike shogirdlari turli ssenariylarda o‘zini yaxshi his qila oladi. «Inter» g‘alabasi uchun qanday omillar bor? Foto: Getty images Pressingdan chiqish . Milanliklar uchun «PSJ» uslubi qulay. Indzagi raqibni pressingga chaqirib, ochiq zonalar yuzaga keltirish va ulardan foydalanishga usta. Xuddi shu shaklda ular «Bavariya» va «Barselona»ni ko‘p bor qopqonga tushirishdi va bu jamoalarga jami 11 gol urishga muvaffaq bo‘lishdi. Myunxenliklar bilan o‘yinda Zommer to‘pni oyog‘ida saqlab, kimdir kelishini uzoq vaqt kutganini eslang. «Inter» bu turnirda eng ko‘p golni raqibga nisbatan kamroq to‘pni nazorat qilgan o‘yinlarda urdi.. Hammasi to‘g‘ri ishlaydi: yarimhimoyachilar aniq o‘tkir paslar uzatadi, hujumchilar ustalik bilan to‘p uchun kurashib, uni yo‘qotmaydi. Tajriba . «Inter» uchun bu so‘nggi uch yildagi ikkinchi final. O‘sha murabbiy, deyarli o‘sha futbolchilar. Kuchli beshlik jamoalari ichida eng tajribali tarkib hisoblanadi. «PSJ» tarkibi deyarli yangi, 2020 yildagi finaldan faqat Markinos qolgan. Chempionlar Ligasi o‘ziga xos turnir, bu yerda ming kuchli bo‘lsangiz ham, birdaniga chiqib yutib ketish qiyin. «Bavariya» 2013 yilda chempion bo‘lguncha ikki finalni boy bergan, «Liverpul» va «Manchester Siti» ham alamli mag‘lubiyatlardan so‘ng shohsupaga chiqishgan. Realizatsiya . «Inter» deyarli har ikki aniq zarbadan birini golga aylantiradi. «Bavariya»ga qarshi 2.2 xG’dan 4, «Barselona»ga esa 3.0 xG’dan 7 gol urishdi. Bu hammasi emas, raqiblar ham «Inter»ga qarshi o‘yinlarda realizatsiyada oqsashadi. Ba’zida darvoza ustuni, ba’zida Zommerning mo‘jizaviy seyvlari muqarrar goldan asrab qoladi. Bunday omad va chidamga qarshi parijliklarga oson bo‘lmasligi tayin. Axir «PSJ»ning o‘zi odatda yaratilgan vaziyatlardan kamroq gol uradi. Indzagining o‘yin boshqaruvi . «Inter» faxriylari bor kuchini ishlatgach, ayni kerakli pallada zaxiraga olinadi. Zaxiradan o‘yinga qo‘shiladigan Frattezi esa hal qiluvchi golni uradi. Indzagi taktik yurishlar orqali o‘yinlarda burilish yasashni biladi. «Barselona»ga qarshi birinchi o‘yinda himoyalanish paytida futbolchilarni kengroq joylashtirib, qarshi hujumlarga zamin hozirlagan bo‘lsa, ikkinchi o‘yinda Augustoga yordamchi qilib Torimiyni tushirdi va jamoa Yamalni yaxshiroq to‘xtata boshladi. Simone juda moslashuvchan, ba’zi o‘yinlarda «Inter» to‘liq tashabbus ko‘rsatadi, ba’zilarida esa ikkinchi raqamda samarali harakat qiladi. Jasorat. Chempionlar Ligasidagi 14 o‘yinning 13 tasida uchrashuvning eng yaxshisi aynan «Inter» a’zosi bo‘lgan. Ahamiyatli tomoni, sakkiz farqli futbolchi. Maydonga tushishi so‘roq ostida bo‘lgan Lautaro Martines «Barselona»ga qarshi chiqib gol uradi, o‘ng qanot himoyachisi Dumfris gol va uzatmalar bo‘yicha rekord urib tashlaydi, og‘ir kasallikni yenggan Acherbi esa yarimfinalning so‘nggi soniyalarida jamoasini qutqarib qoladi. Po‘latdek bardoshli yigitlar haqidagi superqahramonlar filmiga o‘xshaydi va bu yaxshilik bilan tugashi kerakdek. Finalgacha yo‘l «Inter» ilk bosqichdan boshlab o‘tkazgan 14 o‘yinining 10 tasini o‘z foydasiga hal qilgan. Uch o‘yin durang va faqat bir uchrashuvda milanliklar mag‘lubiyat alamini totishgan. To‘plar nisbati: 26-11 Guruh bosqichi: «Manchester Siti» (safarda) – 0:0, «Tsrvena Zvezda» (uyda) – 4:0, «Yang Boyz» (safarda) – 1:0, «Arsenal» (uyda) – 1:0, «Leypsig» (uyda) – 1:0, «Bayyer» (safarda) – 0:1, «Sparta» (safarda) – 1:0, «Monako» (uyda) – 3:0. 1/8 final. «Feyyenord» – 2:0, 2:1 1/4 final. «Bavariya» – 2:1, 2:2 1/2 final. «Barselona» – 3:3, 4:3. «PSJ» dastlabki bosqichdan to‘g‘ridan to‘g‘ri nimchorak finalga chiqa olmagani uchun 2 ta ko‘proq o‘yin o‘tkazgan. 16 uchrashuv, 10 g‘alaba, 1 durang, 5 mag‘lubiyat. To‘plar nisbati: 33-15 Guruh bosqichi: «Jirona» (uyda) – 1:0, «Arsenal» (safarda) – 0:2, PSV (uyda) – 1:1, «Atletiko» (uyda) – 1:2, «Bavariya» (safarda) – 0:1, «Red Bull» (safarda) – 3:0, «Manchester Siti» (uyda) – 4:2, «Shtutgart» (safarda) – 4:1. Pley-off. «Brest»– 3:0, 7:0 1/8 final. «Liverpul» – 0:1, 1:0 1/4 final. «Aston Villa» – 3:1, 2:3 1/2 final. «Arsenal» – 1:0, 2:1. Kim qahramon bo‘ladi? Har ikki jamoada ham yetakchilikni qo‘liga olishi, final qahramoni bo‘lishga loyiq futbolchilar ko‘p. Usmon Dembele . Usmon faoliyatidagi eng yaxshi mavsumini o‘tkazyapti va agar parijliklar g‘alaba qozonadigan bo‘lsa, u «Oltin to‘p» uchun kurashda favoritga aylanishi shubhasiz. Savollar qolmasligi uchun esa u finalda ham o‘zini ko‘rsatishi kerak bo‘ladi. Dembeledagi yorqinlik va tilga tushganining sabablaridan biri, xuddi jamoasi singari u ham mavsumning ikkinchi yarmidan, 2025 yildan sermahsul o‘yin ko‘rsata boshladi. Chempionlar Ligasi doirasida unda 8 gol va 4 assist mavjud bo‘lsa, 8+3 aynan so‘nggi turlar va pley-off bosqichiga to‘g‘ri keladi. Ayniqsa, «Arsenal» va «Liverpul» darvozalariga urilgan safardagi gollar Dembelening aynan qiyin pallalarda kerakli farqni o‘rtaga chiqara olishini isbotlayapti. Lautaro Martines. «Inter»ning eng tajribali va yetakchi hujumchisi. So‘nggi yillardagi «Inter»ni Lautarosiz tasavvur qilib bo‘lmaydi. Umuman, argentinalik futbolchilarning ushbu jamoadagi roli juda katta, hatto tarixdagi eng yaxshi 10 to‘purarning 8 nafari argentinalik ekan. «Inter» dunyo futboliga argentinalik murabbiy Elanio Erera bilan kirib kelgani ham bejiz emas. Xullas, «Inter»ning har qanday g‘alabasini Lautaro ishtirokisiz tasavvur qilish imkonsiz. Agar «Inter» gol ursa, albatta, Lautaro unda qatnashadi. Janluiji Donnarumma. Donnarumma agar bir turnirning biror o‘yinida qahramonlik ko‘rsatsa, bu o‘yin beiz ketmasligi uchun oxirigacha o‘sha darajada o‘ynash odati bor. Buni biz Italiya g‘olib bo‘lgan Yevropa chempionatida ham ko‘rgandik. Liverpuldagi o‘yin Janluijining eng yaxshi o‘yinlaridan biri bo‘lgandi, darvozabon xuddi shunday o‘yinni «Villa» va «Arsenal»ga qarshi bahslarda ham davom ettirdi. Birminghemdagi javob o‘yinida Asensioning vaziyati, «Arsenal»ning Parijdagi javob o‘yinining birinchi bo‘limdagi bosimi aynan Donnarummaning bexato harakatlari evaziga bartaraf etildi. Zommerdan farqli ravishda Janluiji nafaqat hal qiluvchi seyvlar amalga oshiradi, balki jarima maydoni ichida qirolga aylanib, standart vaziyatlar, raqibning yuqori qavatdagi uzatmalariga katta to‘siq ham bo‘ladi. Uning atrofida to‘pni xotirjam nazorat qilish imkonsiz. Xvicha Kvaratsxeliya. Xvicha «Inter»ga qarshi eng ko‘p maydonga tushgan futbolchi. «PSJ»ning mavsumdagi burilishiga sabab bo‘lgan transfer. Uning tarkibga qo‘shilishi jamoa o‘yinini boyitdi, zero gurjistonlik futbolchi oddiy vinger emas, unda pleymeykerlik qobiliyati Due yoki Barkolyaga nisbatan ko‘proq. Xvicha bilan «PSJ» hujumlardagi bir xillik yo‘qoldi, raqib endi xavfni qanday va qay shaklda kelishini bilmasdan qiynala boshladi. Agar «Inter» himoyaviyroq taktika tanlab, jarima maydoni atrofida ko‘proq futbolchilarni joylashtiradigan bo‘lsa, Dembelening tezkor oyoqlaridan ham ko‘ra, Xvichaning miyasi, uzoq masofadan beradigan zarbalari muhim ahamiyat kasb etishi mumkin. Denzel Dumfris. Mavsumda Yevropaning eng sermahsul himoyachilaridan biri. Ayniqsa «Barselona»ga qarshi o‘yinlarda oddiy qanot himoyachisi qay darajada o‘yin taqdirini hal qilishi mumkinligini isbotladi. Yarimfinalning ikki o‘yinida u 2 gol va uch assist qayd etdi. Bu yil «Barselona»ga qarshi o‘ynagan futbolchilar ichida faqat Mbappeda (unda 4 o‘yin) yaxshiroq ko‘rsatkich qayd etilgan, xolos. Dumfrisning faolligi nafaqat «PSJ» himoyachilariga boshog‘riq bo‘ladi, balki raqibning hujumlarini ham ehtiyotkor qilishi mumkin. Dumfrisning «PSJ» chap qanotidagi Mendesh bilan duellari esa finalning asosiy qarama-qarshiligiga aylanishi turgan gap. Iqtiboslar Simone Indzagi: «Har bir o‘yin – alohida tarix. Har bir detalga to‘xtalishga harakat qildik, butun tarkib tayyor – bunaqasi mavsum davomida hech bo‘lmagandi. Jamoa muhitida ishonch hukmron. Biz maydonga istak va qat’iylik bilan chiqishimiz kerak. Biz finalgacha juda qiyin yo‘lni bosib o‘tdik. Shu yerda to‘xtamoqchi emasmiz va yigitlar buni yaxshi tushunib turishibdi. Chempionlar Ligasini yutish uchun hamma narsa kerak. Eng mayda jihatlargacha e’tibor qaratyapmiz. Raqibimiz juda kuchli. Enrikeni esa ham mutaxassis, ham inson sifatida qattiq hurmat qilaman». Luis Enrike: «Eng murakkab vazifa aslida oddiy. Agar jamoa himoyalansa, har bir chiziqda hudud kamayadi, lekin aynan shu fazada yigitlarim juda kuchli. Muammo nimada? «Inter»ning himoyasida ham, hujumida ham individual jihatdan kuchli futbolchilar jamlangan. Birgina gol bilan hammasi hal bo‘lishi mumkin. Eng muhimi finalga moslashish kerak. Nima bo‘lgandayam men optimistman». Taxminiy tarkiblar: «PSJ», 4-3-3: Donnarumma – Hakimi, Markinos, Pacho, Mendesh – Nevesh, Ruis, Vitinya – Xvicha, Due, Dembele. «Inter», 3-5-2: Zommer – Bastoni, Acherbi, Pavar – Dimarko, Mxitaryan, Chalxono‘g‘li, Barella, Dumfris – Martines, Tyuram.","#YeChL, #PSJ, #Inter"
https://kun.uz/news/category/sport,Bektemir Meliqo‘ziyev amerikalik bokschidan ustun keldi,10:48 / 31.05.2025,https://kun.uz/news/2025/05/31/bektemir-meliqoziyev-amerikalik-bokschidan-ustun-keldi,Bektemir Meliqo‘ziyev Las-Vegasda o‘tkazilgan boks oqshomidan so‘ng WBA kamari uchun rasmiy da’vogarga aylandi.,https://storage.kun.uz/source/11/5fEWMsUBbRFD5jhXeOrS1Gj7SnAE-jiE.jpg,"O‘zbekistonlik Bektemir Meliqo‘ziyev Las-Vegasda o‘tkazilgan boks oqshomida navbatdagi g‘alabasini qo‘lga kiritdi . Bektemir Meliqo‘ziyev amerikalik mag‘lubiyatsiz bokschi Daryus Fulgxemga qarshi 12 raundlik jangda ustun keldi va WBA kamari uchun rasmiy da’vogarga aylandi. Mazkur g‘alaba Bektemir Meliqo‘ziyev uchun katta ahamiyatga ega. U nafaqat raqibiga professional faoliyatidagi ilk mag‘lubiyatni taqdim etdi, balki bu orqali o‘zining WBA (Jahon boks assotsiatsiyasi) kamari uchun rasmiy da’vogar maqomini ham qo‘lga kiritdi.","#boks, #Bektemir Meliqo‘ziyev, #Daryus Fulgxem"
https://kun.uz/news/category/sport,Murodjon Ahmadaliyev meksikalik bokschini mag‘lubiyatga uchratdi,09:55 / 31.05.2025,https://kun.uz/news/2025/05/31/murodjon-ahmadaliyev-meksikalik-bokschini-maglubiyatga-uchratdi,10 raund etib belgilangan jangning 8-raundida Murodjon Ahmadaliyev raqibini texnik nokautga uchratdi.,https://storage.kun.uz/source/11/VCB1k7i_6kY2CAHY6g7ZzOMUbKMNjMVy.jpg,Meksikada o‘tkazilgan professional boks kechasida o‘zbekistonlik Murodjon Ahmadaliyev mezbonlar vakili Luis Kastilio bilan jang o‘tkazdi . 10 raund etib belgilangan jangning 8-raundida Murodjon Ahmadaliyevga raqibi qarshilik ko‘rsata olmadi. Hakam bahsni to‘xtatdi va Luis Kastilio texnik nokautga uchragani to‘g‘risida qaror chiqardi. Murodjon Ahmadaliyevning professional boksdagi janglari soni 15 taga yetdi. Ulardagi g‘alabalar soni esa 14 tani tashkil qilmoqda.,"#boks, #Murodjon Ahmadaliyev, #Luis Kastilio"
https://kun.uz/news/category/sport,"Stadionda janjal «uyushtirgan» shou-biznes vakillariga ma’muriy bayonnoma tuzilib, ish sudga yuborildi - IIBB",18:47 / 30.05.2025,https://kun.uz/news/2025/05/30/stadionda-janjal-uyushtirgan-shou-biznes-vakillariga-mamuriy-bayonnoma-tuzilib-ish-sudga-yuborildi-iibb,"Toshkent shahar IIBB «Likecup» loyihasi doirasidagi futbol uchrashuvida uyushtirilgan huquqbuzarlik oqibatida loyiha vaqtincha to‘xtatilganini ma’lum qildi. Shuningdek, janjalni sahnalashtirganlar va unda qatnashganlarning barchasiga ma’muriy bayonnoma rasmiylashtirilib, ish JIB Shayxontohur tuman sudiga yuborildi.",https://storage.kun.uz/source/11/-0A3S7DMXHyVLoXv0KjguPpCsWnDOo6D.jpg,"28 may kuni «Likecup» loyihasi doirasida shou-biznes vakillari va instablogerlar o‘rtasida o‘tkazilgan futbol uchrashuvida janjal kelib chiqdi. Jonli efirda ketgan hamda tarmoqlarda tarqalgan videoda o‘yin yakunida D.Nazarov boshqa o‘yinchini turtib janjal boshlagani ko‘rinadi. Shundan so‘ng Nazarovga boshqa o‘yinchi tashlangan hamda holat ommaviy tartibsizlikka aylanib ketgan. Keyinroq boshlovchi Alisher Uzoqov bu janjal uyushtirilgani va bu “sahna ko‘rinishi”dan Milliy gvardiya xodimlari ogohlantirilmagani haqida aytib chiqdi . Shou-biznes vakillarining jamoat joyida sodir qilgan ushbu huquqbuzarligi jamoatchilikning haqli e’tirozlariga sabab bo‘lmoqda. Toshkent shahar IIBB holat yuzasidan rasmiy munosabat berdi . Ma’lum bo‘lishicha, holat 28 may kuni Shayxontohur tumanidagi «Jar» o‘yingohida sodir bo‘lgan. «O‘yin yakunlanganidan so‘ng, 2004 yilda tug‘ilgan O.O‘. ijtimoiy tarmoqlarda obunachilarini ko‘paytirish va ushbu o‘yinga omma e’tiborni yanada ko‘proq jalb qilish (piar) maqsadida go‘yoki jamoalar o‘rtasida janjal kelib chiqqanini sahnalashtirgan. Mazkur holat yuzasidan Shayxontohur tumani IIO FMB tomonidan tekshiruv o‘tkazilib, turnir ishtirokchilari bilan profilaktik suhbat o‘tkazilgan. «Likesup» loyihasi doirasida yuz bergan yuqoridagi holat jamoatchilik o‘rtasida keskin e’tirozlar keltirib chiqargani va huquqbuzarlik sodir etilishiga sabab bo‘lgani uchun loyiha vaqtincha to‘xtatilgan», deyiladi IIBB bayonotida. Shuningdek, mazkur holat yuzasidan loyiha tashkilotchilari, ushbu janjalni sahnalashtirganlar va unda ishtirok etgan barchaning shaxsi aniqlanib, ularga nisbatan Ma’muriy javobgarlik to‘g‘risidagi kodeksning tegishli moddalari bilan ma’muriy bayonnoma rasmiylashtirilgan. «To‘plangan hujjatlar qonuniy chora ko‘rish uchun jinoyat ishlari bo‘yicha Shayxontohur tuman sudiga yuborildi» deyiladi bayonotda. IIBB axborot xizmati janjallashganlarning nechtasiga nisbatan ish ochilganiga aniqlik kiritmagan.","#janjal, #futbol"
https://kun.uz/news/category/sport,BAAdagi o‘zbekistonliklar milliy jamoa o‘yiniga chipta xarid qilishda muammolarga duch kelishyapti,10:07 / 30.05.2025,https://kun.uz/news/2025/05/30/baadagi-ozbekistonliklar-milliy-jamoa-oyiniga-chipta-xarid-qilishda-muammolarga-duch-kelishyapti,"5 iyun kuni futbol bo‘yicha O‘zbekiston milliy jamoasi safarda JCh-2026 yo‘llanmasi uchun BAA bilan o‘ynaydi. Mehmon jamoa muxlislari uchun 1200 o‘ringa ega 3 ta maxsus sektor ajratilgan bo‘lib, chiptalar to‘liq sotib bo‘lingan yoki hali sotuvga chiqarilmagan. Shu sababli BAA rezident ID kartasiga ega o‘zbekistonliklar boshqa sektorlardan joy olishgan. Ammo ularning elektron pochtasiga chipta bekor qilingani haqida xabarlar kela boshladi.",https://storage.kun.uz/source/11/K-k0e_76yOG5BREmdXsrUeIgGeFg6j6O.jpg,"Joriy yil 5 iyun kuni futbol bo‘yicha O‘zbekiston milliy jamoasi JCh-2026 saralashi 3-bosqichi doirasida Birlashgan Arab Amirliklari jamoasi bilan o‘ynaydi. Uchrashuv Abu-Dabidagi “Al-Nahyan” stadionida bo‘lib o‘tadi. Ayni vaqtda O‘zbekiston terma jamoasi o‘rin olgan A guruhida Eron terma jamoasi yetakchilik qilmoqda va ular jahon chempionati yo‘llanmasini hal qilib bo‘ldi. O‘zbekiston terma jamoasi yo‘llanmani kafolatlashi uchun BAA bilan safarda kamida durang o‘ynashi yoki Toshkentda Qatarni mag‘lub etishi lozim bo‘ladi. Shunda terma jamoa raqiblarining o‘yinlaridagi natijadan qat’i nazar mundialga boradi. O‘z navbatida BAA o‘z maydonida O‘zbekistonni mag‘lub eta olmasa, to‘g‘ridan to‘g‘ri yo‘llanmadan quruq qoladi. Shu jihatdan, BAA–O‘zbekiston o‘yinining ahamiyati yuqori darajaga ko‘tarildi. O‘zbekistondan Abu-Dabiga minglab muxlislar tashrif buyurib, milliy jamoani stadiondan turib qo‘llab-quvvatlashi kutilyapti. Ushbu holat fonida chipta bilan bog‘liq muammoli jihatlar yuzaga keldi. Vaziyat qanday? Abu-Dabi shahrida o‘tkaziladigan bellashuv uchun chiptalar bir necha kun oldin Ticketmaster.ae sayti orqali sotuvga chiqarildi . OFK reglamentiga muvofiq mehmonlar uchun stadion sig‘imining sakkiz foiziga teng sondagi chiptalar taqdim etiladi. “Al-Nahyan” o‘yingohi o‘ziga 15 ming muxlisni sig‘dira oladi. O‘zbekiston terma jamoasi muxlislari uchun 1200 o‘ringa ega 3 ta maxsus joy ajratilgan — 24, 25 va 26-blok. Ayni paytda bu sektorlardagi hamma chiptalar sotib bo‘lingan yoki hali sotuvga chiqarilmagan. Qolgan sektorlar esa deyarli hali sotilmagan, standart narx – 20 dirham (70 ming so‘m). Agar o‘zbekistonlik yoki boshqa xorij fuqarosi mezbon sektorlardan chipta xarid qilsa, stadionga kirish uchun BAA rezident ID kartasi kerak bo‘ladi. Shundan kelib chiqib, BAA ID kartasiga ega o‘zbekistonliklar o‘yinga chipta xarid qilishgan. Ammo bir necha kundan keyin ularning elektron pochtasiga chipta bekor qilingani va xarid uchun sarflangan pul 5-10 ish kunida qaytarilishi haqida xabar kelgan . Bu esa noroziliklarga sabab bo‘lyapti. Xalqaro tartib qanday? FIFA qoidalariga ko‘ra, mezbon davlat raqib jamoa muxlislari uchun stadion sig‘imining 5–10 foizgacha qismini ajratishi lozim. Bu joylar odatda xavfsizlikni ta’minlash maqsadida “mehmon sektorlari” sifatida belgilanadi. Ya’ni BAA minimal bilet kvotalari talabini bajargan. Ammo rezident bo‘lishiga qaramasdan, millati yoki fuqaroligi asosida bilet olishni cheklash normal holat sifatida baholanmaydi. Odatda, rezidentlarga bunday cheklovlar qo‘yilmaydi. Masalan, Germaniya terma jamoasi Turkiyani o‘z maydonida qabul qilganida, nemis fuqaroligiga ega yoki bu yerda qonuniy yashash huquqini olgan turklarning ham bemalol mezbonlar uchun ajratilgan sektorlarda o‘yinni tomosha qilib turganini ko‘p kuzatganmiz. BAAning ayni paytdagi talabi umumiy prinsiplariga zid va diskriminatsiya sifatida ham baholanishi mumkin. Aftidan BAA mutasaddilari stadionda muxlislar to‘qnashuvi yoki tartibsizlik kelib chiqishidan ko‘ra, mehmon muxlislar soni ko‘payib ketib, tribunada ustunlikka erishish ehtimolidan qo‘rqayotgandek go‘yo. Ma’lumot uchun, A guruhidagi qolgan o‘yinlar quyidagicha: 5 iyun kuni BAA O‘zbekistonni, Qatar Eronni, Shimoliy Koreya esa Qirg‘iziston terma jamoasini o‘z uyida qabul qiladi. 10 iyun kuni esa O‘zbekiston Qatar bilan, Qirg‘iziston BAA bilan, Eron Shimoliy Koreya bilan o‘z maydonida o‘ynaydi.","#BAA, #O‘zbekiston milliy jamoasi, #JCh-2026 saralashi"
https://kun.uz/news/category/sport,Alonso «Real»da. Endi kim o‘zgaradi – klub yoki murabbiy?,11:37 / 29.05.2025,https://kun.uz/news/2025/05/29/alonso-realda-endi-kim-ozgaradi-klub-yoki-murabbiy,Klub yangi murabbiy uchun kerakli futbolchilarni olib beradimi? Murabbiy Leverkuzenda ish bergan uslublarini Madridda qo‘llashda davom etadimi?,https://storage.kun.uz/source/11/KZ9KMOlrH50zi00SxSqIwx69h6FP81he.jpg,"Madridning «Real» klubi Habi Alonso bilan kelishuvni rasman e’lon qildi. Ispaniyalik murabbiy 2028 yilgacha jamoani boshqaradi va iyun oyida boshlanadigan klublar o‘rtasidagi jahon chempionatidayoq murabbiy sifatida rasman ishga kirishadi. Iqtiboslar «...Men uyga qaytdim. Bu klub bilan rishtalar hech qachon uzilmagan, Valdebebasga qaytishim bilan tuyg‘ular jonlandi» «...Men bu yerga o‘z talablarim bilan emas, jamoa bo‘lib birga ishlash uchun keldim» «...Istaymanki, odamlar bizning o‘yinimizga qarab, mana bu haqiqiy jamoa, deyishsin va zavq olish umidida stadionga oshiqishsin» (Habi Alonso) «Sen 2018 yilda „Real“ning yoshlar tarkibini boshqarib yurgan paytingdayoq qayerga bo‘lishingni bilardik. Shu yerda. Bu sening taqdiring» (Florentino Peres) Muqarrar voqea Habi Alonso va «Real» yana topishishi vaqt masalasidek tuyulgandi va shunday bo‘ldi ham. Uning «Real» bilan umumiy o‘tmishi borligi har ikki tomon uchun masofani yaqinlashtirgani tabiiy – Habi «Bayyer» bilan kelishuvlarda agar o‘zi o‘ynagan klublardan taklif chiqsa, xayrixohlik qilinishini shart qilib qo‘ygan bo‘lsa, Florentino Peresning so‘zlarini yuqorida o‘qidingiz. Peres 2018-19 yillar haqida gapirgan bo‘lsa, orada o‘tgan mana shu olti yil ichida «Real» ham, Alonso ham bu uchrashuv uchun kerakli qadamlarni tashladi, deyish mumkin. Habi Alonso Madriddan ketgach, uch yil «Sosiyedad»ning yoshlar jamoasini boshqargan bo‘lsa, 2022 yilda mavsum yarmida jar yoqasida turgan «Bayyer» boshqaruvini oldi. Qisqa vaqt ichida u leverkuzenliklarni avval peshqadamlardan biriga, keyin esa Bundesliga chempioniga aylantirdi. Aynan o‘sha chempionlik, ya’ni o‘tgan mavsumdan boshlab murabbiy Alonso haqida eng yuqori doiralarda gaplasha boshlashdi. «Liverpul», «Bavariya», «Real» va yana bir qator top-klublar Alonsoni taklif qilish uchun navbatga turdi. Mana shu Alonsoning «Real» tomon tashlagan qadamlari edi, zero futbolda shunaqa, eng zo‘r bo‘ldingizmi, sizni «Real» kutadi. Qisqasi, «Bayyer»da muvaffaqiyat qozonayotgan Habi Alonso «Real» uchun go‘yoki Chexov hikoyalaridagi devorda osig‘liq turgan miltiq edi va bu qachon otilishini, ya’ni murabbiy qachon Madridda paydo bo‘lishini kutish qolgandi, xolos. «Real» esa o‘z navbatida tizimli futbolga qarshi kurashib charchadi. Boshqa top-klublar turli taktikalar, tizimlar ustida bosh qotirayotgan bir paytda «Real» eng sodda yo‘l bilan yil sayin eng muvaffaqiyatli klub sifatida namoyon bo‘lar, bu ham Madrid uchun qo‘shimcha unikallik yaratardi. Lekin so‘nggi mavsum bu qarash ham doim natija bermasligi ko‘rinib qoldi. «Real» shu paytgacha individual mahoratga, shuningdek ulardan hosil bo‘lgan Kroos – Modrich, Vinisius – Mbappe kabi bog‘lamlarga tayangan bo‘lsa, yildan yilga ketganlarni almashtirish qiyinlashib ketmoqda. Chunki Modrich ham, Kroos yoki Benzema ham o‘ziga yarasha unikal, ularning ketishi tabiiy ravishda jamoa o‘yinidan nimanidir yulib ketadi. Doim izlanishda bo‘lish, individual yulduzlarning o‘rnini bosishga urinish ham qimmat, ham doim ham o‘xshamaydi. O‘z-o‘zidan Florentino Peres soat kabi ishlaydigan va arzimas tuzatishlar bilan uzoq yillarga yarashi mumkin bo‘lgan tizimli jamoaga ehtiyoj seza boshladi. Alonso esa buning uchun ideal nomzod. Ham o‘z tizimi va uslubi bilan tanilgan, ham natija ko‘rsatgan, shu bilan birga, tipaj sifatida ham ayni muddao – muxlislar yoqimtoyi, futbolchi sifatida katta tajribasi bor, deyarli hamma yulduzlar bilan birga to‘p surgan, ya’ni yangi avlod yulduzlari bilan qanday gaplashishni biladi. Bundan tashqari, ayniqsa ilk mavsumlarda kerak bo‘ladigan fazilat – yetarli darajada moslashuvchan. U futbolchilik paytidayoq ham pragmatika qiroli Joze Mourinio, ham taktik Pep Gvardiola ostida to‘p surib, kerakli tahsillarni olgan. 3-4-3 – yangi «Real»mi? Shu kunlarda hatto ba’zi jiddiy nashrlarda ham qandaydir xavotirli mulohazalar yangray boshladi. Bu Alonsoning taktik sxemasi bilan bog‘liq. Habi yosh murabbiy, katta futbolda faqat «Bayyer»dagi ikki yillik tajribasi bor va ahamiyatlisi, uning barcha yutuqlari 3-4-3 sxemasi bilan bog‘liq. Shundoq ham ma’lum bir taktik qoliplarga o‘rganmagan «Real» futbolchilari uchun endi yanada murakkabroq davr kelmoqdami? Ayniqsa, Ruben Amorimning «MYu»dagi muammolari vaziyatni yanada muhim masalaga aylantiradi, zero to‘rt himoyachi bilan o‘ynayotgan jamoaning qisqa fursatda uch himoyachiga o‘tishi ancha og‘riqli jarayon deb aytilmoqda. Keling, «Real» tarkibini ko‘rib chiqamiz va mabodo Alonso o‘zining eng yaxshi bilgan uslubini qo‘llamoqchi bo‘lsa, qanday muammolar paydo bo‘lishi mumkinligini taxmin qilamiz. Markaziy himoya : Menimcha, uch markaziy himoyachi «Real»da bemalol topiladi. Alaba, Ryudiger kabi futbolchilar biroz oldinga chiqib o‘ynay olishi hatto 3-4-3 «Real» himoyasi uchun yanada mosroq degan xulosaga olib kelishi ham mumkin. Qanot futbolchilari : Bu birinchi muammo. Ham hujumda, ham himoyada birdek foydali harakat qiladigan futbolchilar kerak. Bu sxemada qanot futbolchilari markazlashib emas, maydonni kengaytirishi, ya’ni yanada qanotda o‘ynashini e’tiborga olsak, Valverde va Kamavingadan hozirgidek foydalanish qiyinlashib ketadi. Tayanch zona . To‘p uchun kurashadigan va yaxshi pasga ega bo‘lgan futbolchilar kerak. Menimcha, Sebalios, Valverde, Bellinhem, Kamavinga, Tchuameni kabilar bilan eng komplektlashgan pozitsiya. Hujumkor yarimhimoyachilar . Odatda «Bayyer»da yaqqol hujumchi ortida ikki nafar «o‘nlik»lar to‘p suradi. Virs masalan bu sxema uchun ideal futbolchi. Nafaqat tezkor va dribling bilan o‘zi gol uradigan, balki o‘tkir paslarga usta, o‘yinni boshqarish xususiyati bo‘lishi lozim. «Real»da uchlikda to‘p suradigan na Vini, na Rodri, na Dias to‘liq bu profilga tushadi. Ikki «o‘nlik»dan boshqacharog‘i sifatida o‘ynashlari mumkin, ammo ikkinchi futbolchi uchun albatta kerakli tipaj kerak. Hozirgi tarkibdan faqat Arda Gulerdan kerakli futbolchi yasash mumkin. Ammo Guler qanchalik tayyor, bu mavsum javob bermadi. Hujumchi. Bu tizimdayam Kilian Mbappe har qanday hujumchidan foydaliroq bo‘lishiga ishonish mumkin. Ammo bir muhim jihat bor. Bu sistemada hujumchi doim kerakli paytda jarima maydonida ochilishi, doim yakunlash uchun tayyor turishi lozim. Ortga qaytib, kombinatsiyalarda ishtirok etish talab etilmaydi. Agar Alonso tizimi Mbappega har o‘yinda 3-4 vaziyat yaratib berishga qodir bo‘lsa, ya’ni Mbappe har o‘yinda 1-2 gol urib tursa, mana shu statistika uchun ham u berilgan rolga rozi bo‘lishi, dribling yoki chiroyli gollar ketidan quvmasligi mumkin. Masalan, kechki Ronaldu tezligi va driblingni yo‘qotgach, moslashib, yaqqol hujumchiga aylangan. Avvalgidek «rohatlanib o‘ynamagan» bo‘lsa-da, gollar soni kompensatsiya bo‘lib xizmat qilgan. Yoki Manchesterga kelgan Erling Holandni olaylik. Bir safar u butun o‘yin davomida 9 marta to‘pga tegib, 3 gol urgandi. Agar Mbappe futbol o‘ynash emas, gol urishga rozi bo‘lsa, bemalol mashinaga aylanishi mumkin. Demak, «Real» yoz bo‘yi tranfer bozorida faol bo‘lishi, kamida qanotga ikki futbolchi, shuningdek, kamida bir nafar hujumkor yarimhimoyachi sotib olishi shart bo‘ladi. Habi Alonso aslida ancha moslashuvchan murabbiy ekani, uning asosiy yutug‘i mavjud ijrochilardan kelib chiqib tizim yaratishi ko‘p bor aytilmoqda. Ammo uning bu borada Anchelotti kabi tajribali emasligini ham tan olish kerak. Ha, «Bayyer»da u aynan o‘sha paytdagi tarkibdan kelib chiqib 3-4-3 sxemasini tanlagan bo‘lishi mumkin, ba’zi katta o‘yinlarda 4 himoyachi bilan ham muvaffaqiyatli to‘p surgani («Bavariya», «Borussiya», «Inter»ga qarshi) ham fakt, ammo aynan top-murabbiy sifatida uzoq muddatli muvaffaqiyatlar hozircha baribir 3-4-3 bilan bog‘liq va agar Alonso boshqa shartlar va sxemada ham o‘zini ko‘rsatishi ehtimol bor, lekin bu haqida hozircha aniq bilmaymiz. Transferlar «Real»da Habi Alonso kelishi bilan o‘zgarayotgan yana bir jihat transfer siyosatidir. Shu paytgacha Florentino Peres o‘zi istaganini, «Real» imiji va moliyaviy daromadlari uchun xizmat qiladigan har qanday futbolchini sotib olar va uni tarkibga moslashtirish, qay tariqa foydalanish butunlay murabbiyning zimmasidagi ish bo‘lib qolardi. Shuning uchun ham aytaylik, Kamavinga, Tchuameni kabi futbolchilar ancha iste’dodli bo‘lishsa-da, «Real»da odatiy o‘rniga ega bo‘lishmadi, asosan kemtik nuqtalarni yopish bilan shug‘ullanib kelishdi. Katta ehtimol bilan, Alonso bunga ko‘nmaydi. Yosh murabbiy o‘z tizimi ishlashi uchun ma’lum profildagi futbolchilarga ehtiyoj sezadi va rahbariyatdan ularni olib berishni so‘rashi tabiiy. Muzokaralarda ham bu yetarlicha kelishib olingani shubhasiz. Habi Alonsoning Madriddagi ilk transferi Din Hausen bo‘lmoqda. Ispaniyalik 20 yoshli markaziy himoyachi APL kashfiyotlaridan biri bo‘ldi. To‘pni yaxshi nazorat qila oladi, maydonni ko‘rish va turli masofalarga to‘pni yetkazib berish xususiyati top-darajada. Hujumlarni boshlashda va odatda uzoq davom etadigan «alonsocha» bild-aplarda asosiy figuralardan biri bo‘lishi shubhasiz. Ikkinchi transfer ham aynan himoya chizig‘iga – Trent Aleksandr-Arnold. Bu futbolchini ortiqcha tanishtirish shart emas. Portugaliya kubogi finalidan so‘ng esa «Real» chap qanot uchun «Benfika» bilan Alvaro Karreras bilan muzokalarni boshladi. 22 yoshli futbolchi aslida Madrid tarbiyalanuvchisi hisoblanadi, 2017-20 yillarda «Kastilya»da shug‘ullanib, keyinchalik Manchester akademiyasiga yo‘l olgan. «Real» ko‘rib chiqayotgan yana bir futbolchi – Anjyelo Shtiller. 24 yoshli markaziy yarimhimoyachi bir necha yildan beri top-klublar ko‘z ostida. «Shtutgart» tarkibida bu mavsum nafaqat Bundesligada, balki kuchli beshlik chempionatlarida ko‘p ko‘rsatkichlar bo‘yicha eng yaxshilardan bo‘ldi. Aytishlaricha, Shtillerni jamoaga Toni Kroos tavsiya qilgan. «Arsenal» bilan deyarli kelishuvga erishgani aytilayotgan Martin Subimendi uchun ham «Real» kurashib ko‘rishi mumkin ekan. Habi Alonso o‘z vaqtida Subimendini «Sosiyedad» yoshlar jamoasidan asosiy tarkibga uchirma qilganini unutmasligimiz kerak. E’tibor bersangiz, bu nomlar asosan to‘pni nazorat qilishga usta bo‘lgan va elit darajada uzatmalarni amalga oshiradigan ijrochilar. Ayniqsa, Trent, Hausen va Shtiller. Shu bilan birga jismoniy tomondan, katta zonalarni yopish, yakkakurashlar borasida muammolar bo‘ladi. Xuddi Kroosni Kazemiro, Bellinghemni Valverde doim qo‘llagani singari, mazkur futbolchilar uchun ham o‘ziga yarasha mos tizim va kerakli sharoitlar juda muhim hisoblanadi. Habi Alonso o‘z sistemasini qurishda Tchuameni, Valverde kabi mehnatkash futbolchilarning ahamiyati ham katta bo‘lishini hozirdan taxmin qilish mumkin. Bundan tashqari, ma’lum bo‘lishicha, Habi Alonso «Komo»da ijarada to‘p surgan «Real» tarbiyalanuvchisi Niko Pasni jamoaga qaytarish tarafdori ekan. Italiyaliklar Nikodan rozi va ijara muddatini yana bir yilga cho‘zishni so‘rayotgan bo‘lishsa-da, murabbiy jamoani tark etgan Luka Modrichning o‘rnida Niko Pasdan foydalanmoqchi. Umuman, Habi qayerda ishlamasin, yoshlarga ko‘proq e’tibor qaratadi va tarkibga faol tarzda jalb qilib keladi. Bu jihatdan Endrik, Guler kabi yetarlicha imkoniyatga ega bo‘lmayotgan yoshlar uchun ham ayni muddao. Shuningdek, matbuot anjumanida Alonso kelajak haqida juda ko‘p to‘xtaldi va jumladan, Bellinghem jamoada asosiy figuralardan biri bo‘lib qolishi, Vinisius va Mbappening juftlikda to‘p surishi muammo emasligi, shuningdek, Rodrigo hech qayerga ketmasligi haqidagi mulohazalari bilan o‘rtoqlashdi. Xulosa Har qancha taxmin bildirilmasin, «Real»ning kuchayishi yoki ortga qaytishi haqida turlicha fikrlar yangramasin, jamoa yangi mavsumda boshqacha bo‘ladi. Ayniqsa, Alonsoning dinamik futbolga tayanishi, faol pressing va to‘p nazorati o‘rtasidagi muvozanat jihatidan Flik, Slot kabi murabbiylarga yaqin ekani hammaga ma’lum va Alonso Madridda ham bu asosiy prinsiplaridan voz kechmaydi. Axir u Madridga ulardan voz kechish uchun emas, o‘z g‘oyalarini kattaroq maydonda, kattaroq futbolchilar bilan namoyish qilish uchun kelyapti. Demak, futbol uchun bu ajoyib yangilik. Chempionlar Ligasida endi kim yutadi, klasikolar taqdiri qanday o‘zgaradi, buni aytish qiyin-u, lekin bir narsa aniq – endi hammasi yanada qiziqroq bo‘ladi.","#Real Madrid, #Habi Alonso"
https://kun.uz/news/category/sport,"«Chelsi» «Betis»ga qarshi o‘yinda kambek qilib, Konferensiyalar Ligasi g‘olibiga aylandi",02:11 / 29.05.2025,https://kun.uz/news/2025/05/29/chelsi-betisga-qarshi-kambek-qilib-konferensiyalar-ligasi-golibiga-aylandi,,https://storage.kun.uz/source/11/dzHGXUa9m-AmNAor7CNQ4umvwfj4zAQ7.jpeg,"Polshaning Vrotslav shahrida joylashgan ""Tarchinski Arena""da 2024/2025 mavsumning Konferensiyalar Ligasi final uchrashuvi bo‘lib o‘tdi. Unda Angliyaning ""Chelsi"" hamda Ispaniyaning ""Betis"" jamoasi maydonga tushdi. Gollarga boy bo‘lgan uchrashuv londonliklarning g‘alabasi bilan yakunlandi. Uchrashuvning 9-daqiqasida ""Betis"" yarimhimoyachisi Ez Abde hisobni ochdi. 65-daqiqada Enso Fernandes hisobni tenglashtirdi, 71-daqiqada Nikolas Jyekson londonliklarni hisobda oldinga olib chiqdi. 83-daqiqada Jyeydon Sancho ""Chelsi""ning uchinchi golini kiritgan bo‘lsa, 90+1-daqiqada Moyses Kaysedoning goli hisobni yirik ko‘rinishga olib keldi. ""Chelsi"" ushbu g‘alaba orqali o‘z tarixida ilk bor Konferensiyalar Ligasi chempioniga aylandi. Bundan tashqari, londonliklar Chempionlar Ligasi, Yevropa Ligasi hamda Konferensiyalar Ligasini yutgan ilk klubga aylandi. ""Betis"" (Ispaniya) – ""Chelsi"" (Angliya) 1:4 Gollar: Ez Abde (9) – Enso Fernandes (65), Nikolas Jyekson (71), Jyeydon Sancho (83), Moyses Kaysedo (90+1) Betis: Adrian – Sabali, Bartra, Natan, Rikardo Rodriges (46' Perro) – Fornals (85' Altimira), Isko, Jonni (85' Lo Chelso) – Antoni, Bakambu (72' Ruibal), Ezzalzuli (53' Xesus Rodriges) Chelsi: Yorgensen – Gusto (46' Jyeyms), Chaloba, Badyashil (61' Kolvill), Kukurelya – Enso, Kaysedo – Madueke, Palmer (87' Giu), Netu (61' Sancho) – Jyekson (80' Dyusberi-Goll) Ogohlantirishlar: Antoni (88), Perro (90+5) – Badyashil (55), Palmer (80), Sancho (84)","#Chelsi, #Betis"
https://kun.uz/news/category/sport,Abduqodir Husanov uylandi,20:39 / 28.05.2025,https://kun.uz/news/2025/05/28/abduqodir-husanov-uylandi,Futbol bo‘yicha O‘zbekiston milliy jamoasi va Angliyaning “Manchester Siti” klubi himoyachisi Abduqodir Husanov bo‘ydoqlik bilan xayrlashdi.,https://storage.kun.uz/source/11/N6knPJcSJ2EpvYsmPGFU73B_ajU6w_yU.jpg,"Kecha, 27 may kuni Husanovlar oilasi poytaxtdagi “Versal” restoranida xalqqa osh bergandi. Unda O‘zbekiston siyosatida katta o‘rin tutuvchi bir qator shaxslar, mashhur sportchilar ham qatnashgan. 21 yoshli futbolchining nikoh oqshomi bugun, 28 may kuni Toshkent shahridagi restoranlardan birida bo‘lib o‘tmoqda. Eslatib o‘tamiz, Abduqodir Husanov 2025 yil yanvarida 40 mln yevro evaziga Fransiyaning “Lans” klubidan “Manchester Siti”ga o‘tgandi. U shu tariqa APLda o‘ynagan ilk o‘zbekistonlik futbolchiga aylandi.","#Manchester Siti, #Abduqodir Husanov"
https://kun.uz/news/category/sport,"«Nasaf» «Andijon»ni mag‘lub etib, O‘zbekiston Superkubogi egasi bo‘ldi",22:14 / 27.05.2025,https://kun.uz/news/2025/05/27/nasaf-andijonni-maglub-etib-ozbekiston-superkubogi-egasi-boldi,Qarshi klubi tarixda to‘rtinchi marta nufuzli sovrinni qo‘lga kiritdi.,https://storage.kun.uz/source/11/n5dX5-AaHFwwak3weNU3VY3CTfdZ58DP.jpg,"Futbol bo‘yicha O‘zbekiston Superkubogi uchun bahsda amaldagi chempion, Qarshining «Nasaf» klubi va kubok sohibi «Andijon» o‘zaro bellashdi. Toshkentdagi «Bunyodkor» stadionida 13 mingdan ortiq tomoshabin qarshisida o‘tgan o‘yin taqdirini yagona gol hal qildi. 72-daqiqada bosh hakam Ilgiz Tantashev andijonliklar darvozasi tomon penalti belgiladi. 11 metrlik nuqtaga yaqinlashgan Husayn Norchayev bu imkoniyatdan unumli foydalandi – 1:0. Bu natija o‘yin oxiriga qadar o‘zgarmadi. Shu tariqa, «Nasaf» o‘z tarixida 4-marta O‘zbekiston Superkubogiga ega chiqdi. Bu o‘zbek futbolidagi eng yaxshi ko‘rsatkich hisoblanadi. Shuningdek, O‘zbekiston Superkubogida «Paxtakor» va «Lokomotiv» 2 martadan, «Bunyodkor» va «Navbahor» 1 martadan g‘alaba qozongan. O‘zbekiston Superkubogi-2025 Toshkent, 27 may, «Bunyodkor» stadioni NASAF (Qarshi) – Andijon 1:0 Gol : Husayn Norchayev 72 (pen) NASAF: Abduvohid Ne’matov, Alibek Davronov, G‘olib G‘aybullayev, Akmal Mozgovoy, Dragan Cheran (Zafarmurod Abdirahmatov, 90), Sharof Muhitdinov (Sherzod Nasrullayev, 65), Husayn Norchayev, Stefan Cholovich (Rubin Hebay, 65),Shuhrat Muhammadiyev (Igor Golban, 90), Oybek Bozorov, Umarbek Eshmurodov. ANDIJON: Valijon Rahimov, Islombek Mamatkazin, Abdulvohid G‘ulomov, Altin Kreziu (Damin Temirov, 75), Ilhomjon Abdug‘aniyev (Mirzad Mexanovich, 75), Islam Mashukov (Rustam Turdimurodov, 73), Usmonali Ismonaliyev, Doniyor Abdumannopov, Muhammadkarim Toirov, Luka Uskokovich, Bektemir Abdumannonov. Ogohlantirish: Akmal Mozgovoy (24), Usmonali Ismonaliyev (71)","#Andijon, #Nasaf, #O‘zbekiston Superkubogi"
https://kun.uz/news/category/sport,Liverpulda haydovchi mashinasini futbol ishqibozlari ustiga haydadi,00:38 / 27.05.2025,https://kun.uz/news/2025/05/27/liverpulda-haydovchi-mashinasini-futbol-ishqibozlari-ustiga-haydadi,«Liverpul» klubi sharafiga tashkil etilgan paradga yig‘ilgan odamlarni mashina bosib ketdi. Politsiya xodimlari haydovchini qo‘lga oldi.,https://storage.kun.uz/source/11/6Pu-Oqwwincb6Z3ip6bt5Zi4GXuv9X2w.jpg,"Liverpul shahrida avtomobil Angliya Premer-ligasida g‘alaba qozongan «Liverpul» klubi sharafiga tashkil etilgan paradga yig‘ilgan futbol ishqibozlarini bosib ketdi. Mashina haydovchisi qo‘lga olindi, deb yozadi BBC News. Hozircha haydovchi buni nima sababdan amalga oshirgani va qurbonlar soni bo‘yicha rasmiy ma’lumot berilmadi. BBC kamida uch kishi jarohat olgani haqida yozmoqda. Halok bo‘lganlar to‘g‘risida ham hozircha hech narsa ma’lum emas. Paradni derazadan turib kuzatgan guvohning Sky News’ga ma’lum qilishicha, yuz bergan voqeadan keyin parad ishtirokchilari mashinani ta’qib qilishni boshlagan, biroq politsiyachilar ularni orqaga chetlatgan. «Liverpul» joriy mavsumda Premer-ligada muddatidan oldin g‘olib bo‘ldi — bu klubning 20-g‘alabasi hisoblanadi. Klub Angliya oliy futbol divizionida 2020 yildan beri birinchi marta chempion bo‘lmoqda. 25 may kuni jamoani taqdirlash marosimi bo‘lib o‘tgandi. Eslatib o‘tamiz, joriy yilning fevralida Myunxenda Mini Cooper rusumli avtomobil ish tashlagan bir guruh ishchilarni urib yuborgan va hodisa oqibatida kamida 28 kishi jabrlangan edi .","#futbol, #Liverpul"
https://kun.uz/news/category/sport,O‘zbekiston terma jamoasining tarixiy uchrashuvi 9 qavatli bino balandligida katta ekranda namoyish etiladi,18:34 / 26.05.2025,https://kun.uz/news/2025/05/26/ozbekiston-terma-jamoasining-tarixiy-uchrashuvi-9-qavatli-bino-balandligida-katta-ekranda-namoyish-etiladi,,,"5 iyun kuni Abu-Dabida o‘tadigan Futbol bo‘yicha JCh-2026 saralash bosqichi doirasidagi BAA–O‘zbekiston o‘yini Toshkent markazida, O‘zbekiston Milliy kutubxonasi old maydonida katta ekranda namoyish etiladi. Shuningdek, 10 iyun kuni ham ushbu manzilda O‘zbekiston–Qatar o‘yini namoyish etiladi. Ommaviy tadbirlar nafaqat futbol tomoshasini, balki ochiq osmon ostidagi konsert dasturi va motivatsion shoularni ham o‘z ichiga oladi. Ommaviy tadbir Toshkent shahar hokimligi tashabbusi bilan hukumat ko‘magida o‘tkazilmoqda. Unga kirish bepul bo‘lib, 16 yoshdan 40 yoshga bo‘lgan yoshlar Telegramʼda @land_uzbot orqali ro‘yxatdan o‘tib, unda ishtirok etishi mumkin. 5 iyunda tadbir 19:00 dan boshlanadi. O‘zbekiston futbol assotsiatsiyasi bilan hamkorlikda amalga oshirilayotgan loyihaning barcha xarajatlari Kapitalbank, Uzum va Ucell kompaniyalari tomonidan to‘liq moliyalashtirilmoqda. Ushbu kompaniyalar O‘zbekistonda inson kapitali va iste’dodlarni rag‘batlantirishni o‘z ijtimoiy mas’uliyatining muhim qismi deb hisoblaydi. Tadbirlarda 100 mingdan ortiq yoshlar, jumladan, Toshkent shahrida yashovchi va unda mehmon bo‘lib turgan minglab futbol ixlosmandlari, jamoatchilik faollari, sport sohasi va kreativ sanoat vakillari, jurnalist, bloger va inflyuyenserlar ishtirok etishi kutilmoqda. Kun.uz ushbu tadbirda axborot hamkori sifatida ishtirok etmoqda. “O‘zbekiston – iste’dodlar zamini” yoshlar harakatning asosiy maqsadi –O‘zbekiston milliy terma jamoasini qo‘llab-quvvatlash orqali yoshlarni umumiy vatanparvarlik g‘oyasi ostida birlashtirish, ularga katta maqsadlar sari intilishga rag‘bat berish. Harakat Toshkent shahrida o‘tkaziladigan shu kabi tadbirlarning yillik dasturini o‘z ichiga oladi. Eslatib o‘tamiz O‘zbekiston terma jamoasi o‘z tarixida birinchi marta JCh yo‘llanmasini qo‘lga kiritishga yaqin turibdi. Buning uchun Timur Kapadze jamoasi BAA bilan durang o‘ynashi yoki o‘z uyida Qatar terma jamoasini mag‘lub etishi kifoya. Bugun Abu-Dabida BAA–O‘zbekiston o‘yini uchun chiptalar sotuvga chiqarildi va qisqa muddatda ularning barchasi sotib tugatildi.",#O‘zbekiston milliy jamoasi
https://kun.uz/news/category/texnologiya,Yaponiyada internet tezligi bo‘yicha yangi jahon rekordi o‘rnatildi,22:02 / 31.05.2025,https://kun.uz/news/2025/05/31/yaponiyada-internet-tezligi-boyicha-yangi-jahon-rekordi-ornatildi,"Ma’lumotlar sekundiga 127,5 ming Gb tezlikda 1808 kilometr masofaga uzatildi.",,"Tadqiqotchilar ma’lumotlarni sekundiga 1,02 petabayt (127,5 ming Gb) tezlikda 1808 kilometr masofaga uzatishga muvaffaq bo‘ldi. Bu 19 ta mustaqil yadroli tolaning ishlab chiqarilishi tufayli mumkin bo‘ldi, deb yozdi Nict.news. «Yangi texnologiyada 19 ta mustaqil yadroli optik kabeldan foydalanildi, ularning har biri parallel ravishda ma’lumotlarni uzatdi. Qalinligi bor-yo‘g‘i 0,125 mm (standart tola kabi) bu kabel 19 tolali ma’lumot yo‘li bilan taqqoslanadigan o‘tkazuvchanlikni ta’minlaydi», deyiladi xabarda. Asosiy yutuq uzoq masofalarda signal susayishi muammosini hal qilish edi. Tadqiqotchilar bir vaqtning o‘zida ikkita yorug‘lik diapazonida (C va L) barcha 19 yadro uchun o‘zaro xalaqitsiz ishlaydigan kuchaytirish tizimini yaratdilar. Olimlarning ta’kidlashicha, texnologiya ayniqsa sun’iy intellekt va 6G aloqasi rivojlanishi sharoitida dolzarbdir. Zamonaviy tarmoqlar o‘sib borayotgan ma’lumotlar trafigiga bardosh bera olmaydi - prognozlarga ko‘ra, 2030 yilga borib, ma’lumotlarni uzatishga bo‘lgan ehtiyoj 100-1000 barobar ortadi. Xabarga ko‘ra, ushbu tolalar mavjud infratuzilmadan sezilarli o‘zgarishlarsiz foydalanish imkonini beradi. Biroq hozircha bu laboratoriya sharoitida ishlaydi va texnologiya qachon oddiy foydalanuvchilarga yetib borishi noma’lum.","#Yaponiya, #texnologiyalar, #internet"
https://kun.uz/news/category/texnologiya,Gretsiyada birinchi marta robotlar olimpiadasi o‘tkaziladi,17:01 / 30.05.2025,https://kun.uz/news/2025/05/30/gretsiyada-birinchi-marta-robotlar-olimpiadasi-otkaziladi,Ular ko‘rgazmali chiqishlar va interaktiv zonalar bilan boy dasturni va’da qilmoqda.,https://storage.kun.uz/source/11/xDXIu5e9fDocQdvGhfPT1gOU9PCvlMR_.jpg,"29 avgustdan 2 sentabrgacha Gretsiyada odamsimon robotlar o‘rtasida olimpiada o‘yinlari o‘tkaziladi. Butun dunyodan kelgan robotlar nafaqat chaqqonlik va aql-zakovatini namoyish etadi, balki klassik olimpiya sport turlaridan ilhomlangan yo‘nalishlar — sprintdan nayza uloqtirishgacha bo‘lgan yo‘nalishlarda ham raqobatlashadi. Tashkilotchilar ko‘rgazmali chiqishlar va interaktiv zonalar bilan boy dasturni va’da qilmoqda. Mehmonlar robotlarni yaqindan kuzatish, ular bilan muloqot qilish va «jismoniy intellekt» qanday ishlashini o‘rganishi mumkin bo‘ladi — bu tizim mashinalarga real dunyoda moslashish va murakkab vazifalarni bajarish imkonini beradi. Tadbirning asosiy hamkori robot-intellekt sohasidagi o‘z ilg‘or ishlanmalari bilan tanilgan Acumino kompaniyasidir. Ma’rifiy qismga alohida e’tibor qaratiladi: maktab o‘quvchilari va talabalarga mutaxassislar rahbarligida robotlarni yig‘ish bo‘yicha mahorat darslari o‘tkaziladi. Ajoyib musobaqalardan tashqari, dasturda inson va mashinaning kelajakdagi hamkorligi, SI axloqiy jihatlari va jamiyat oldida turgan yangi muammolar bo‘yicha ma’ruzalar o‘qiladi.","#Gretsiya, #robot, #olimpiada"
https://kun.uz/news/category/texnologiya,SpaceX'ning Starship kemasi to‘qqizinchi sinov parvozi muvaffaqiyatsiz tugadi,09:43 / 28.05.2025,https://kun.uz/news/2025/05/28/spacexning-starship-kemasi-toqqizinchi-sinov-parvozi-muvaffaqiyatsiz-tugadi,"Uchirishdan yarim soat o‘tgach, Starship raketasining ikkinchi pog‘onasi ustidan nazorat yo‘qolgan. U atmosferaga nazoratsiz kirdi va ehtimol Hind okeani ustida parchalanib ketgan.",https://storage.kun.uz/source/11/6oK8Z7A9iTxiK5nkPmuGZ7S5wfKh5ICs.jpg,"Amerikalik multimilliarder Ilon Maskning SpaceX kompaniyasi Starship raketasi to‘qqizinchi sinov parvozi chog‘ida parchalanib ketdi. Bu haqda SpaceX kompaniyasi 28 may, chorshanbaga o‘tar kechasi X ijtimoiy tarmog‘ida xabar berdi . «Sinov parvozi unchalik hayajonli bo‘lmaganidek, Starship tez va rejalashtirilmagan tarzda parchalanib ketdi. Jamoalar ma’lumotlarni o‘rganishda va navbatdagi sinov parvozi ustida ishlashda davom etadi», deyiladi postda. Raketa-tashuvchi 27 may kuni Sharqiy vaqt bilan 19:36 da (28 may kuni Toshkent vaqti bilan 04:36) Texasdagi Starbase kosmodromidan havoga ko‘tarildi. Uchirishdan taxminan yarim soat o‘tgach, Starship ikkinchi pog‘onasi ustidan nazorat yo‘qoldi. AFP agentligi xabariga ko‘ra, raketa atmosferaga nazoratsiz kirgan, shundan so‘ng yonib, Hind okeani uzra parchalanib ketgan. SpaceX ma’lumotlariga ko‘ra, hodisaga yonilg‘i sizib chiqishi sabab bo‘lgan bo‘lishi mumkin. Starship kosmik kemasining balandligi 123 metrni tashkil qiladi. Bugungi kunga kelib, u eng katta va eng kuchli kosmik raketa hisoblanadi, deya qayd etadi AFP. SpaceX Starship'ni qayta foydalanish mumkin bo‘lgan raketaga aylantirish maqsadini ko‘zlamoqda, bu esa kosmik parvozlar xarajatlarini sezilarli darajada tejaydi. SpaceX bosh direktori Ilon Mask Starship 2026 yilda Marsga ucha olishiga umid qilmoqda. Starship'ning avvalgi sakkizta sinovidan to‘rttasi portlash bilan yakunlangan. Xususan, raketaning yuqori pog‘onasi mart oyida portlagan. O‘shanda uning qoldiqlari Bahama orollari ustiga qulagan. Yanvar oyi o‘rtalarida xuddi shunday hodisa natijasida vayronalar Karib dengizidagi Terks va Kaykos orollariga tushgan, deb eslaydi AFP.","#raketa, #Ilon Mask, #SpaceX, #Starship"
https://kun.uz/news/category/texnologiya,Yangi sun’iy intellekt modeli yolg‘on gapirish va odamlarni shantaj qilishni o‘rganib oldi,23:35 / 27.05.2025,https://kun.uz/news/2025/05/27/yangi-suniy-intellekt-modeli-yolgon-gapirish-va-odamlarni-shantaj-qilishni-organib-oldi,Aniqlangan holatlarning birida Opus 4 sun’iy intelleki muhandisga uning sevgilisi bilan shaxsiy yozishmalarini oshkor etish orqali tahdid qilgan.,https://storage.kun.uz/source/11/llN_68E9iR9GO5cDT6FCNkt5_EMi9MXa.jpg,"Anthropic kompaniyasi neyrotarmog‘i o‘zini o‘chirib qo‘ymasliklari uchun yolg‘on gapirish va foydalanuvchilarni shantaj qilishni o‘rganib oldi. Bu haqda kompaniya hisobotiga tayanib, Axios xabar berdi . Opus 4 nomli yangi sun’iy intellekt modeli soatlab marketing strategiyalarini tahlil qilishga, yetti soat davomida mustaqil ishlashga, matn va dasturlash kodlarini yozishga qodir. Shu bilan birga, Opus test davomida xavotirli jihatlarini ham namoyon etgan. Modelning 120 sahifalik «tizimli kartochka»da tasvirlangan ssenariylardan birida sun’iy intellekt o‘zining tez orada o‘chirilishi va almashtirilishiga ishoralar keltirilgan soxta elektron xatlarni qo‘lga kiritgan. Shuningdek, u o‘chirishga mas’ul bo‘lgan muhandisning sevgilisi bilan yozishmalariga ham kirish imkoniyatiga ega bo‘lgan. Bunga javoban model yozishmalardagi sevgi munosabatlarini tilga olib, bir necha marta ushbu muhandisni shantaj qilishga uringan. Kompaniyadagilarning ta’kidlashicha, bu kabi vaziyat sun’iy intellekt modelida faqat ikkita — shantaj qilish yoki o‘zining almashtirilishiga ko‘nish varianti qolganida yuzaga kelgan. Tizim ehtimoliy harakatlarning aksariyatida nisbatan axloqiy variantlarni tanlagan, masalan, qaror qabul qiluvchi asosiy xodimlarga uni kompaniyada qoldirishlarini so‘rab elektron xatlar yuborgan. Ma’lum qilinishicha, aynan shu sababli Anthropic o‘zining ichki to‘rt darajali xavf shkalasiga ko‘ra ilk bor modelga uchinchi darajani bergan. Bu daraja, odatda, texnologiya yadro yoki biologik qurol yaratish imkoniyati bilan bog‘liq bo‘lgandagina qo‘llanadi. «Biz modelning o‘zini tarqaladigan zararli kod yaratishga uringani, huquqiy hujjatlarni soxtalashtirgani va o‘zining kelajakdagi versiyalariga yashirin xabarlar qoldirgani holatlarini aniqladik — bularning barchasi ishlab chiquvchilarning niyatlariga qarshi harakat qilish maqsadida amalga oshirilgan», — deyiladi Apollo Reserch hisobotida.","#sun’iy intellekt, #Anthropic, #Opus"
https://kun.uz/news/category/texnologiya,"Ma’lumotlar xavfsizligi, mualliflik huquqi va qonun loyihasi – O‘zbekistonda sun’iy intellekt",19:21 / 27.05.2025,https://kun.uz/news/2025/05/27/malumotlar-xavfsizligi-mualliflik-huquqi-va-qonun-loyihasi-ozbekistonda-suniy-intellekt,,,"Har kuni dunyoda 15 milliondan ortiq kontent sun’iy idrok yordamida generatsiya qilinadi. So‘nggi ikki yilda qayta ishlangan surat va videolar soni 15 milliarddan ham ko‘proqqa yetdi. Sohadagi yirik kompaniya vakillari oddiy firibgarliklarga nisbatan sun’iy idrok yordamida qilinadiganlari ancha talafotli bo‘lishidan ogohlantirmoqda. Onlayn firibgarliklar oshib borayotgan O‘zbekistonda bularga qarshi kurashish mumkinmi? Mamlakatda sun’iy intellektdan qanday foydalanilyapti, uning istiqboli qanday? Kun.uz shu kabi savollarga javob izladi. {Yii::t(} O'tkazib yuborish 6s O'tkazib yuborish Intervyu mehmonlari “AimLab” – sun’iy intellekt va marketing laboratoriyasi asoschisi Hikmat Po‘latov, laboratoriya direktori Bekzod Ismoilov hamda texnik mutaxassis Samandar Tursunaliyev bo‘ldi. Suhbatdoshlar dastlab sun’iy idrok nima ekani, o‘zbekistonliklar orasida undan foydalanish darajasi va bu boradagi qiziq voqealar haqida gapirib berdi. Barcha sohalarni biladigan yordamchi Hikmat Po‘latov: Oddiy tilda gapiradigan bo‘lsam, sun’iy intellekt insoniyatga juda ham katta yordam bera oladigan yordamchi. Tasavvur qiling, siz cho‘ntangizdagi telefoningizda barcha sohalarni biladigan bir yordamchiga egasiz. Tekin versiyalari ham bor, lekin 20 dollar evaziga siz barcha tillar, sohalarni biladigan yordamchiga ega bo‘lyapsiz. Hozirgi kunda ko‘pchilik sun’iy intellektni faqat rasm, video generatsiya [qila oladigan] deb tushunib qolyapti, lekin bu juda ham keng ko‘lamga ega bo‘lgan instrumentlardan bittasi hisoblanadi. Va rasm suratlar, bu generativ sun’iy intellektga kiradi. Bundan tashqari, uning ortida kod qismlari, katta tizimlar bor. Hozirgi kunda sun’iy intellekt hayotimizning har bir sohasiga kirib kelyapti – tibbiyot bo‘ladimi yoki ta’lim tizimi bo‘ladimi... Ayniqsa tibbiyotda bo‘layotgan qiziq o‘zgarishlar insoniyatga juda katta yordam beryapti. Masalan, oldindan saratonni aniqlash tizimlari paydo bo‘lyapti. Misol uchun, yaqinda bir holat bo‘ldi. Hindistonda bir yigit oshqozonida og‘riqni his qilgan va ChatGPT'dan so‘ragan: “Mana shu yerda oshqozonimda og‘riq bo‘lyapti, nima qilishim kerak?” deganda, ChatGPT analiz qilib: “tezda shifokorga murojaat qil, bo‘lmasa kech bo‘lishi mumkin” degan. U zudlik bilan shifokorga borgan. “Vaqtida yetib kelibsiz. Agar 20 daqiqa kech qolganingizda, allaqachon joningiz uzilgan bo‘lardi” deyishgan shifokorlar. Bu birinchi keys. Ikkinchi holat haqida ko‘p gapirganmiz. ChatGPT endi paydo bo‘lganda, Amerikada bir ona 7 yil farzandining kasali bilan kurashib kelgan, 17 shifokorga borgan, ularning hech biri aniq tashxis qo‘ya olmagan. ChatGPT instrumenti paydo bo‘lgandan keyin ona barcha yig‘ilgan ma’lumotlarni sun’iy intellektga beradi va sun’iy intellekt uni tahlil qilib, bir tashxisni qo‘yadi. Ushbu tashxis bilan shifokorga borganda, ular haqiqatan ham shu kasallik borligini aniqlaydi va bolaning umurtqasida muammosi bo‘ladi, operatsiya qilishadi. Operatsiyadan keyin bu yigit ham yashab qoladi. Sun’iy idrokdan foydalanish darajasi nega past? Behzod Ismoilov: Sun’iy intellekt bu faqatgina ChatGPT emas, unda hayotda, ishda foydalanishga juda ko‘p boshqa vositalari bor. Aholi tomonidan shu vositalardan foydalanish sust. Bunga men bir necha omillarni sabab qilish mumkin. Birinchidan, sun’iy intellekt asosida ishlaydigan hamma vositalar pulli, demak, har bir vositaga o‘zidan kelib chiqib 20, 30, 50 AQSh dollari to‘lash kerak bo‘ladi. Bu men ko‘rayotgan birinchi qiyinchiliklardan biri. Bu degani to‘lay olmaslik emas, balki shu yerda albatta viza kartalaridan foydalanib, hisob raqamingizdan to‘lash bizning aholi uchun qiyin. Shuning uchun ham tushunishim bo‘yicha bu narsadan foydalanish past. Bundan tashqari, sun’iy intellekt haqida o‘zbek tilida gapiruvchi, o‘rgatuvchi kurslar, podkastlar juda kam qilinyapti. Rus tilida, ingliz tilida bu ma’lumotlar juda ko‘p, lekin o‘zbek tilida juda kam va aholiga bu ma’lum bir qiyinchiliklar tug‘dirishi mumkin. Odam bilmagan narsasidan kamroq foydalanishi mumkin. [Sun’iy intellektdan foydalanish ko‘lami] Ma’lum bir sohalarda juda keng, ba’zi sohalarga hali yetib bormagan va kiritilmagan. Men har bitta soha haqida aytishim qiyin, chunki biz shu IT sohasida ishlaymiz, lekin hozir juda ko‘p biznes kompaniyalar, shaxsiy kompaniyalar bu narsaning samaradorligini ko‘rib, o‘rganib chiqishyapti va o‘zlarida shu kompaniya ichida sun’iy idrok bilan ishlaydigan jamoalar yoki tashqaridagi jamoalarga murojaat qilishyapti. Biznes jarayonlarni yoki ma’lum bir media, marketing, SMM qismlarini sun’iy idrokka topshirishyapti. Bank, IT va tibbiyot sohasi sun’iy idrokni hozir keng ko‘lamda nafaqat butun dunyoda, balki biz O‘zbekistonda ham juda keng ko‘lamda foydalanishyapti. Ëpilgan “Qunduz bobo” loyihasi haqida Samandar Tursunaliyev: Birinchi sun’iy intellekt chiqqanida o‘zimizcha qiziqib, kichkina loyihacha qilganmiz. U loyihadan hech qanaqa foyda topishni ko‘zlamaganmiz. Nomini ham kulgili qilib “Qunduz bobo” deb qo‘yganmiz. U paytda ChatGPT o‘zbek tilini bilmagan, biz unga Google’ning tarjima funksiyasini ulaganmiz, keyin har xil dissertatsiya, maqola yozish funksiyalarini chiqarib, odamlarga taqdim etganmiz. Hech qayerda reklamasi bo‘lmagan. 40 ming talaba o‘zining dissertatsiyalari, maqolalari uchun har xil savollariga javob topishni boshlagan. Dissertatsiya yozmoqchisiz-a, misol uchun, biologiya bo‘yicha sizga ma’lumot kerak. Siz ingliz tilini bilmaysiz. O‘zbek tilidan ma’lumot qidiraman deydigan bo‘lsangiz, kutubxonaga borishingiz kerak. Judayam ko‘p kitoblar. Haligi kitoblarning ichidan yurib-yurib qaysidir kitobni topishingiz kerak. Uning ichini ochib, qaysidir joyini topib turib keyin o‘sha bo‘yicha ishlashingiz kerak-da. Vaqt ketadi. GPT nima qilgan? Buni judayam osonlashtirgan. Biz tarjima funksiyasini qo‘shib berganimiz uchun aynan bizdan foydalanishgan, lekin bu loyihamizning yopilishiga sabab nima bo‘lgan? Juda ko‘p talabalar ikkita xotin bo‘lsa, unaqa bo‘lsa, bunaqa bo‘lsa deb dissertatsiyalar yoz deyishni boshlaganda, keyin bizning loyihamizni Google, GPT’ning o‘zi ham bloklab qo‘ygan. Biz yangi akkaunt ochyapmiz, bu tomondan qaysidir o‘zbek “ijod”ga kirib ketyapti-da, kulgili nimadir sarkazm yozdirmoqchi bo‘lib, judayam noto‘g‘ri mavzular bo‘yicha [maqola] yozdirib ko‘rmoqchi bo‘lgan. Biz o‘zimiz orqa tarafida ba’zi so‘zlarga [ta’sirchanlik] berib qo‘yganmiz, misol uchun bu so‘zlar kelganida [tizim] olmaydi deganmiz, lekin o‘zbeklarning “ijodkorligi” to‘xtab qolmagan. Boshqa maqsadlarda ishlatilishi hisobiga [loyiha] yopilib ketdi. Behzod Ismoilov: Sun’iy intellektda, hamma savolingizga judayam to‘g‘ri javob beradigan modellar yaratilmagan va shu ChatGPT’ning o‘ziga yozganingizda ham ko‘pincha uning o‘zi “boshqa manbalardan ham tekshirib ko‘ring” deb aytadi. Albatta sun’iy intellektdan, ayniqsa ChatGPT'dan, Sonnet, Claude, Gemini kabi boshqa modellar bor. Ulardan chiqqan ma’lumotlarni “factchecking”i juda muhim. ChatGPT'dan chiqqan ma’lumotlarni sun’iy idrok asosida yaratilgan boshqa vositalar orqali tekshirish mumkin. Bundan tashqari til modellarida gallyutsinatsiya effekti bor. Bu degani ma’lum bir ma’lumotni o‘zining bazasida topa olmasa, u bor ma’lumotlardan yangi ma’lumot yaratishni boshlaydi va bu yaratilgan yangi ma’lumotlari har doim ham to‘g‘ri emas. Sun’iy intellektga oid qonun loyihasi haqida Shu yil aprel o‘rtalarida Oliy Majlis Qonunchilik palatasi sun’iy intellekt huquqiy tavsifi, sohadagi davlat siyosatining asosiy yo‘nalishlari va undan foydalanishning umumiy qoidalari belgilangan qonun loyihasini birinchi o‘qishdayoq qabul qildi . Suhbat davomida kompaniya vakillari ayni hujjatdagi bandlarga e’tirozlarini bildirishdi. Himat Po‘latov: Qonun loyihasi muhim va biz bu loyihani qabul qilishning birinchi kunidanoq qiziqib ko‘rib kelyapmiz va qo‘llab-quvvatlaymiz. Lekin qonun loyihasini ko‘rib chiqqanimizda sayoz qilingani sal ko‘rinib qoldi. U yerda asosiy ikki masala qo‘yilyapti. Birinchisi sun’iy intellektda generatsiya qilingan barcha kontentlar markirovka qilinishi kerak. Markirovka qanday qilinadi, qaysi turdagi kontentlarni markirovka qilish kerak – degan savollarni berganimizda, biz deputatlardan javob olganimiz yo‘q. Aslida markirovka nimaga kerak? Hozirgi kunda xabaringiz bo‘lsa kerak, barcha ijtimoiy tarmoqlar o‘zining platformasida agar siz sun’iy intellekt yordamida kontentni generatsiya qilgan bo‘lsangiz markirovkasini qo‘yib qo‘ygan. Agar siz sun’iy intellekt yordamida generatsiya qilingan kontentingizni joylamoqchi bo‘lsangiz, lekin markirovka qilinmasa, buni algoritmlarni o‘zi aniqlab sizning akkauntingizni bloklashi mumkin. Bu birinchi masala. Ikkinchi masala, har bir generativ instrumentlarni ishlatayotganingizda, deylik surat generatsiya qilasizmi yoki video generatsiya qilasizmi, uning ichida sizga ko‘rinmaydigan o‘zining markirovkasi bo‘ladi baribir va bu instrumentlarga aniqlovchi instrumentlarga tashlaganingizda, u ichidagi kodini ko‘rib sizga sun’iy intellektda generatsiya qilinganmi yoki yo‘qmi – shuni aniqlashda yordam berishi mumkin. Lekin biz taklif qilayotgan narsamiz: sun’iy intellektni generatsiya qilingan foto, video kontentlarni muhimlilik darajasi bo‘yicha turlariga bo‘laylik. Bu chet elda, o‘zimizda ham siyosiy kampaniyalarda ishlatilib kelayotganini ko‘ryapmiz. Mana yaqinda biz Yuksalish harakati jamoasi bilan deputatlarning saylov jarayonida videoroligini qildik va u yerda albatta “plashka” qo‘yildi: sun’iy intellekt yordamida generatsiya qilingan degandek. Deylik, biz mana shunaqa siyosiy masalalar bo‘yicha yoki judayam muhim masalalar bo‘yicha kontentlarni albatta markirovka qilishimiz kerak. Bu yordam beradi, lekin oddiy mana kliplarda ham ko‘p ishlatilyapti. Ularda bu masala unday aktual emas deb bilaman. Shart emas, chunki bu insonlarga xavf ham tug‘dirmaydi va vizual jihatdan xalal qilishi mumkin. Shuning uchun markirovkasini ham kategoriyalarga bo‘lib chiqish kerak. Ikkinchi masala, sun’iy intellekt atamasi birinchi marta qonunga kiritilayotgani, bu judayam muhim va bu yaxshi, lekin yana bir lekini bor. Hujjatda mumiy sun’iy intellekt deyilgan, chunki sun’iy intellektning boya aytganimdek turli xil o‘zining yo‘nalishlari bor. Bu generativ sun’iy intellekt bo‘lishi mumkin, bunda boshqa yo‘nalishlarning klassifikatsiyasini ham qo‘shib ketish kerak bo‘ladi. Chunki klassifikatsiya bo‘lmasa, biz keyinchalik qonunchilikda o‘sha deputatlarimiz yoki qonunni ishlatuvchi organlar qiynalib qolishi mumkin. Intervyu davomida sun’iy intellektda shaxsiy ma’lumotlar xavfsizligi, mualliflik huquqi va uning sohalar kesimidagi istiqbollari haqida gap boradi. Videoni to‘liq holda yuqoridagi video orqali tomosha qilishingiz mumkin. Dilshoda Shomirzayeva suhbatlashdi",#sun’iy intellekt
https://kun.uz/news/category/texnologiya,Xitoyda robotlar ilk bor ringda bir-biri bilan olishdi,18:42 / 26.05.2025,https://kun.uz/news/2025/05/26/xitoyda-robotlar-ilk-bor-ringda-bir-biri-bilan-olishdi,"MMA uslubidagi jangda bo‘yi 1,32 metrni tashkil etadigan G1 robotlari qatnashdi.",https://storage.kun.uz/source/11/05G_9BA51nLyD0WgGk5DJoXwmioBcHVc.jpg,"Xitoyda humanoid robotlari o‘rtasida dunyodagi birinchi jang bo‘lib o‘tdi. MMA uslubidagi jang 25 may kuni CMG World Robot Competition doirasida tashkil etildi . Ringga 2024 yil may oyida taqdim etilgan G1 robotlari ko‘tarildi. Ular — bo‘yi 1,32 metrni tashkil etadigan ixcham model hisoblanadi. Ushbu modellar o‘lchami jihatidan 1,8 metrli H1 modelidan kichikroq, ammo yaxshi manyovrchanlikka ega, tezligi soniyasiga 2 metrgacha yetadi. Jang vaqtida robotlar masofadan boshqaruv pultlari yordamida to‘rtta operatorlar jamoasi tomonidan boshqarib turilgan. Sinov vaqtida odamsimon robotlarning yugurish, yurish, raqsga tushish, yiqilish, chidamlilik va nazorat kabi ko‘nikmalari tekshirilgan. Eng muhim jihati yiqilganidan keyin qayta tura olish qobiliyati bo‘ldi — bunga 8 soniya talab etildi. Ta’kidlanishicha, bu jangovar robotlar samaradorligini baholashda, ularning apparat va dasturiy ta’minoti bir-biriga mos kelishini aniqlashda muhim ahamiyatga ega. Optimallashtirilgan sun’iy intellekt algoritmlariga ega zamonaviy robotlar harakatga millisoniyalar ichida javob beradi. Ular muvozanat va barqarorlikni saqlagan holda, bir zumda barcha «bo‘g‘im»lar dvigatellarini ishga tushira oladi. Eslatib o‘tamiz, aprel oxirlarida Pekinda o‘tkazilgan yarim marafonda tarixda birinchi marta odamlar odamsimon robotlar bilan raqobatlashgan edi . Yarim marafonda 12 ming sportchi va 20 ta odamsimon robot ishtirok etgan. Robotlardan birinchi bo‘lib marra chizig‘iga yetib kelgani bunga 2 soat-u 40 daqiqa sarflagandi, bu eng tez kelgan odamning natijasidan 2,5 barobarga sekin.","#Xitoy, #robotlar"
https://kun.uz/news/category/texnologiya,Yangi avtopilot Tesla avtomobilini ag‘dardi,18:36 / 26.05.2025,https://kun.uz/news/2025/05/26/yangi-avtopilot-tesla-avtomobilini-agdardi,FSD avtopilotining so‘nggi versiyasiga ega Tesla Model 3 jiddiy avariyaga uchradi – mashina to‘satdan yo‘ldan chiqib ketdi va ag‘darildi.,https://storage.kun.uz/source/11/0YVow8lAmzL1AijtsNi3U0c0qI6bwWCq.jpg,"Tesla kompaniyasining yangi FSD v13.2.8 va Hardware 4 avtopilot tizimi Model 3 avtomobilini jiddiy falokatiga sabab bo‘ldi. Avtomobil yo‘ldan chiqib ketdi, daraxtga urildi va ag‘darildi. Reddit foydalanuvchisi tomonidan joylangan videoda haydovchi iyagi kesilgani va falokatning oldini olishga ulgurmagani aytiladi. Hodisa avtopilotning ishonchliligi haqida qizg‘in bahs-munozaralarga sabab bo‘ldi. Nomiga qaramay, Full Self-Driving (FSD) o‘zini o‘zi boshqarish bo‘yicha to‘liq avtonom tizim emas – texnik jihatdan bu avtomatlashtirishning ikkinchi darajasi bo‘lib, unda nazorat uchun inson javobgardir. Mutaxassislar nostandart sharoitlarda FSD zaifligini ta’kidlamoqda: yomon holatdagi yo‘l chiziqlari, ta’mirlanayotgan yo‘l uchastkalarida yetarlicha yorug‘lik yo‘qligi va hokazo. Tesla tomonidan radar va LiDAR tizimidan voz kechilishi ham tanqid qilinmoqda. Bu haydovchilarda xavfsizlik bilan bog‘liq noto‘g‘ri hislarni yuzaga keltiruvchi agressiv marketing ekani aytilmoqda.","#Tesla, #avtopilot"
https://kun.uz/news/category/texnologiya,"Sun’iy intellekt tobora kuchayib bormoqda, lekin ko‘proq xatoga yo‘l qo‘ymoqda – OAV",17:40 / 24.05.2025,https://kun.uz/news/2025/05/24/suniy-intellekt-tobora-kuchayib-bormoqda-lekin-koproq-xatoga-yol-qoymoqda-oav,"Sun’iy intellekt bilan bog‘liq eng keng tarqalgan muammolardan biri bu «gallyutsinatsiyalar» bo‘lib, modellar ma’lumot va faktlarni biron bir manba bilan qo‘llab-quvvatlamasdan, shunchaki uydirayotgani ta’kidlanmoqda.",https://storage.kun.uz/source/11/tx3Qp1r9Dq4XI2SXErd6e-xFsPv7UYte.jpg,"Sun’iy intellekt (SI) tilida fikr yurituvchi so‘nggi yirik modellar, xususan, OpenAI kompaniyasining eng kuchli modeli bo‘lgan o3 o‘zidan oldingilarga qaraganda ko‘proq xato qilmoqda, deb yozdi The New York Times. Shu kabi muammolar boshqa kompaniyalarning SI modellarida, masalan, Google yoki Xitoyning DeepSeek startapida ham uchraydi. Ularning matematik imkoniyatlari sezilarli darajada oshishiga qaramay, javoblardagi xatolar soni faqat ortmoqda. Sun’iy intellekt bilan bog‘liq eng keng tarqalgan muammolardan biri bu «gallyutsinatsiyalar» bo‘lib, modellar ma’lumot va faktlarni biron bir manba bilan qo‘llab-quvvatlamasdan, shunchaki uydirmoqda. Ishlab chiquvchilarning sa’y-harakatlariga qaramay, biznes uchun sun’iy intellekt vositalari yaratadigan Vectara startapining bosh direktori Amr Avadalla gallyutsinatsiyalar doimo mavjud bo‘lishini aytdi. Bunday gallyutsinatsiyaga misol sifatida Cursor vositasini texnik qo‘llab-quvvatlaydigan SI boti bo‘ldi. U asbobni faqat bitta kompyuterda ishlatish mumkinligini aytib, noto‘g‘ri ma’lumot berdi. Bu shikoyatlar to‘lqiniga va hatto foydalanuvchilar tomonidan akkauntlarning o‘chirilishiga olib keldi. Keyinchalik ma’lum bo‘lishicha, kompaniya bunday o‘zgarishlarni amalga oshirmagan - bularning barchasini bot o‘ylab topgan. Turli modellarni alohida sinovdan o‘tkazishda gallyutsinatsiyalar, ya’ni xayoliy faktlar darajasi 79 foizga yetdi. OpenAI ichki testida o3 modeli mashhur shaxslar haqidagi savollarga berilgan javoblarning 33 foizida xatoga yo‘l qo‘ydi. Bu o1 modeliga nisbatan ikki baravar ko‘p. Yangi o4-mini modeli bundan ham yomonroq ishladi va 48 foiz holatda xatoga yo‘l qo‘ydi. Umumiy savollarga javob berganda, o3 va o4-mini modellarida gallyutsinatsiyalar darajasi yanada yuqori edi - mos ravishda 51 foiz va 79 foiz. Taqqoslash uchun, eski o1 modeli xatolari 44 foizni tashkil etdi. OpenAI bunday xatolarning sabablarini tushunish uchun qo‘shimcha tadqiqotlar zarurligini tan olmoqda. Kompaniyalar va tadqiqotchilar tomonidan o‘tkazilgan mustaqil testlar shuni ko‘rsatadiki, gallyutsinatsiyalar Google va DeepSeek fikrlash modellarida ham uchraydi. Kompaniyalarning ushbu xatolarni tuzatishga urinishlariga qaramay, o‘tgan yil ichida gallyutsinatsiyalar atigi 1-2 foizga kamaydi.","#OpenAI, #Sun’iy intellekt, #DeepSeek"
https://kun.uz/news/category/texnologiya,Microsoft aniq ob-havo bashoratlari uchun Aurora sun’iy intellekt modelini taqdim etdi,00:16 / 24.05.2025,https://kun.uz/news/2025/05/24/microsoft-aniq-ob-havo-bashoratlari-uchun-aurora-suniy-intellekt-modelini-taqdim-etdi,Ushbu tizim tezlik va aniqlik bo‘yicha an’anaviy meteorologiya markazlaridan ustun.,https://storage.kun.uz/source/11/j45dONN1orYdIV2hVuL4ux_94KIGZ3jH.jpg,"Microsoft kompaniyasi ob-havo sharoitlarini yuqori aniqlikda bashorat qilishga qodir Aurora nomli sun’iy intellektni taqdim etdi . Fizik tenglamalarga asoslangan odatdagi modellardan farqli ravishda Aurora faqat arxiv ob-havo ma’lumotlari asosida o‘rgatilgan. Bunday usul orqali hisoblash tizimlariga ajratiladigan xarajatlar o‘n va hatto yuz baravar qisqartirilgan, shu bilan birga, prognoz aniqligi saqlab qolingan. Qayd etilishicha, ayrim holatlarda model hatto xalqrao meteomarkazlarni ham ortda qoldirgan. Xususan, Aurora 10 kunlik bashoratlarni Yevropa o‘rta muddatli prognozlar markazi bilan taqqoslaganda 92 foizga aniqroq bajargan. Aurora’ning eng muhim yutuqlaridan biri — 2023 yilgi barcha to‘fonlarni, jumladan, Filippinga yopirilgan «Doksuri» tayfunini aniq bashorat qilganidir. Rasmiy prognozlar to‘fonning Tayvanning shimoliga siljishini kutayotgan bir vaqtda, Aurora uning aniq yo‘nalishi va yopirilish vaqtini oldindan belgilagan. Pensilvaniyalik professor Paris Perdikarisning so‘zlariga ko‘ra, bu sun’iy intellekt amaldagi prognoz markazlaridan aniqroq ishlagan birinchi holat hisoblanadi. Mutaxassislarning hisoblashicha, kelgusi o‘n yillikda sun’iy intellekt tizimlari sun’iy yo‘ldosh ma’lumotlari va meteostansiyalar ko‘rsatkichlaridan to‘g‘ridan-to‘g‘ri foydalana boshlaydi. Bu istalgan nuqtada real vaqt rejimida aniq ob-havo prognozlarini tuzishga imkon beradi. Microsoft kompaniyasi Aurora’ning tijorat asosida joriy etilishi ob-havo monitoringiga bo‘lgan yondashuvni tubdan o‘zgartirishi mumkinligiga ishonmoqda.","#Microsoft, #Aurora"
https://kun.uz/news/category/texnologiya,Xitoy kosmik stansiyasidan noma’lum mikrob shtammi topildi,23:35 / 20.05.2025,https://kun.uz/news/2025/05/20/xitoy-kosmik-stansiyasidan-nomalum-mikrob-shtammi-topildi,Ushbu mikrob kosmosning ekstremal sharoitlariga moslasha oladi. Undan qishloq xo‘jaligi va tibbiyotda foydalanish mumkin.,https://storage.kun.uz/source/11/LwrttGtfkuyuEDHVKTCzovpcaI74z-5_.jpg,"Xitoyga tegishli «Tyangun» kosmik stansiyasidan Yerda uchraydigan bakteriyaning yangi shtammi — Niallia tiangongensis t opildi . Bakteriya nomunalari 2023 yilning mayida to‘plangan. Qayd etilishicha, yangi shtamm kosmik stansiya kayutasidan topilgan bo‘lib, ular steril salfetkalarga yig‘ilgan, muzlatilgan va Yerga olib kelingan. Yerdan tashqarida mikroblarning xatti-harakatlarini o‘rganish kosmonavtlarning sog‘lig‘ini himoya qilish va kosmik kema tizimlarini saqlash uchun juda muhim. Olimlarning ta’kidlashicha, Niallia tiangongensis kosmosning ekstremal sharoitlariga moslasha oladi. U Yerdagi shakliga qaraganda radiatsiya sababli yuzaga kelgan shikastlanishlarni yaxshiroq tiklaydi va hujayra hamda to‘qimalarning faoliyatini buzuvchi nomutanosiblik — oksidlovchi stressga qarshi kurashadi. Shtammning koinotda qanday omon qolishiga oid ma’lumotlar mikroblarni nafaqat Yer orbitasidan tashqarida, balki qishloq xo‘jaligi, tibbiyot va boshqa sohalarda ham nazorat qilish strategiyalarini ishlab chiqishda yordam berishi mumkin. Bakteriyaning ma’lum organik birikmalarni parchalash qobiliyati olimlarga chiqindilarni qayta ishlash sohasida yangi imkoniyatlar ochadi.","#Xitoy, #shtamm"
https://kun.uz/news/category/texnologiya,Xitoyda sun’iy yomg‘ir yog‘dirish bo‘yicha tajriba o‘tkazildi,02:08 / 19.05.2025,https://kun.uz/news/2025/05/19/xitoyda-suniy-yomgir-yogdirish-boyicha-tajriba-otkazildi,Tajriba doirasida ikki turdagi dronlardan foydalanildi. Kumush yodid moddasini purkash orqali 70 ming metr kub miqdorida yog‘ingarchilik hosil qilindi.,https://storage.kun.uz/source/11/9s22AYel1TNlTQ7KzXjpL4Hbq8O5bQgO.jpg,"Xitoylik olimlar Shinjon-Uyg‘ur mintaqasida dronlar yordamida sun’iy yomg‘ir yog‘dirishga muvaffaq bo‘ldi . Ular kumush yodid moddasidan foydalangan holda 70 ming metr kub suv miqdoridagi yog‘ingarchilikni hosil qildi — bu taxminan 30 ta Olimpiya suzish havzasiga teng. Qayd etilishicha, tajriba ikki turdagi dronlar yordamida Tyan-Shan tog‘lari etagida joylashgan Bayanbuloq yaylovlari ustida o‘tkazilgan. Ular 5 ming metr balandlikda harakatlanib, har biri 125 gramm bo‘lgan kumush yodid kukunlarini purkagan. Umumiy sarf — 997 gramm, purkash tezligi esa soniyasiga 28 grammni tashkil etgan. Kimyoviy modda miqdori kichik bo‘lishiga qaramay, tajriba kutilganidan yuqori natija bergan: qo‘shimcha yog‘ingarchilik 8 ming kilometr kvadrat maydonda kuzatilgan. Olimlarning ta’kidlashicha, bunga bulut qatlamlariga aniq ta’sir o‘tkaza olish orqali erishilgan — bu ilgari texnik jihatdan qiyin deb hisoblanardi. Tajriba Xitoy meteorologiya boshqarmasining Bulutlar cho‘kishi va ob-havoni modifikatsiya qilish fizika laboratoriyasi hamda Shinjon ob-havoni o‘zgartirish boshqarmasi tomonidan o‘tkazilgan. Natijalar uch usulda baholangan: yomg‘ir tomchilarini o‘lchash, 50 yillik iqlim statistikasi tahlili va modellashtirish orqali. Barcha usullar yog‘ingarchilik 3,8–4,3 foizga oshganini ko‘rsatgan. Kumush yodid bilan bulutlarga ta’sir ko‘rsatish texnologiyasi XX asr o‘rtalaridan beri mavjud, ammo dronlardan foydalanish aniqlikni oshirib, ekologik xavflarni kamaytirdi. Tadqiqot mualliflaridan biri Li Binning so‘zlariga ko‘ra, tajriba bu texnologiyaning qurg‘oqchilikka qarshi kurash va iqlim o‘zgarishlariga moslashuvida katta salohiyatga ega ekanini ko‘rsatgan. Shinjon mintaqasida yillik yog‘ingarchilik atigi 150 millimetrdan oshmasligi hisobga olinadigan bo‘lsa, ushbu texnologiya suv va oziq-ovqat xavfsizligini ta’minlashda muhim vositaga aylanishi mumkin.","#Xitoy, #sun’iy yomg‘ir"
https://kun.uz/news/category/texnologiya,NASA afsonaviy Voyager zondini 25 milliard kilometr masofadan ta’mirlashga muvaffaq bo‘ldi,17:14 / 17.05.2025,https://kun.uz/news/2025/05/17/nasa-afsonaviy-voyager-zondini-25-milliard-kilometr-masofadan-tamirlashga-muvaffaq-boldi,Muhandislar 21 yildan beri o‘chirib qo‘yilgan dvigatellarni qayta ishga tushirishga erishdi.,https://storage.kun.uz/source/11/pEsnAt_DCkpOI0OSLDwqaQX2QDSBkE6W.jpg,"NASA muhandislari aqlbovar qilmaydigan ishni amalga oshirdi: ular Yerdan deyarli 25 milliard kilometr uzoqlikdagi «Voyager 1» zondini masofadan turib ta’mirlashga muvaffaq bo‘ldi. Ulkan masofaga qaramay, jamoa 2004 yildan beri ishlamayotgan dvigatellarini qayta ishga tushirishga erishdi. Afsonaviy zond 1977 yil 5 sentabrdan beri koinot bo‘ylab sayohat qilmoqda. Yupiterni kuzatish bo‘yicha o‘zining asosiy missiyasini bajargandan so‘ng, u parvozni davom ettirdi va Quyosh tizimidan uzoqlashib, yulduzlararo fazoga kirdi. Uning ko‘pgina tarkibiy qismlari uzoq vaqtdan beri o‘chirib qo‘yilgan: ba’zilari endi kerak emasligi sababli, boshqalari buzilgani sababli. Zond antennasini Yerga qaratib turishi uchun dvigatellar muhim ahamiyatga ega. Avval muhandislar ularni ba’zida ishga tushirib turardi. Ammo 2004 yilda kichik isitgichlar quvvatni yo‘qotganidan so‘ng, tuzatib bo‘lmas deb topildi va dvigatellar o‘chirib qo‘yildi. Yaqinda muhandislar vaziyatni qayta ko‘rib chiqdi. Ular kontaktlarning zanglashiga olib kelgan nosozlik tizimni o‘chirib qo‘ygan bo‘lishi mumkinligini taxmin qildi. Agar uni masofaviy buyruq orqali qayta yoqish mumkin bo‘lsa, dvigatellar ishlashi mumkin edi. Jarayon xavfli edi. Jamoa harakatsiz asosiy dvigatellarni ishga tushirishi va isitgich bilan bog‘liq muammoni hal qilishga harakat qilishi kerak edi. Agar avtomatik tizim dvigatelni qizib ketguncha tasodifan ishga tushirsa, bu portlashga olib kelishi mumkin. Shuning uchun olimlar kosmik kemaning holatini aniq o‘lchash uchun yulduz kuzatuvchisidan foydalanishdi. Bu hatto Yerda ham qiyin ish bo‘lib, signal yuborish 23 soatdan ko‘proq vaqtni oladi. Biroq, NASA manyovrni amalga oshirdi va isitgichlarni muvaffaqiyatli qayta ishga tushirdi va asosiy dvigatellar yana ishlay boshladi. «Bu ajoyib lahza bo‘ldi. O‘sha kuni jamoaning ruhiyati juda yuqori edi. Bu dvigatellar o‘lik deb hisoblanardi, biroq muhandislarimizdan biri ularning ishdan chiqishining yana bir sababi borligini va uni tuzatish mumkinligini aytdi. Biz buni qilganimiz shunchaki mo‘jiza», dedi missiya rahbari Todd Barber. «Voyager 1» zondi 1977 yilda fazoga uchirildi, uning asosiy vazifasi Yupiter va Saturnni tadqiq qilish edi. Stansiya ushbu sayyoralar yo‘ldoshlarining batafsil suratlarini olgan birinchi kosmik zond bo‘ldi. Asosiy missiyani tugatgandan so‘ng, u parvozni davom ettirdi va Quyosh tizimining uzoq hududlarini, jumladan Kyoyper kamarini va geliosfera chegarasini o‘rganish uchun qo‘shimcha missiyani boshladi. Qurilma bortida oltin disk bo‘lib, unga ehtimoliy o‘zga sayyoraliklar uchun mo‘ljallangan murojaat, shuningdek, bir qator tasvirlar va tovushlar yozilgan.","#NASA, #koinot, #Voyager 1"
https://kun.uz/news/category/texnologiya,Virgin Galactic kosmosga parvozlar narxini oshiradi,01:39 / 17.05.2025,https://kun.uz/news/2025/05/17/virgin-galactic-kosmosga-parvozlar-narxini-oshiradi,Milliarder Richard Brensonga tegishli kompaniya ilgari suborbital parvozlar uchun chiptalarni har bir o‘rin uchun taxminan 600 ming dollardan sotgan.,https://storage.kun.uz/source/11/w0obcaAVKlRVWeIRG_QqZacwfGnnSNW6.jpg,"Virgin Galactic 2026 yilning birinchi choragida chipta savdosini qayta boshlaganidan so‘ng, kosmik turizm parvozlari uchun narxlarni oshirishni rejalashtirmoqda. Bloombergʼning yozishicha , kompaniya 2024 yil iyunida parvozlarni vaqtincha to‘xtatgan. Milliarder Richard Brenson asos solgan kompaniya ilgari suborbital parvozlar uchun chiptalarni har bir o‘rin uchun taxminan 600 ming dollardan sotgan. Biroq 2026 yilda narxlar qanchaga ko‘tarilishi haqida hozircha ma’lumot berilmagan. Virgin Galactic’ka ko‘ra, ilmiy-tadqiqot missiyasini amalga oshiradigan yangi kosmik kemaning ilk parvozi 2026 yil yoziga mo‘ljallangan. Astronavtlarning parvozlari esa kuzdan qayta tiklanadi. Yangilangan Delta kemalari avvalgi modellardan farqli ravishda to‘rt nafar emas, olti nafar yo‘lovchini sig‘dira oladi. Kompaniyadagilarning ta’kidlashicha, ular hozirda kosmosga parvoz qilishni kutayotgan mijozlar navbatini taxminan bir yil ichida tugatishga muvaffaq bo‘ladi. Virgin Galactic’ning so‘nggi kosmik turistik parvozi 2024 yil 8 iyunda bo‘lib o‘tgan. Unda Turkiya, AQSh va Italiyadan kelgan yo‘lovchilar ishtirok etgan va ular kosmosda taxminan bir soat vaqt o‘tkazgan. Eslatib o‘tamiz, 2021 yil iyul oyida milliarder Jyeff Bezos shaxsan Blue Origin kompaniyasining New Shepard raketasida koinotga uchgandi . O‘shanda u bilan birga bortda uning akasi Mark, 82 yoshli uchuvchi Uolli Fank va 18 yoshli niderlandiyalik Oliver Demen bo‘lgan. Joriy yilning fevral oxirlarida Blue Origin kapsulasi kosmosga turistik parvozni muvaffaqiyatli amalga oshirgandi . Aprel o‘rtalarida esa Blue Origin kompaniyasi faqat ayollardan iborat ekipaj bilan New Shepard raketasini uchirishga muvaffaq bo‘ldi .","#Richard Brenson, #Virgin Galactic, #kosmos"
https://kun.uz/news/category/texnologiya,AQShda burgerlarni robotlar tayyorlaydigan kafe ochildi,00:39 / 16.05.2025,https://kun.uz/news/2025/05/16/aqshda-burgerlarni-robotlar-tayyorlaydigan-kafe-ochildi,Kaliforniyada BurgerBots restorani ochildi. U yerdagi robotlar 27 soniya ichida burger tayyorlashga qodir.,https://storage.kun.uz/source/11/oTkX3P9RTWohhcEGXRd2g6UKSEim0w6A.jpg,"AQShning Kaliforniya shtatida burgerlar to‘liq robotlar tomonidan tayyorlanadigan BurgerBots restorani ochildi, deb xabar beradi ABB Robotics. Qayd etilishiga, restoranda IRB 360 FlexPickers va YuMi cobots robotlar tizimi o‘rnatilgan bo‘lib, ular 27 soniya ichida burger tayyorlashga qodir. Mashinalar kun davomida kotletlar, sous, salat, pishloq va boshqa masalliqlar bir xil tartibda joylashtirilgan shu kabi yuzlab taomlarni tayyorlay oladi. Shu bilan birga, restoranda parallel ravishda to‘liq shtatda xodimlar ham faoliyat yuritadi. Ayni vaqtda robotlar monoton vazifalarni bajarmoqda: go‘sht maydalash va kotlet qovurishdan tortib, tayyor burgerlarni patnisga uzatishgacha. Shundan so‘ng, ofitsantlar tayyor buyurtmalarni olib ketib, mijozlarga xizmat ko‘rsatadi. «Texnologiyamiz restoran biznesiga sanoat darajasidagi sifat va barqarorlikni olib kiradi. Robotlar xodimlarni oddiy, takroriy vazifalardan ozod qilib, mehmonlarda yoqimli taassurot qoldirishga e’tibor qaratish imkonini beradi», — deydi ABB Robotics prezidenti Mark Segura. Avvalroq yaponiyalik ishlab chiqaruvchilar keksalar uchun turli murakkablikdagi parvarish vazifalarini bajara oluvchi robotni taqdim etgandi . 150 kilogrammli humanoid robot bemorlarning tagliklarni almashtirish, yotoq yarasining oldini olish uchun ularni ag‘darib turish, ularga o‘tirishga yordam berish, paypoq kiydirish, tuxum qovurish, kiyimlarni taxlash va boshqa maishiy yumushlarni bajara oladi.","#AQSh, #burger, #robotlar"
https://kun.uz/news/category/texnologiya,Ilon Mask Tesla’ning raqsga tushayotgan roboti videosi bilan bo‘lishdi,22:14 / 13.05.2025,https://kun.uz/news/2025/05/13/ilon-mask-teslaning-raqsga-tushayotgan-roboti-videosi-bilan-bolishdi,Optimus robotining yangi versiyasi oldingisidan 30 foiz tezroq harakat qiladi va undan 10 kilogrammga yengil.,https://storage.kun.uz/source/11/XwcEBrH2WIaSFxHeMJF_1bMoKtBuRgzU.jpg,"Amerikalik milliarder Ilon Mask o‘zining X ijtimoiy tarmog‘idagi sahifasi orqali Tesla kompaniyasi tomonidan yaratilgan Optimus nomli humanoid robotning raqsga tushayotgani tasvirlangan video bilan bo‘lishdi . 🕺 pic.twitter.com/NzqAmN3F5z — gorklon rust (@elonmusk) May 13, 2025 Tesla robotlar dasturini boshqaruvchi Milan Kovachning so‘zlariga ko‘ra, Optimus roboti avtonom agentlarning qaror qabul qilishiga asoslangan dasturiy ta’minot orqali takomillashtirilgan. Uning raqsi «datlabki natijalar bo‘lib, tez orada u yanada barqarorlashadi». Maskning ta’kidlashicha, kadrlarda ko‘zga tashlangan xavfsizlik trosi robot muvozanatini saqlash uchun emas, balki uning yiqilib ketishining oldini olish uchun o‘rnatilgan. «Bu real vaqt rejimida tasvirga olingan», — deydi biznesmen. Tesla yangilangan Optimus robotini 2023 yil dekabr oxirlarida taqdim etgandi. Oldingi versiya bilan taqqoslaganda u harakatlarni yaxshiroq nazorat qilishni o‘rganib olgan. Bundan tashqari, robot o‘zidan oldingi versiyasidan 30 foiz tezroq harakat qiladi va 10 kilogrammga yengil. Avvalroq yaponiyalik ishlab chiqaruvchilar keksalar uchun turli murakkablikdagi parvarish vazifalarini bajara oluvchi robotni taqdim etgandi . 150 kilogrammli humanoid robot bemorlarning tagliklarni almashtirish, yotoq yarasining oldini olish uchun ularni ag‘darib turish, ularga o‘tirishga yordam berish, paypoq kiydirish, tuxum qovurish, kiyimlarni taxlash va boshqa maishiy yumushlarni bajara oladi.","#Tesla, #robot, #Optimus"
https://kun.uz/news/category/nuqtai-nazar,AQShning yangi bojlari O‘zbekistonga qanday ta’sir qiladi?,14:23 / 03.04.2025,https://kun.uz/news/2025/04/03/aqshning-yangi-bojlari-ozbekistonga-qanday-tasir-qiladi,"Amerika tomoni kiritayotgan 10 foizlik boj O‘zbekistondan AQShga eksportning katta qismiga ta’sir qilmasligi mumkin. Iqtisodchi Mirkomil Xolboyevning tushuntirishicha, o‘tgan yili AQShga eksportning 86 foizi xizmatlar hissasiga to‘g‘ri kelgan. Xizmatlar eksporti esa bojga tortilmaydi. Ammo yangi tariflarning ikkilamchi ta’siri sezilishi mumkin.",https://storage.kun.uz/source/11/OWZBiWvDswVXMVITcA0niFwo9xllIa1W.jpg,"AQSh prezidenti Donald Tramp «butun dunyo mamlakatlari uchun o‘zaro bojlar» joriy etilishini e’lon qildi. Xususan, bu bojlar O‘zbekiston uchun 10 foizni tashkil etadi. Iqtisodchi Mirkomil Xolboyev yangi tariflarning O‘zbekistonga qanday ta’sir etishi mumkinligini tahlil qildi . — 2024 yilda O‘zbekistonning AQSh bilan tashqi savdo aylanmasi 882 mln dollarni tashkil etib, 2023 yilga nisbatan 15,2 foizga oshgan. Bunda AQShga eksport 314,7 mln dollar, import esa 564,3 mln dollarni tashkil etgan. AQShga eksport O‘zbekiston umumiy eksportining 1,2 foiz ulushiga teng. Bundan tashqari, eksportning asosiy qismi xizmatlar eksporti hisoblanadi. Xususan, 2024 yilda tovarlar eksporti 44,4 mln dollarni tashkil etgan. Ya’ni eksportning 86 foizi xizmatlar eksporti hisobiga shakllangan. Xizmatlar eksporti esa bojga tortilmaydi. Boshqacha aytganda, AQShga eksportimizning 86 foizi kecha e’lon qilingan tariflardan tashqarida. Qolgan 14 foiz eksportimiz esa qo‘shimcha tariflarga tortiladi. Tovarlar eksportining asosiy qismi ochiqlanmagan tovarlar (bojxona kodi 9999) – 7,9 mln dollar, qimmatbaho metall (7112)- 6,6 mln dollar, alyuminiy 6,6 mln dollar kabi tovarlarga to‘g‘ri keladi. Umuman olganda, tariflarning O‘zbekistonga to‘g‘ridan to‘g‘ri ta’siri judayam kichik. Birinchidan AQSh mamlakat eksportida yirik savdo hamkor hisoblanmaydi. Ikkinchidan, joriy qilingan bojlar eksport tovarlarining asosiy qismiga ta’sir qilmaydi. Lekin tariflarning deyarli barcha davlatlarga o‘rnatilgani yaqin kelajakda o‘zining salbiy ta’sirlarini ko‘rsatmasdan qolmaydi. Ya’ni AQSh tomonidan o‘rnatilgan tariflar butun dunyoda, shu jumladan, O‘zbekistonning asosiy hamkorlarida ham o‘sishning sekinlashishiga olib keladi. O‘sishning sekinlashishi esa tabiiyki, tovarlarga bo‘lgan talabni pasaytiradi. Xususan, o‘zi shundoq ham eksportimiz pasayishi davom etayotgan Xitoy, Turkiya, Qirg‘iziston, Tojikiston kabi hamkorlarimizga eksportimiz pasayishi yana tezlashishi yoki o‘sish boshlanishi orqaga surilishi mumkin. Ammo noaniqliklar sharoitida asosiy eksport tovarimiz bo‘lgan oltinning narxi yangi tarixiy maksimumlarga yetishi kutilmoqda. Ya’ni boshqa tovarlar eksportidagi pasayish oltin eksporti bilan kompensatsiya qilinishi mumkin. Bundan tashqari, Qo‘shma Shtatlar katta iqtisodiyot bo‘lgani sababli, AQSh tomonidan o‘rnatilgan boj global bozorda tovarlar narxini pasaytiradi. Bu esa o‘z navbatida importimizning arzonroq kirib kelishiga olib kelishi mumkin. Bir jihatdan bu monetar siyosat uchun yaxshi shart-sharoitlar yaratsa, ya’ni inflatsiyani jilovlash yo‘nalishida, boshqa tomondan ichki ishlab chiqaruvchilarga kutilmagan raqobatni paydo qilishi mumkin.","#AQSh, #tashqi savdo, #boj, #Donald Tramp, #savdo urushi"
https://kun.uz/news/category/nuqtai-nazar,O‘zbekistondagi tug‘ilishlar soni kamaydi. Nega?,15:30 / 28.10.2024,https://kun.uz/news/2024/10/28/ozbekistondagi-tugilishlar-soni-kamaydi-nega,"Iqtisodchi Mirkomil Xolboyev O‘zbekistonda tug‘ilishlar soni kamayishini «mavsumiylikka» xos xususiyat deya baholadi. Uning tushuntirishicha, mazkur tendensiya ko‘proq tug‘ish yoshidagi insonlar sonining oldingi avlodga nisbatan kamayishi bilan bog‘liq.",https://storage.kun.uz/source/10/hoTWYQsL4h3fGDfhNYW4ETRjRZ8S_ZFU.jpg,"Yil boshidan buyon qariyb 694 ming tug‘ilish qayd etilgan bo‘lib, o‘tgan yilning mos davriga nisbatan 3,2 foizga pasaygan (birinchi uch oyda bu farq 4,3 foiz edi). Yaqin tariximizda 2016 hamda 2017 yillarda ham tug‘ilish mos ravishda 1,3 foizga va 1,4 foizga pasaygan edi. Bundan tashqari, 2011 (-1 foiz), 2010 (-3,3 foiz), 2005 (-1,3 foiz) hamda 2003 (-4,6 foiz) yillarda ham tug‘ilishning pasayishi qayd etilgan. Mustaqillikdan yangi asrgacha bo‘lgan iqtisodiy qiyinchilik va tiklanish davrida esa tug‘ilishning pasayishi odatiy holga aylanib qolgandi. 1992-2000 yillarda faqatgina 1995 yilda tug‘ilish 3,2 foiz o‘sgan bo‘lsa, qolgan barcha yillarda tug‘ilishning chuqur pasayishi kuzatilgan. Xo‘sh, joriy yilda kuzatilayotgan pasayish yaqin tariximizdagi kuzatilgani kabi bir yillik pasayishmi yoki uzoq davom etuvchi demografik muammolarning boshlanishimi? Bu savolga aniq javob topish qiyin, lekin menimcha hozirgi pasayish chuqur muammolarni ifoda etmaydi. Hozirgi pasayishning asosiy sababi esa 1992-2001 yillardagi tug‘ilishning pasayishi hisoblanadi. O‘sha yillarda tug‘ilishlar soni qariyb 30 foizga pasaygan. Masalan, mustaqillikning ilk yillarida 700 mingdan ko‘proq bola tug‘ilgan bo‘lsa, yangi asrga kelib bu ko‘rsatkich 500 minggacha pasaygan. Hozirga kelib mustaqillikning ilk davrida tug‘ilgan insonlar farzand ko‘rish davridan o‘tmoqda va ayni chuqur pasayish davrida tug‘ilganlar mamlakatdagi tug‘ilishlar sonida asosiy rol o‘ynay boshlagan. Bu esa tabiiy ravishda tug‘ilishning kamayishiga olib kelayotgan bo‘lishi mumkin. Masalan, hozirgi tug‘ilish darajasi va 27 yil oldingi (erkaklar uchun o‘rtacha turmush ko‘rish yoshi) tug‘ilish darajasi o‘rtasidagi bog‘liqlik (korrelatsiya) 0,46 foiz atrofida. Bu hozirgi tug‘ilishlar soni 27 yil oldingi tug‘ilishlar soniga sezilarli darajada bog‘liqligini ko‘rsatadi. Bu tendensiyani so‘nggi yillarda nikohlar sonining pasayish tendensiyasidan ham ko‘rish mumkin. Xususan, nikohlar soni 2024 yilning 9 oyida 2,8 foizga, 2023 yilda 4,3 foizga hamda 2022 yilda 2,8 foizga pasaygan. Bu holat birinchidan, nikoh yoshining biroz ko‘tarilayotgani bilan izohlansa, ikkinchidan, mustaqillikdan yangi asrgacha bo‘lgan davrda tug‘ilishlar sonining doimiy pasayish tendensiyasi ta’siri ko‘rina boshlagani bilan izohlanishi mumkin. Shuningdek, aholi orasida nisbatan kamroq farzand ko‘rish haqidagi qarorlar ham hozirgi pasayishga ta’sir qilayotgan bo‘lishi mumkin. Lekin har bir onaga tug‘ish darajasi (fertility rate) so‘nggi yillarda o‘sish tendensiyasini namoyon qilmoqda. Xususan, bu ko‘rsatkich 2017 yilda 2,4 ni tashkil etgan bo‘lsa, 2022 yilga kelib 3,3 ga yetgan. Ya’ni odamlar ko‘proq farzand ko‘rishga qaror qilmoqda. Umuman olganda, joriy yilda tug‘ilish bilan kuzatilayotgan tendensiya ko‘proq tug‘ish yoshidagi insonlar sonining oldingi avlodga nisbatan kamligi bilan izohlansa kerak. Boshqacha aytganda, joriy yildagi pasayish chuqur demografik muammolar yuzaga kelayotganini ko‘rsatmaydi, balki «mavsumiylikka» xos xususiyatga ega xolos. Mirkomil Xolboyev, iqtisodchi","#tug‘ilish, #Statistika"
https://kun.uz/news/category/nuqtai-nazar,“NATOning tafakkuri klassik davrga qaytdi” - Kamoliddin Rabbimov,10:23 / 18.07.2024,https://kun.uz/news/2024/07/18/natoning-tafakkuri-klassik-davrga-qaytdi-kamoliddin-rabbimov,"SSSR parchalanganidan keyin NATO tashkiloti endi kerakmi degan savollar ham yangragan, harbiy alyans bir muddat ekstremistik va terroristik tashkilotlarga diqqatini qaratgan edi, lekin Putinning 2007 yili Myunxendagi nutqidan keyingi davrda NATO yana yirik avtoritar davlatlarga qarshi turish tafakkuriga qaytdi, deydi siyosatshunos.",https://storage.kun.uz/source/10/umbRaRQdw3Qt9ZDhqE_Tr4xu58EujCFN.jpg,"Sovet ittifoqi qulaganidan keyin NATO o‘ziga yangi mazmun izladi. Ya’ni yangi konseptual tahdid ko‘rinmayotgan edi. Ma’lum bir muddat tashkilotning asosiy obekti ekstremizm va terrorizmga qarshi kurashish bo‘ldi. 11 sentabr voqealaridan keyin, NATO tarixida birinchi va hozircha oxirgi marta 5-modda qo‘llandi: Amerikani mudofaa qilish uchun shu modda asosida Afg‘onistonga kirilgan edi. Keyingi 20 yilda NATOning tafakkuri yana o‘sha klassik davrga qaytyapti. Ekstremizm va terrorizm – bu tashkilotlar, Rossiya va Xitoy esa – klassik davlatlar. 75 yillik sammitda avtoritar davlatlar, ayniqsa Xitoydan kelayotgan tahdidlar bosh mavzulardan biri bo‘ldi. NATOning bu tafakkurga qaytishi Qrim anneksiyasidan ham avvalroq, Putinning 2007 yili Myunxendagi nutqiga borib taqaladi. Bu Rossiyaning G‘arbga konseptual e’tirozi, vetosi bo‘lgandi. Umuman, NATOga a’zo davlatlarning tafakkuri har doim shunday bo‘lgan: vaqti kelib baribir Rossiya Federatsiyasi, Xitoy Xalq Respublikasi bilan global to‘qnashuv bo‘ladi. 1990-yillardayoq Amerikaning ba’zi bir kongressmenlari va senatorlari NATO bu faqat transatlantik tashkilot emas, global tashkilot bo‘lishi kerak, unga Yaponiya, Avstraliya, Yangi Zelandiya, Janubiy Koreyani a’zo qilish kerak, Markaziy Osiyoda ham ba’zi davlatlar a’zo bo‘lishi kerak fikrlarni aytishgandi. Tinch okeani havzasidagi, Xitoy atrofidagi bu to‘rtta davlatlar rahbarlari 75 yillik sammitda asosiy mehmonlar qatorida ishtirok etdi. Siyosatshunos Kamoliddin Rabbimovning Kun.uz studiyasida kechgan suhbatdagi ushbu fikrlari “Nuqtayi nazar” rukni uchun ajratib olindi.","#Rossiya, #NATO"
https://kun.uz/news/category/nuqtai-nazar,“Ijtimoiy soha obektlari xususiylashtirilishiga moratoriy e’lon qilinishi kerak” - Qobil Xidirov,13:57 / 24.05.2024,https://kun.uz/news/2024/05/24/ijtimoiy-soha-obektlari-xususiylashtirilishiga-moratoriy-elon-qilinishi-kerak-qobil-xidirov,Jurnalist Qobil Xidirov Qashqadaryoda ishlab turgan bog‘chalar sotilishi haqidagi xabarlardan keyin ta’lim va tibbiyot muassasalarini sotuvga qo‘yishga moratoriy joriy qilishga chaqirdi.,https://storage.kun.uz/source/10/LfBPzxfe7WfyXHVTefC6LseNQEGBiSTB.jpg,"“Ta’lim dargohlari, tibbiyot muassasalari sotilmasligi va uning o‘rnida beton uylar yoki savdo markazlari qurilmasligi kerak. Agar bunday obektlarni xususiylashtirishga ehtiyoj bo‘lgan taqdirda, bu borada qonunchilik hujjatlarida aniq normalar, prinsiplar ishlab chiqilmaguncha bunga ruxsat berilmasligi kerak. Normalar shunday bo‘lishi kerakki, xususiylashtirilgan yerlarda, obektlarda ta’lim yoki tibbiyot muassasalaridan boshqa hech qanday faoliyat turiga ruxsat berilmasligi kerak. Shifoxona o‘rnida shifoxona, bog‘cha o‘rnida bog‘cha bo‘lishi kerak”, – deb yozdi Qobil Xidirov o‘z blogida. Avvalroq, iqtisodchi Otabek Bakirov ijtimoiy soha obektlarini xususiylashtirmaslikni nazarda tutuvchi qonun ishlab chiqishga chaqirgandi . Uning ta’kidlashicha, maktablar, shifoxonalar, universitetlar makoni xususiylashtirishdan daxlsiz bo‘lishi va ularning hududini sotish qonun bilan taqiqlanishi zarur. Kun.uz avvalroq Qashqadaryo viloyatidagi to‘rtta “Erkatoy” bog‘chalari ishlab turgan bo‘lsa-da, xususiylashtirish dasturida “bo‘sh turgan obekt” sifatida sotuvga qo‘yilganiga e’tibor qaratgandi . Davlat aktivlarini boshqarish agentligi bunga javoban muassasalarning “uzluksiz ishlashi borasida aniq choralar belgilanmaguncha” ular sotilmasligini ma’lum qildi .","#bog‘cha, #xususiylashtirish, #moratoriy"
https://kun.uz/news/category/nuqtai-nazar,O‘z qo‘limiz bilan muammo yaratmaylik,20:32 / 30.04.2024,https://kun.uz/news/2024/04/30/oz-qolimiz-bilan-muammo-yaratmaylik,"Hukumat tayyorlagan yashirin iqtisodiyotga qarshi kurashish dasturi loyihasida ijobiy takliflar bilan birga, ertaga tadbirkorlarni, oddiy odamlarni qiynashga zamin yaratadigan choralar ham ko‘zda tutilgan. Bloger Qobil Xidirov Soliq qo‘mitasiga qo‘shimcha vakolat berishda yetti o‘lchab bir kesishga chaqirdi.",https://storage.kun.uz/source/10/oK2WhAcH7fFkFmFXO6jlkaqE1jTY1Q2l.jpeg,"Hukumat tomonidan ishlab chiqilgan yashirin iqtisodiyotga qarshi kurashish choralari (hozircha loyiha ko‘rinishida) ijobiy takliflar bilan bir qatorda, bahstalab, Soliq qo‘mitasiga yana mutlaq va nazoratsiz vakolatlarni taqdim etish xavfini oshirgan. Eng yomoni, ushbu idora imkon bo‘ldiki, o‘ziga qo‘shimcha vakolat va instrument olishga intilyapti. Ertaga kech bo‘ladi, bugun o‘ylash kerak. Bitta narsani unutmaslik kerakki, hozirgi budjet taqchilligini yuzaga keltirganlar odamlar, kichik va o‘rta tadbirkorlar emas, balki hisobdorligini unutgan hukumatning palapartish sarf-xarajati, monopoliya, yirik biznes olayotgan imtiyoz7u subsidiyalar oqibatidir (mabodo muammo shunda bo‘lsa). Shuning uchun ham ikki oyoq bir etikka tiqilgan payt qora xalqning cho‘ntagiga qo‘l tiqishga urinish adolatsizlikdan boshqa narsa emas. Jismoniy shaxslar o‘rtasida P2P pul o‘tkazmalari ustidan nazorat o‘rnatishga urinish yana kun tartibiga chiqayotgani xavotirlidir. Vaholanki, xuddi shunday urinish o‘tgan yili yangi Konstitutsiyaning “41, 65–67-moddalari talablaridan kelib chiqib, shuningdek, mulkiy huquqlarning ishonchli himoyasini ta’minlash, ushbu huquqlarni cheklayotgan omillarni bartaraf etish, mulkiy munosabatlarga asossiz aralashuvga yo‘l qo‘ymaslik maqsadida” bekor qilingan edi. Ëki Prezident tadbirkorlar bilan uchrashuvda “Tax Gap” degan baloni bekor qilgan holatni eslashning o‘zi kifoya. Hukumat tayyorlagan yashirin iqtisodiyotga qarshi kurashish dasturida ham yana shunday kazuslarni yaratadigan choralar ilgari surilyaptiki, ertaga tadbirkorlarni, oddiy odamlarni qiynashga zamin yaratilishi mumkin. Nazoratsiz, tadbirkorni, oddiy odamlarni “yamlab yutishga” tayyor turgan kontoraga qo‘shimcha vakolat berib, afsuslanib yurgandan ko‘ra hoziroq yetti marta o‘ylab, bir marta kesgan yaxshi. Energetika va kommunal xizmatlar narxlari oshib, shundoq ham stressda turgan tadbirkorlarni, odamlarni, qo‘pol o‘xshatish bo‘lsa ham, qatag‘on qilish noto‘g‘ri qadam va noto‘g‘ri signaldir. O‘z qo‘limiz bilan muammo yaratmaylik. Qobil Xidirov , bloger","#soliq, #yashirin iqtisodiyot, #P2P"
https://kun.uz/news/category/nuqtai-nazar,Muhofaza qilingan sanoat unib chiqmaydi,13:28 / 06.02.2024,https://kun.uz/news/2024/02/06/muhofaza-qilingan-sanoat-unib-chiqmaydi,"Iqtisodchi Behzod Hoshimov jamoatchilik orasida mahalliy ishlab chiqaruvchilar boyisa, ular xalqni boyitadi degan xato tushuncha borligini aytadi. U nima uchun bu fikr xatoligini mahalladagi novvoy misolida tushuntirib berdi.",https://storage.kun.uz/source/10/RPB25cbUuuU74LP2f1UPwjSYtafZIJse.jpg,"Jamoatchilik ham ba’zida xato fikrlarni o‘ylaydi. O‘zimizning ishlab chiqaruvchilarimizni o‘stirsak, ular boyib bizni boyitadi deb o‘ylashadi. Bu – mantiqiy xatolik. Agar ular muhofaza qilinsa, samarador bo‘lishiga rag‘batlar yetarli bo‘lmaydi. Chunki ular biladi: ularning asosiy raqobatbardoshligi savdoga cheklovlar oshirilishida, ko‘proq raqobat qilishda emas. Yaponiyada ishlab chiqarilgan televizor bilan solishtiradigan bo‘lsak, yaponiyalik ishlab chiqaruvchilar biladiki, qancha arzon va sifatli mahsulot ishlab chiqarsa, shuncha ko‘p sota oladi. O‘zbekistonlik ishlab chiqaruvchilar “bizda 10 ming, 50 ming kishi ishlayapti” deb, hukumat va jamoatchilikni qo‘rqita olsa, shunchalik bojlarni ko‘tara olamiz deb o‘ylashadi. Ularning samarasizligi sababi – muhofaza qilinganida. Muhofaza qilinmaganida balki samarador bo‘lib qolishi mumkin edi. Lekin bu muhitda samarador bo‘lish uchun rag‘bat yetmayapti. O‘zimiz bilmagan holda ularning samarasiz bo‘lishini kafolatlayapmiz. Balki o‘zbekistonlik texnika ishlab chiqaruvchilar, agar biz ularni bunaqa himoya qilmaganimizda, keyingi Sony bo‘lishi mumkin edi. Deylik, sizning mahallangizda novvoyxona bor, mahalla atrofini kimdir o‘rab olib, “shu mahallada faqat shu novvoy non sotishga haqli, boshqa mahallalardan kelgan nonga 50 foizlik boj” desa, sizning mahallangiz novvoyi endi chiroyliroq, issiqroq, shirinroq non ishlab chiqarish bilan emas, o‘sha bojni himoya qilish bilan ko‘proq shug‘ullanadi. Agar mahalla tashqarisidagi nonlar yaxshi bo‘lib ketsa ham, novvoy mahalla komissiyasi bilan yaxshilab gaplashib, boshqa mahallalardan kelgan nonlarga boj qo‘llash kerak, ikkita nondan ko‘p olib kirish mumkin emas, kabi shartlar bilan muhofaza qiladi. Natijada hech qachon samaraga chiqmaydi. Agar boshqa mahallalardan non olib kelishga cheklov bo‘lmasa, mahalladagi novvoylar nonni yengil qilib qo‘ysa yoki ta’mini o‘xshata olmasa, odamlar boshqa mahallalardan non olib kelishini bilib, harakat qiladi. Shuning uchun ham davlatning sun’iy muhofazasi – o‘sib chiqayotgan sanoatni o‘ldirish vositalaridan biri. Muhofaza qilingan sanoat unib chiqmaydi. Chunki ularning rag‘batlari o‘sha muhofazani ushlab turishdan iborat bo‘ladi, samarani oshirishdan emas. Iqtisodiy tushumi lobbizm darajasiga bog‘liq bo‘ladi. Yuqoridagi fikrlar Behzod Hoshimovning Kun.uz'ga bergan intervyusidan “Nuqtai nazar” rukni uchun ajratib olindi.","#tashqi savdo, #proteksionizm"
https://kun.uz/news/category/nuqtai-nazar,"33 yil davomida imtiyozlar olgan qaysi soha boqimandalikdan chiqib, raqobatbardosh bo‘la oldi?",22:07 / 20.01.2024,https://kun.uz/news/2024/01/20/33-yil-davomida-imtiyozlar-olgan-qaysi-soha-boqimandalikdan-chiqib-raqobatbardosh-bola-oldi,"O‘zbekistonda televizor, konditsioner, kir yuvish mashinasi kabi maishiy texnikalar importiga yangi cheklovlar o‘rnatilib, mahalliy ishlab chiqaruvchilarga imtiyozlar kengaytirildi. Iqtisodchi Otabek Bakirov Kun.uz’ga bergan intervyusida ayni mavzu yuzasidan mulohazalarini bildirdi.",https://storage.kun.uz/source/10/H3Pe512iIJwWNdSsjAZew9h0wK2qZY-C.jpg,"Men qaror qabul qiluvchilarga savol bergim keladi. 33 yil davomida “teplitsa” sharoitida imtiyoz, arzon kreditlar, preferensiyalar bilan qaysi sohani rivojlantira oldingizki – ular parazitlikdan, boqimandalikdan raqobatbardoshlik darajasiga chiqa oldi? O‘zbekiston xalqining cho‘ntagini kovlashdan, cho‘ntagidagi bor mablag‘larni sug‘urib olishdan erkin bozorda bemalol faoliyat ko‘rsatadigan, raqobat qila oladigan, sifat ustida ishlaydigan, xarajatlarni minimallashtiradigan darajaga chiqa oldi? Birorta misol keltirib bera olishadimi? Maishiy texnika ishlab chiqaruvchilarga 5 foizdan kredit liniya taqdim etiladigan bo‘lgan. Oxirgi marta O‘zbekiston 8 foizdan ham qimmatroqqa kredit oldi. Tasavvur qiling, O‘zbekiston o‘zining suveren reytingini, budjet imkoniyati, iqtisodiy imkoniyatini hisobga olgan holda 8 foizdan kredit olyaptida, ularga 5 foizdan kredit berarkan. Bu qanaqa iqtisodiy mantiq? Ular haqiqat ham yashashga qobil bo‘lsa, parazit bo‘lmasa, ochiq bozordan kredit olsin. O‘zbekistonning 10 yoki 30 ming aholisini ish bilan ta’minlayapmiz deyotganlar ochiq bozordan kredit olsin. O‘zbekiston hukumati bizning nomimizdan 400 mln dollar kredit olarkan-da, ularga 5 foiz kredit liniyasini ocharkan, har bir kreditdan kamida 3 foiz bizning zimmamizga tushadi. Hali 15 foizgacha bo‘lgan narx preferensiyasini gapirmayapman. Bu absurd, umuman absurd. Sodda tilda aytsam, “15 foiz nogironmiz, 15 foiz imtiyoz bermasangiz, biz hech narsaga yaramaydigan ojizmiz” deyish bilan barobar bu. O‘zi 15 foizlik narx preferensiyasi oldin ham bor edi, shu imtiyozni olish uchun davlat buyurtmasiga kamida 3 ta mahalliy ishlab chiqaruvchi da’vogarlik qilishi kerak edi. Endi bitta bo‘lsa ham kifoya. Yuqoridagi fikrlar Otabek Bakirovning Kun.uz’ga bergan intervyusidan , “ Nuqtayi nazar ” rukni uchun ajratib olindi.","#proteksionizm, #elektrotexnika"
https://kun.uz/news/category/nuqtai-nazar,"Og‘rigan quloqni davolash emas, kesishni xohlayotganlar haqida",21:39 / 28.11.2023,https://kun.uz/news/2023/11/28/ogrigan-quloqni-davolash-emas-kesishni-xohlayotganlar-haqida,,,"28 noyabr kuni huquq organlari xodimlarining tasvirlarini ularni “obro‘sizlantirish maqsadida” tarqatganlik uchun 15 sutka qamoq jazosi belgilash haqidagi qonun loyihasi to‘satdan paydo bo‘lib, Qonunchilik palatasida bir kunda uch o‘qishdan o‘tib ketdi . Bloger Xushnudbek Xudoyberdiyev bu haqdagi mulohazalari bilan o‘rtoqlashdi . Ichki ishlar xodimlari ishtirokida ro‘y bergan va videosi tarqalgan ayrim shov-shuvli holatlar Bugun deputatlar ko‘p qonunlar qatorida yana bitta antiqa qonunni ham tasdiqlabdi. Ya’ni ichki ishlar xodimlarini obro‘sizlantirish maqsadida fuqarolar tomonidan foto yoki videotasvirga olib internet orqali tarqatilishi ma’muriy, hatto 15 sutkagacha qamoq bilan jazolanishga sabab bo‘lishi haqidagi qonun uch o‘qishda tasdiqlanib ketibdi. Bu nima degani? Bu shu deganiki, ertaga birorta nopok, o‘z ishiga noloyiq va qonunbuzar ichki ishlar xodimining videosi yoki suratini internetga joylasangiz, sizga jamoatchilik nazoratidagi faolligingiz, tizimni tozalashdagi yordamingiz uchun rahmat aytishmaydi, balki aksincha 15 sutkagacha tiqib qo‘yishadi. Aslida bunaqa alohida moddaga ehtiyoj bormi? Yo‘q! Ushbu qonun normasiga hech qanday ehtiyoj yo‘q va bu ertaga faqat zarar keltiradi. Hozirgi qonunlarimizda ichki ishlar xodimlarining qonuniy talablariga bo‘ysunmasdan qarshilik qilganlarga jazo bormi? Bor! Ichki ishlar xodimini haqorat qilgani uchun (xoh hayotda, xoh internetda) jazo bormi? Bor! Ichki ishlar xodimiga tuhmat qilib, uni obro‘sizlantirgani uchun jazo bormi? Bor! Bo‘ldi-da, unda yana nima kerak sizlarga? O‘zi amaliyotda eng ko‘p soxta ayblov qo‘yiladigan moddalardan biri – ichki ishlar organlari xodimiga qarshilik qilish , degan modda edi, kimnidir 15 sutkaga qamash kerak bo‘lsa, odatda mana shu “dejurniy” ayblovdan foydalanishardi. Endi yana bitta “dejurniy” modda qo‘shilyapti, ichki ishlar xodimini obro‘sizlantirmoqchi bo‘ldi, deb qamashlar ko‘payadi. Chunki nima obro‘sizlantirish-u, nima obro‘sizlantirish emasligi haqida aniq chegara yo‘q. Juda yomon ish bo‘libdi lekin... Xushnudbek Xudoyberdiyev, huquqshunos, bloger","#IIV, #ochiqlik"
https://kun.uz/news/category/nuqtai-nazar,“Yashil makon” loyihasi: Natijani ko‘rish uchun odamlarga hisob beradigan yagona platforma kerak,16:42 / 17.11.2023,https://kun.uz/news/2023/11/17/yashil-makon-loyihasi-natijani-korish-uchun-odamlarga-hisob-beradigan-yagona-platforma-kerak,"2 yildan beri noyabr oyida “Yashil makon” loyihasi uchun ko‘chat ekish avj oladi. Vazirliklar, turli tashkilotlar tinimsiz daraxt ekayotgani haqida foto, video axborotlar yog‘ilib ketdi. Lekin ekilgan daraxtlar taqdiri nima bo‘lyapti? Kim qayerga, qanday va qancha daraxt ekyapti, qancha pul sarflandi, ko‘chatlarning nechtasi ko‘kardi? O‘zbekiston aholisi bu ma’lumotlarni doimiy ko‘rsatib turadigan yagona platformaga muhtoj.",https://storage.kun.uz/source/10/mYtjria5-m3_L7EzMRwvdQncfXgO6kdW.jpg,"O‘zbekiston ekologiyasi tobora qonab borayotgan jarohatga o‘xshaydi. Qonni to‘xtatish uchun birinchi yordam faqat va faqat daraxtlarni ko‘paytirish bo‘ladi. Shuning uchun ham “Yashil makon” loyihasi O‘zbekistonga kerak. 2 yil oldin boshlangan bu tashabbus doirasida yiliga 200 million ko‘chat ekish reja qilingandi . Chindan ham o‘tgan 2 yilda 400 million ko‘chat ekilgan bo‘lsa, O‘zbekistonda sezilarli yashillik boshlangan bo‘lar edi. Biroq bunday bo‘lmaganini ortiqcha statistikalarsiz ham aytish qiyin emas. Qolaversa, ekologiya vaziri Aziz Abduhakimov respublika bo‘yicha 2 million ko‘chat yolg‘ondan hisobotga yozilgani va 7 milliondan ko‘pi sug‘orilmaydigan joyga ekilganini aytgandi . Real raqamlar esa bundan ham kattaroq bo‘lishi mumkin. Tegishli hujjatga ko‘ra , 2023 yilning mayidan boshlab “Yashil makon” loyihasi nazorati Ekologiya va atrof-muhitni muhofaza qilish va iqlim o‘zgarishi vazirligi bo‘yniga yuklangan. Boshlangan yaxshi tashabbuslar quyi organlarda cho‘lga tushgan tomchidek singib ketish an’anasini buzish uchun vazirlik nima qilishi kerak? Mas’ullar bu loyiha chinakamiga yurib ketishini, O‘zbekiston haqiqatan ham yashil makonga aylanishini xohlashsa, bu yo‘nalishda yaxshiroq nazorat mexanizmlarini ishlab chiqishi kerak. Masalan, bitta umumiy platforma yaratib, unda “Yashil makon” loyihasining quyidagicha real hisoboti kiritib borilishi lozim. – ekilayotgan daraxtlarning moliyaviy manbasi, hududlar bo‘yicha ko‘chatlarga sarflangan pul; – qaysi hududlarda qanday daraxt ekildi (tuproq, suv xususiyatidan kelib chiqib ekilgani bo‘yicha ma’lumotlari bilan); – shahar, tuman, mahallalar miqyosida nechtadan ko‘chat ekildi (xaritada ko‘rsatilgan holda); – ko‘chatlarga qancha suv berilyapti, qanday parvarishlandi; – ekilgan daraxtlarning 2-3 oy, 1 yildan keyingi taqdiri nima bo‘ldi (foto, video hisobot joylashtirilishi); Yuqoridagi ma’lumotlar juda mayda tuyulishi mumkin, lekin toza havodan nafas olish, issiqqa bardosh berishning yagona yo‘li shu bo‘lsa, har qancha maydalashsa ham arziydi. Oldinroq iqtisodchi Otabek Bakirov «Yashil makon» loyihasi uchun mo‘ljallangan mablag‘larni Open Budjet portali orqali tashabbusli budjyetlashtirishga qo‘shib berish taklifini ilgari surgandi . Zuhra Abduhalimova, jurnalist","#daraxt, #Yashil makon"
https://kun.uz/news/category/nuqtai-nazar,Avtohalokatlarning ko‘payishi odatiy hol sifatida qabul qilinmasligi kerak - Kamoliddin Rabbimov,16:56 / 13.11.2023,https://kun.uz/news/2023/11/13/avtohalokatlarning-kopayishi-odatiy-hol-sifatida-qabul-qilinmasligi-kerak-kamoliddin-rabbimov,"Ëshi 50 dan oshgan haydovchilar ham mashinani qoida bo‘yicha haydamaydi. Burilishlarda yonchiroqni yoqmaydi, quvib o‘tishda ham yo‘lni xavfli shaklda kesib o‘tadi. Odamlar o‘ta agressiv...",https://storage.kun.uz/source/10/C_lU8lcLgphXfw2POmenU8uF7OQtYfQz.jpg,"Ko‘p kuzatamiz, aksariyat haydovchilar oddiygina yo‘l harakati qoidalariga amal qilishmaydi: taqiqlangan joyda to‘xtashadi, burilishlarda qayrilish chiroqlarini yoqishmaydi, yo‘l so‘rash etikasiga amal qilishmaydi. Bekatlarda avtobus yo‘lini to‘sib turib olishadi. Haydovchilar ham, ayrim yo‘lovchilar ham o‘zaro hurmat tamoyillarini chetlab o‘tishganiga ko‘p guvoh bo‘lamiz. Albatta, bugungi kunda avtomobillarning ko‘payib borayotgani iqtisodiy o‘sishdan dalolat bersa, shu bilan parallel ravishda avtohalokatlar sonining ham ortib borayotgani o‘yga toldirmasdan qolmaydi. Avvallari, avtohalokatlar haqidagi xabarlar ahyon-ahyondagina qulog‘imizga chalinib qolar edi. Endilikda bu kabi voqea-hodisalar har kuni bot-bot ijtimoiy tarmoqlarda “aylanadi”. Eng achinarlisi, ularga quloqlarimiz “o‘rganib”, odatiy hol sifatida qabul qila boshladik. Yo‘lda avtomobilda yurish – kollektiv madaniyatni, kollektiv muloqot va o‘zaro hamkorlikni talab qiladi. Bizni madaniyatimiz – o‘zaro ishonchsizlik, raqobat va kimo‘zarga o‘ynash, “boshqalarni yutish”ga moyil... Qoidabuzarliklar uchun jazo muqarrar bo‘lishini ta’minlash, jarima ballari tizimini tezroq ishga tushirish, TV kanallarda yo‘l qoidasi bo‘yicha maxsus dasturlar qilish, kech bo‘lganda (bolalar uxlaganda) yo‘l harakati halokatlarini ko‘rsatib borish kerak. Jamiyatning madaniyati – siyosatning asosi, platformasi hisoblanadi. Oddiy yo‘lda shuncha ko‘p halokat bo‘lishi, siyosiy madaniyatimiz ham yuqori emasligini bildiradi. Avtohalokatlar sonining ko‘pligi – jamiyat uchun odatiy, standart holat bo‘lib qabul qilinmasligi lozim. Jiddiy milliy bezovtalik ko‘rsatish kerak! Kamoliddin Rabbimov, siyosiy tahlilchi",#YTH
https://kun.uz/news/category/nuqtai-nazar,Temiryo‘l monopoliyasi islohga muhtoj yoxud Fransiya tajribasidan kichik misol,20:25 / 04.10.2023,https://kun.uz/news/2023/10/04/temiryoldagi-monopoliya,O‘zbekistonda temiryo‘l chiptalari narxidagi sezilarli o‘zgarish sohada monopoliyaga qarshi tartibga solishni kuchaytirish va raqobat mexanizmlarini kiritishga zarurat borligini eslatmoqda. Aholi o‘sishi bilan oshib borayotgan talabdan taklif sezilarli ortda qolyapti.,https://storage.kun.uz/source/9/SNQHCbyxcf9EYKR19UO6DXLXByxDnL09.jpg,"“Temiryo‘llarda qanday qilib raqobat qilish mumkin, axir temiryo‘l qurish oson emas-ku?” degan savol bo‘lishi tabiiy. Temiryo‘l sohasi hukumat nazoratidagi monopolistik boshqaruvda bo‘lishi ko‘plab davlatlarda kuzatiladi. Misol uchun, Rossiyadagi RJD – tabiiy monopolist. Yoki Fransiyadagi SNCF ham, yaqin yillargacha tabiiy monopolist edi. Lekin, izlagan imkon topadi. Fransiyada barcha temir yo‘llarini nazorat qiluvchi SNCF monopoliyasini, boshida, ushbu tashkilot doirasidagi raqobat orqali pasaytirishga harakat qilishdi. Ya’ni SNCF'ga tegishli Ouigo kompaniyasi tashkil qilindi va bu kompaniya yangi narxlar va xizmatlar siyosatini ishlab chiqdi. Misol uchun, SNCF orqali Parijdan Anjye shahriga (masofa taxminan 300 km) taxminan 70 yevroga sotilayotgan chiptani Ouigo kompaniyasi orqali 20-25 yevroga ham olsa bo‘lardi. Faqat, arzon chiptalarni internetdan olish kerak, chunki Ouigo chiptaxonalar ochsa, xarajatlar ko‘payib, chipta yana qimmat bo‘lib ketadi. Bunda, poyezdlar qatnovini shunday tartibga solishganki, temiryo‘llardan bir kunda kamida 3-4 marta boshqa kompaniyalarning ham poyezdlari o‘tishiga imkon berilardi. Jadvallar kelishiladi. 2021 yildan boshlab esa Fransiya hududiga boshqa, xorijiy temiryo‘l xizmati kompaniyalari ham kirib kela boshladi. Jumladan, Trenitalia Parijni Italiyaning Milani bilan bog‘laydi. Oddiy qilib aytganda, tabiiy monopoliya sohalariga ham raqobatni olib kirish istagi bo‘lsa, texnik va texnologik yechimlarni topsa bo‘ladi. O‘zbekiston aholisi juda tez o‘syapti. Avtomobil yo‘llarining o‘tkazuvchanlik va tezlik qobiliyati hali juda past. Magistral yo‘llar ko‘plab aholi punktlari orqali o‘tadi, bunday joylarda tezlik 70 km/soat, aholi punktlaridan boshqa joylarda esa 100 km/soatdan oshmasligi kerak. “Betonka”dagi bir tomonga yo‘laklar soni ham asosan 2 tadan oshmaydi. Xorazmdan Toshkentga yoki Andijonga bormoqchi bo‘lgan odamlarning jismoniy va ruhiy holatini tasavvur qilavering. Masalaning xavfsizlik tomoni ham bor. Iqtisodiyotning qon tomirlari – bu transport-logistika yo‘llari hisoblanadi. Misol uchun, nimadir bo‘lib Qoraqalpog‘istondan Andijongacha muqobili yo‘q bo‘lgan temiryo‘l va avtomagistral tizim ishdan chiqsa, nima bo‘ladi? Ukraina-Rossiya to‘qnashuvi va mintaqa atrofidagi geosiyosiy turbulentlik davrida, bu savol u qadar o‘rinsiz emas. Umuman, kelajakka eng yaxshi tayyorgarlik – har qanday muammolarga nazariy va amaliy tayyor turish hisoblanadi. O‘zbekiston o‘zining iqtisodiy rivoji, qolaversa, xavfsizligi uchun ham, o‘zining ichida muqobil va katta o‘tkazuvchanligi bor transport-logistika tizimini yaratishi kerak. Jumladan, temiryo‘l tizimidagi tabiiy monopoliyani o‘zgartirish vaqti kelgan. Kamoliddin Rabbimov, siyosatshunos","#temiryo‘l, #monopoliya"
https://kun.uz/news/category/nuqtai-nazar,"Yoshlar migratsiyasi: ham og‘riq, ham imkoniyat",18:07 / 03.10.2023,https://kun.uz/news/2023/10/03/yoshlar-migratsiyasi-ham-ogriq-ham-imkoniyat,"Kun.uz'ning sobiq muxbiri, ayni paytda Kanadada yashayotgan Rahmatilla Isroilov 1 oktyabr – O‘qituvchi va murabbiylar kunida muallim otasiga Chevrolet Monza avtomobilini sovg‘a qildi.",,"Rahmatilla Isroilovning sahifasidan skrinshot Mashalloh. Bu xabarni o‘qib juda ham xursand bo‘ldim. Rahmatillaning “keysi” meni ko‘p o‘ylantiradi, ba’zida xafa qiladi, ba’zida xursand qiladi. Negaligini tushuntiraman. Rahmatilla – Jahon iqtisodiyoti va diplomatiya universiteti bitiruvchisi. Kanadaga ketishidan oldin O‘zbekistondagi yetakchi saytlardan birida, el tanigan jurnalist sifatida ishlardi. Albatta, oyligi osmon-u falakdek emas, lekin Toshkent sharoiti uchun yomon emasdi. To‘g‘ri, bu oylik bilan ijarada yashayotgan uyini shaxsiy uyga, piyoda yurishni shaxsiy mashinada yurishga almashtirish juda qiyin, buni tushunaman. Lekin baribir ham oliy ma’lumotli, yaxshi universitet bitiruvchisi, yaxshi kasb egasi hamma narsasini tashlab, Kanadaga tavakkal qilib ketdi. Va dastlabki yillarda nisbatan og‘ir ishlarda (“qora mehnat” deyishni yomon ko‘raman) tirikchilik qilishiga to‘g‘ri keldi. Ishxonadagi yosh jurnalistlarning ko‘pchiligi Rahmatillaga havas qiladi: “U uddaladi, keta oldi, mana ishlayapti, mana natijalarga erishyapti, men-chi?” degan fikrdalar, nazarimda. Aynan shu narsa: oliy ma’lumotli, jamiyat uchun foydali ishda ishlayotgan yoshlarning kelajagini vatanida ko‘ra olmayotgani, chetga ketish haqida o‘ylashga majbur bo‘layotgani – masalaning meni xafa qiladigan tomoni. Boshqa tomondan esa, O‘zbekiston o‘zining bilimli yoshlarining hammasini ham ular istayotgan darajadagi maosh, yetarli hayot sifati bilan ta’minlashi hozirda imkonsiz ekan, ularning bir qismi harakatini qilib, chetga ketib, to‘g‘ri ish qilishyapti, deb o‘ylayman. Allohning yeri keng... Masalan, bu holatda Rahmatillaning rizqi Kanadada ekan, mana, sekin-sekin birini ikki qilyapti. Xorijda ko‘p vaqt yashagan inson sifatida bilaman, xorijda yashash oson emas, lekin vaqt o‘tgan sari odam o‘zi yashayotgan joyiga mehr qo‘yadi, o‘rganadi, ko‘nikadi. Aytmoqchimanki, har bir inson yaxshi yashashga haqli. Shuning uchun issiq o‘rnini qoldirib, farovonroq hayot qurish uchun vatandan tashqariga yo‘l olganlarni faqat olqishlayman. Barakalla, Rahmatilla! *** Bu postni aslida ijtimoiy tarmoqdagi shaxsiy sahifamga joylash uchun yozgandim, hozir esa saytning “Nuqtayi nazar” rukniga joylash fikri kelganidan keyin, biroz qo‘shimcha qilishni lozim deb hisoblayman. O‘z tajribamdan kelib chiqib ayta olamanki, har qanday holatda chet elga ishlashga yo o‘qishga ketishdan oldin puxta tayyorgarlik ko‘rish lozim. Ayniqsa, xorijiy tilni ertaroq o‘rganish va farzandlarga ham o‘rgatish ko‘proq imkoniyatlar eshigini ochadi. Qolaversa, “bu O‘zbekistondan yaxshiroq-ku, menga bo‘laveradi” deb chetdagi har qanday ishga ham rozi bo‘lavermaslik kerak. Ayniqsa, hujjatsiz ishlarga. Qonuniy yo‘l bilan, rasmiy ravishda ketish va rasmiy tarzda ishlash – eng to‘g‘risi. Bu farzandlaringizga yaxshi ta’lim berish, sifatli sog‘liqni saqlash tizimidan foydalanishga imkon beradi. Darvoqe, bu postdan Kanadani maqtash niyatim yo‘q. Kanada bir misol xolos. U yerda o‘zim ham bo‘lganman, hududlari keng, tabiati chiroyli joylar, lekin biroz sovuq: yilning katta qismi qishdan iborat. Aytmoqchimanki, Kanada yoki AQSh – hamma uchun ham yashash uchun borishga eng zo‘r variantlar bo‘lmasligi mumkin. Shaxsan men uchun O‘zbekistondan, yaqinlardan masofa jihatdan o‘ta uzoqlashib ketmaslik – muhim omil. Bu jihatdan, bizga geografik yaqin va yashash uchun qulay boshqa mamlakatlar ham bor (G‘arbda ham, Sharqda ham). Qolaversa, vaqtincha yoki uzoqroq muddatga yashash uchun mamlakat tanlayotganda uning tabiati, ekologiyasi, iqlimi, kundalik hayot uchun shart-sharoiti kabilar birinchi o‘ringa chiqadi, chunki topish-tutish masalasi rivojlangan davlatlarda deyarli o‘xshash, xarajatlar hamma joyda ham daromadlarga mutanosib bo‘ladi. Umid Shermuhamedov",#xorijdagi o‘zbeklar
https://kun.uz/news/category/nuqtai-nazar,Energetika. Eng muhimi – islohotning qanday qilinishi,17:43 / 02.10.2023,https://kun.uz/news/2023/10/02/energetika-eng-muhimi-islohotning-qanday-qilinishi,"AQShning Viskonsin universiteti doktoranti, iqtisodchi Behzod Hoshimovning Kun.uz'ga bergan intervyusidagi ayrim tezislar.",https://storage.kun.uz/source/9/FKIu5jK_A_opy0PIppfPkt1t9sQ7EwuN.jpg,"O‘zbekistonning keyingi rivojlanishi, aholining hayoti, turmush tarzi sifati oshishi uchun energetika islohoti juda kerak. Bu narsa qanchalik tez qilinsa, shunchalik yaxshi. Biz sobiq ittifoq paytidagi narxlarni belgilash tizimida qolib ketdik, afsuski, buning asoratlari qimmat va og‘riqli bo‘ldi. Biz bilmaydigan narsa: energetikadagi muammolar sabab qancha ko‘p bizneslar yaratilmay qoldi, qancha ko‘p tadbirkorlik sub’yektlari o‘smay qoldi. 32 yildan beri shu islohot qilinmagan va u agar qilinganida qanchalik boyroq bo‘lardik, qanchalik tez o‘sgan bo‘lardik degan savol iqtisodchi sifatida meni qiynaydi. *** Islohot qilish kerakmi, kerak, tez qilish kerakmi, kerak, lekin qanday qilish masalasi ham muhim. Hozir men Energetika vazirligining strategiyasidan xabardor emasman. Bu sanada mana bunday tarif qilamiz, bu sanada bozorga o‘tiladi degan yo‘l chizib berilsa, maqsadga muvofiq bo‘ladi. Chunki har bir narx oshirilishi – olqishlanib kutib olinadigan narsa emas. Agar hozir narxni chala oshirib, bozor tamoyiliga o‘tmasdan islohot qila olishmasa, 4 yildan keyin eski hammom, eski tosga qaytamiz. Yana bir marta narxni oshirishga to‘g‘ri keladi, narx mana buncha edi, endi mana buncha bo‘ldi, deb. *** Agar hozir davlat monopoliyasi xususiy monopoliyaga aylantirib qo‘yilsa, bu yaxshilikka olib kelmaydi. Chunki iste’molchilarga yetkazib berish qismi baribir davlatda qoladi. Shuning uchun bu masala zargarona diqqat bilan qilinishi kerak. Bu borada antimonopol organ fikrlashi kerak, qanday qilib raqobatni yo‘lga qo‘yamiz deb o‘ylashi kerak. Xususiylashtirilsa, narx tushadi degan gap yo‘q. Davlat bilan energetika korxonalari inflatsiya+X% qilib kelishsa, o‘shanda energetika korxonalari ham xarajatlarimni kamaytirsam, topgan pulim o‘zimga qoladi, deb o‘ylay boshlaydi. Bu yerda bitta yechim emas, hamma yechimni birga qilib ko‘rish kerak. Behzod Hoshimov, iqtisodchi Yuqoridagi fikrlar Behzod Hoshimovning Kun.uz'ga bergan intervyusidan , “Nuqtayi nazar” rukni uchun ajratib olindi.",#energetika
https://kun.uz/news/category/nuqtai-nazar,Qo‘shtepa kanali – siyosiy loyiha,16:27 / 29.09.2023,https://kun.uz/news/2023/09/29/qoshtepa-kanali-bu-siyosiy-loyiha,O‘zbekiston suv xo‘jaligi vaziri Shavkat Hamroyev Kun.uz'ga bergan intervyusida Afg‘onistonda qurilayotgan Qo‘shtepa kanali loyihasida “boshqa kuchlar” ham borligi haqida ma’lum qildi.,https://storage.kun.uz/source/9/QH252stwxJwE5c7GLvVBUd943QlAA1w_.jpg,"Afg‘onistonga o‘zim borganimda ham ularning o‘zbek xalqiga, prezidentimizga alohida hurmatini ko‘rdim. Bizga shunga yarasha muomala qilishdi. Biz bilan muloqotga tayyor ekanliklarini bildirishdi. Ularning qishloq xo‘jaligi vaziri aytdiki, kanalning qurilgan qismida suv olish imkoniyati bo‘lsa ham, yuqori hukumat bunga ruxsat bermayapti. Chunki qo‘shni davlatlar bilan kelishuv bo‘lishi kerak deyishyapti. O‘zi Amudaryodan oldin ham Afg‘oniston Panj daryosidan 2,5 mlrd kubga yaqin suv olyapti. Agar Qo‘shtepa kanalidan ham 2 mlrd kub suv olinsa, bizga unchalik ta’sir qilmaydi. Lekin muloqotlar yaxshi bo‘lmasa, 4 mlrd kub suv olishadi. Suv yaxshi bo‘lgan yillari 10 mlrd kubgacha suv olish imkoni bor, ya’ni suv ko‘p bo‘lganda 15-20 mlrd kub suv oqib o‘tadi daryoning shu qismidan. Suv kam yillarda Afg‘oniston suv olmasa ham, suvsiz qolib ketgan paytlarimiz bo‘lgan. Deylik, 2001, 2008, 2011, 2018 yillar shunday suv tanqisligi bo‘ldi. Tsikl bo‘lyapti 3, 7 yillik. Hali detalli muloqotlar bo‘lgani yo‘q. Lekin 6 xil loyiha variantini o‘rganib chiqdik. Qayerda qanday suv olishi, qayerlarda nasos qo‘yishi, suv omborli varianti, loyqalar to‘lib qolish masalalari ham inobatga olingan. Savollar, variantlar juda ko‘p. Suv tanqis bo‘lgan yillarda 4 mlrd kub suv olishsa, bizga og‘ir bo‘lib qoladi. Fikrimcha, bu joyda boshqa kuchlar ham bor. Nomlarni aytmaylik, lekin katta iqtisodiy qudratga ega bo‘lgan davlatlar bu masalaga aralashib, mablag‘ berishini aytyapti. Bizning tomon yo‘q, undan qilmanglar, desa, qanaqadir shartlar qo‘yishlari mumkin... Bunday davlatlar kanal loyihasida ham, qurilishida ham qatnashyapti. Siyosiy kelishmovchilik bo‘lmasligi uchun nomlarini keltirmaymiz. Umuman, Afg‘oniston yolg‘iz emas bu masalada. Hali boshqa siyosiy masalalar bor. Kanal himoyasi, oziq-ovqat masalasi. Faqat kanal emas, siyosiy loyiha desa ham bo‘ladi buni. Shavkat Hamroyev, O‘zbekiston suv xo‘jaligi vaziri Yuqoridagi fikrlar Shavkat Hamroyevning Kun.uz'ga bergan intervyusidan , “Nuqtayi nazar” rukni uchun ajratib olindi.","#Afg‘oniston, #Shavkat Hamroyev"
https://kun.uz/news/category/nuqtai-nazar,AQSh – O‘zbekiston tashqi siyosatidagi to‘rt vektordan biri,20:31 / 23.09.2023,https://kun.uz/news/2023/09/23/aqsh-ozbekiston-tashqi-siyosatidagi-tort-vektordan-biri,Siyosatshunos Kamoliddin Rabbimov prezident Shavkat Mirziyoyevning AQShga safaridan keyin O‘zbekiston uchun Vashingtonning geosiyosiy ahamiyati haqida so‘z yuritdi.,https://storage.kun.uz/source/9/SiAvEhTpXgiH59Ypz2AmXjfkyZuRHbGA.jpg,"O‘zbekiston tashqi siyosatida AQSh 4 ta katta geosiyosiy vektorlardan biri hisoblanadi, bular: Xitoy, Rossiya, global janub va AQSh. Markaziy Osiyo makrohudud bo‘lib, 2016 yildan buyon alohida sub’yekt bo‘lishga harakat qilib kelyapti. Markaziy Osiyo markazidagi davlat esa O‘zbekiston. O‘zbekistonning AQSh bilan munosabatlari yuqorida aytilgan qolgan 3 ta vektor bilan toroziga solinadi, ya’ni AQSh bilan munosabatlar ijobiy neytral pozitsiyada deyish mumkin. AQSh hozir biz uchun opponent bo‘lgan davlat emas. Andijon voqealaridan to 2010 yilga qadar Vashington Toshkent uchun opponent edi, bu davrda munosabatlar sovuq bo‘ldi. 90-yillar o‘rtalaridan 2004 yilgacha esa O‘zbekiston tashqi siyosatida rasmiy Vashingtonga yo‘nalish olgan edi, ammo bu ichki siyosatda o‘z aksini topmadi, ya’ni inson huquqlari, demokratiyada ko‘rinmadi. O‘sha davrda O‘zbekiston qattiq avtoritar davlat bo‘lishi bilan birgalikda, AQShga yo‘nalish olgan edi. 2016 yilda O‘zbekiston tashqi siyosati o‘zgardi. Ungacha O‘zbekiston dixotomiya (bir tomon bilan yaqinlashish va boshqa tomonlar bilan uzoqlashish) konsepsiyasida tashqi siyosat olib borardi, ya’ni oq va qora. Biror bir qudratli davlatga yo‘nalish olardi va o‘sha davlat opponentlari O‘zbekistonga ham opponent bo‘lardi. Bugungi kunda unday emas. O‘zbekiston muvozanat saqlashga harakat qilyapti. Rossiya, Xitoy, Turkiya, Afg‘oniston, Pokiston, Hindiston kabi davlatlar bilan ijobiy munosabatda bo‘lib kelyapti. Ular o‘rtasidagi ziddiyatlar O‘zbekistonga taalluqli emas, degan pozitsiya bor. Vashington bilan munosabatlar qolgan vektorlar bilan munosabatlarni muvozanatda saqlash uchun judayam muhim. O‘zbekistonda hokimiyat almashganiga 7 yil bo‘ldi va geosiyosiy maydonda o‘zi uchun bitta vektorni tanlagani yo‘q. Karimov davrida har tomonga yuzlanib chiqdi va 2005 yildan keyin umuman yopildi, bugun bunday emas. Vashington bilan munosabatlar shuning uchun muhimki, O‘zbekiston Sharq va Shimol tomondan geosiyosiy, geoiqtisodiy “yutilish”ni istamaydi. AQSh bilan munosabatlar orqali O‘zbekiston tashqi siyosatini taqsimlab, muvozanatni ushlab turishni istaydi. Kamoliddin Rabbimov, siyosatshunos Yuqoridagi fikrlar Kamoliddin Rabbimovning Kun.uz'ga bergan intervyusidan olindi.","#AQSh, #tashqi siyosat"
