date,currency,rate,diff
30.12.2021,USD,10837.66,27.44
30.12.2021,EUR,12224.88,-25.26
30.12.2021,RUB,147.07,0.24
30.12.2021,USD,10837.66,27.44
30.12.2021,EUR,12224.88,-25.26
30.12.2021,RUB,147.07,0.24
30.12.2021,USD,10837.66,27.44
30.12.2021,EUR,12224.88,-25.26
30.12.2021,RUB,147.07,0.24
30.12.2021,USD,10837.66,27.44
30.12.2021,EUR,12224.88,-25.26
30.12.2021,RUB,147.07,0.24
05.01.2022,USD,10819.67,-17.99
05.01.2022,EUR,12228.39,3.51
05.01.2022,RUB,144.66,-2.41
06.01.2022,USD,10812.0,-7.67
06.01.2022,EUR,12225.13,-3.26
06.01.2022,RUB,142.6,-2.06
07.01.2022,USD,10805.43,-6.57
07.01.2022,EUR,12216.62,-8.51
07.01.2022,RUB,140.95,-1.65
08.01.2022,USD,10818.05,12.62
08.01.2022,EUR,12240.62,24.0
08.01.2022,RUB,142.94,1.99
08.01.2022,USD,10818.05,12.62
08.01.2022,EUR,12240.62,24.0
08.01.2022,RUB,142.94,1.99
10.01.2022,USD,10836.21,18.16
10.01.2022,EUR,12311.02,70.4
10.01.2022,RUB,143.1,0.16
11.01.2022,USD,10840.02,3.81
11.01.2022,EUR,12278.49,-32.53
11.01.2022,RUB,144.65,1.55
12.01.2022,USD,10855.02,15.0
12.01.2022,EUR,12303.08,24.59
12.01.2022,RUB,144.92,0.27
13.01.2022,USD,10860.17,5.15
13.01.2022,EUR,12345.84,42.76
13.01.2022,RUB,145.9,0.98
14.01.2022,USD,10852.04,-8.13
14.01.2022,EUR,12449.46,103.62
14.01.2022,RUB,145.45,-0.45
14.01.2022,USD,10852.04,-8.13
14.01.2022,EUR,12449.46,103.62
14.01.2022,RUB,145.45,-0.45
14.01.2022,USD,10852.04,-8.13
14.01.2022,EUR,12449.46,103.62
14.01.2022,RUB,145.45,-0.45
17.01.2022,USD,10839.97,-12.07
17.01.2022,EUR,12420.44,-29.02
17.01.2022,RUB,142.48,-2.97
18.01.2022,USD,10824.97,-15.0
18.01.2022,EUR,12366.45,-53.99
18.01.2022,RUB,141.58,-0.9
19.01.2022,USD,10809.74,-15.23
19.01.2022,EUR,12317.7,-48.75
19.01.2022,RUB,141.04,-0.54
20.01.2022,USD,10817.25,7.51
20.01.2022,EUR,12266.76,-50.94
20.01.2022,RUB,141.38,0.34
21.01.2022,USD,10835.07,17.82
21.01.2022,EUR,12295.64,28.88
21.01.2022,RUB,141.54,0.16
21.01.2022,USD,10835.07,17.82
21.01.2022,EUR,12295.64,28.88
21.01.2022,RUB,141.54,0.16
21.01.2022,USD,10835.07,17.82
21.01.2022,EUR,12295.64,28.88
21.01.2022,RUB,141.54,0.16
24.01.2022,USD,10845.02,9.95
24.01.2022,EUR,12297.17,1.53
24.01.2022,RUB,141.68,0.14
25.01.2022,USD,10825.0,-20.02
25.01.2022,EUR,12260.4,-36.77
25.01.2022,RUB,138.65,-3.03
26.01.2022,USD,10818.0,-7.0
26.01.2022,EUR,12210.28,-50.12
26.01.2022,RUB,137.69,-0.96
27.01.2022,USD,10803.97,-14.03
27.01.2022,EUR,12194.44,-15.84
27.01.2022,RUB,136.82,-0.87
28.01.2022,USD,10804.0,0.03
28.01.2022,EUR,12097.24,-97.2
28.01.2022,RUB,137.23,0.41
28.01.2022,USD,10804.0,0.03
28.01.2022,EUR,12097.24,-97.2
28.01.2022,RUB,137.23,0.41
28.01.2022,USD,10804.0,0.03
28.01.2022,EUR,12097.24,-97.2
28.01.2022,RUB,137.23,0.41
31.01.2022,USD,10815.16,11.16
31.01.2022,EUR,12040.52,-56.72
31.01.2022,RUB,138.77,1.54
01.02.2022,USD,10804.86,-10.3
01.02.2022,EUR,12074.43,33.91
01.02.2022,RUB,139.49,0.72
02.02.2022,USD,10813.0,8.14
02.02.2022,EUR,12176.52,102.09
02.02.2022,RUB,140.38,0.89
03.02.2022,USD,10825.07,12.07
03.02.2022,EUR,12225.83,49.31
03.02.2022,RUB,141.81,1.43
04.02.2022,USD,10835.21,10.14
04.02.2022,EUR,12227.53,1.7
04.02.2022,RUB,141.48,-0.33
04.02.2022,USD,10835.21,10.14
04.02.2022,EUR,12227.53,1.7
04.02.2022,RUB,141.48,-0.33
04.02.2022,USD,10835.21,10.14
04.02.2022,EUR,12227.53,1.7
04.02.2022,RUB,141.48,-0.33
07.02.2022,USD,10853.02,17.81
07.02.2022,EUR,12441.9,214.37
07.02.2022,RUB,142.87,1.39
08.02.2022,USD,10855.11,2.09
08.02.2022,EUR,12400.88,-41.02
08.02.2022,RUB,143.71,0.84
09.02.2022,USD,10840.11,-15.0
09.02.2022,EUR,12364.23,-36.65
09.02.2022,RUB,143.81,0.1
10.02.2022,USD,10835.0,-5.11
10.02.2022,EUR,12381.15,16.92
10.02.2022,RUB,144.91,1.1
11.02.2022,USD,10851.24,16.24
11.02.2022,EUR,12418.16,37.01
11.02.2022,RUB,145.21,0.3
11.02.2022,USD,10851.24,16.24
11.02.2022,EUR,12418.16,37.01
11.02.2022,RUB,145.21,0.3
11.02.2022,USD,10851.24,16.24
11.02.2022,EUR,12418.16,37.01
11.02.2022,RUB,145.21,0.3
14.02.2022,USD,10860.64,9.4
14.02.2022,EUR,12367.01,-51.15
14.02.2022,RUB,144.73,-0.48
15.02.2022,USD,10844.02,-16.62
15.02.2022,EUR,12266.76,-100.25
15.02.2022,RUB,140.35,-4.38
16.02.2022,USD,10837.16,-6.86
16.02.2022,EUR,12296.93,30.17
16.02.2022,RUB,143.33,2.98
17.02.2022,USD,10845.08,7.92
17.02.2022,EUR,12339.53,42.6
17.02.2022,RUB,144.27,0.94
18.02.2022,USD,10856.41,11.33
18.02.2022,EUR,12335.05,-4.48
18.02.2022,RUB,142.91,-1.36
18.02.2022,USD,10856.41,11.33
18.02.2022,EUR,12335.05,-4.48
18.02.2022,RUB,142.91,-1.36
18.02.2022,USD,10856.41,11.33
18.02.2022,EUR,12335.05,-4.48
18.02.2022,RUB,142.91,-1.36
21.02.2022,USD,10841.22,-15.19
21.02.2022,EUR,12327.55,-7.5
21.02.2022,RUB,143.12,0.21
22.02.2022,USD,10888.07,46.85
22.02.2022,EUR,12373.2,45.65
22.02.2022,RUB,141.57,-1.55
23.02.2022,USD,10869.8,-18.27
23.02.2022,EUR,12303.53,-69.67
23.02.2022,RUB,136.24,-5.33
24.02.2022,USD,10840.28,-29.52
24.02.2022,EUR,12310.22,6.69
24.02.2022,RUB,136.41,0.17
25.02.2022,USD,10850.85,10.57
25.02.2022,EUR,12165.97,-144.25
25.02.2022,RUB,128.7,-7.71
25.02.2022,USD,10850.85,10.57
25.02.2022,EUR,12165.97,-144.25
25.02.2022,RUB,128.7,-7.71
25.02.2022,USD,10850.85,10.57
25.02.2022,EUR,12165.97,-144.25
25.02.2022,RUB,128.7,-7.71
28.02.2022,USD,10860.0,9.15
28.02.2022,EUR,12143.65,-22.32
28.02.2022,RUB,130.06,1.36
01.03.2022,USD,10872.41,12.41
01.03.2022,EUR,12154.27,10.62
01.03.2022,RUB,108.6,-21.46
02.03.2022,USD,10861.8,-10.61
02.03.2022,EUR,12161.96,7.69
02.03.2022,RUB,115.11,6.51
03.03.2022,USD,10887.83,26.03
03.03.2022,EUR,12066.98,-94.98
03.03.2022,RUB,99.73,-15.38
04.03.2022,USD,10900.25,12.42
04.03.2022,EUR,12077.48,10.5
04.03.2022,RUB,93.04,-6.69
04.03.2022,USD,10900.25,12.42
04.03.2022,EUR,12077.48,10.5
04.03.2022,RUB,93.04,-6.69
04.03.2022,USD,10900.25,12.42
04.03.2022,EUR,12077.48,10.5
04.03.2022,RUB,93.04,-6.69
07.03.2022,USD,10910.43,10.18
07.03.2022,EUR,12017.84,-59.64
07.03.2022,RUB,99.1,6.06
07.03.2022,USD,10910.43,10.18
07.03.2022,EUR,12017.84,-59.64
07.03.2022,RUB,99.1,6.06
09.03.2022,USD,10897.27,-13.16
09.03.2022,EUR,11831.17,-186.67
09.03.2022,RUB,79.89,-19.21
10.03.2022,USD,10918.68,21.41
10.03.2022,EUR,11977.79,146.62
10.03.2022,RUB,80.58,0.69
11.03.2022,USD,10957.36,38.68
11.03.2022,EUR,12096.93,119.14
11.03.2022,RUB,92.02,11.44
11.03.2022,USD,10957.36,38.68
11.03.2022,EUR,12096.93,119.14
11.03.2022,RUB,92.02,11.44
11.03.2022,USD,10957.36,38.68
11.03.2022,EUR,12096.93,119.14
11.03.2022,RUB,92.02,11.44
14.03.2022,USD,10998.06,40.7
14.03.2022,EUR,12062.67,-34.26
14.03.2022,RUB,94.79,2.77
15.03.2022,USD,11033.03,34.97
15.03.2022,EUR,12116.47,53.8
15.03.2022,RUB,97.81,3.02
16.03.2022,USD,11150.12,117.09
16.03.2022,EUR,12270.71,154.24
16.03.2022,RUB,99.26,1.45
17.03.2022,USD,11330.38,180.26
17.03.2022,EUR,12448.69,177.98
17.03.2022,RUB,105.15,5.89
18.03.2022,USD,11571.99,241.61
18.03.2022,EUR,12792.83,344.14
18.03.2022,RUB,110.56,5.41
18.03.2022,USD,11571.99,241.61
18.03.2022,EUR,12792.83,344.14
18.03.2022,RUB,110.56,5.41
18.03.2022,USD,11571.99,241.61
18.03.2022,EUR,12792.83,344.14
18.03.2022,RUB,110.56,5.41
18.03.2022,USD,11571.99,241.61
18.03.2022,EUR,12792.83,344.14
18.03.2022,RUB,110.56,5.41
18.03.2022,USD,11571.99,241.61
18.03.2022,EUR,12792.83,344.14
18.03.2022,RUB,110.56,5.41
18.03.2022,USD,11571.99,241.61
18.03.2022,EUR,12792.83,344.14
18.03.2022,RUB,110.56,5.41
24.03.2022,USD,11509.59,-62.4
24.03.2022,EUR,12726.15,-66.68
24.03.2022,RUB,113.39,2.83
25.03.2022,USD,11483.91,-25.68
25.03.2022,EUR,12618.52,-107.63
25.03.2022,RUB,118.85,5.46
25.03.2022,USD,11483.91,-25.68
25.03.2022,EUR,12618.52,-107.63
25.03.2022,RUB,118.85,5.46
25.03.2022,USD,11483.91,-25.68
25.03.2022,EUR,12618.52,-107.63
25.03.2022,RUB,118.85,5.46
28.03.2022,USD,11486.87,2.96
28.03.2022,EUR,12641.3,22.78
28.03.2022,RUB,116.62,-2.23
29.03.2022,USD,11474.3,-12.57
29.03.2022,EUR,12598.78,-42.52
29.03.2022,RUB,117.53,0.91
30.03.2022,USD,11442.67,-31.63
30.03.2022,EUR,12630.42,31.64
30.03.2022,RUB,128.57,11.04
31.03.2022,USD,11400.21,-42.46
31.03.2022,EUR,12707.81,77.39
31.03.2022,RUB,136.08,7.51
01.04.2022,USD,11395.02,-5.19
01.04.2022,EUR,12661.01,-46.8
01.04.2022,RUB,139.18,3.1
01.04.2022,USD,11395.02,-5.19
01.04.2022,EUR,12661.01,-46.8
01.04.2022,RUB,139.18,3.1
01.04.2022,USD,11395.02,-5.19
01.04.2022,EUR,12661.01,-46.8
01.04.2022,RUB,139.18,3.1
04.04.2022,USD,11404.61,9.59
04.04.2022,EUR,12607.8,-53.21
04.04.2022,RUB,137.43,-1.75
05.04.2022,USD,11408.5,3.89
05.04.2022,EUR,12560.76,-47.04
05.04.2022,RUB,136.88,-0.55
06.04.2022,USD,11385.07,-23.43
06.04.2022,EUR,12499.67,-61.09
06.04.2022,RUB,137.07,0.19
07.04.2022,USD,11370.56,-14.51
07.04.2022,EUR,12408.69,-90.98
07.04.2022,RUB,135.77,-1.3
08.04.2022,USD,11362.51,-8.05
08.04.2022,EUR,12376.05,-32.64
08.04.2022,RUB,147.09,11.32
08.04.2022,USD,11362.51,-8.05
08.04.2022,EUR,12376.05,-32.64
08.04.2022,RUB,147.09,11.32
08.04.2022,USD,11362.51,-8.05
08.04.2022,EUR,12376.05,-32.64
08.04.2022,RUB,147.09,11.32
11.04.2022,USD,11344.69,-17.82
11.04.2022,EUR,12331.68,-44.37
11.04.2022,RUB,147.94,0.85
12.04.2022,USD,11329.38,-15.31
12.04.2022,EUR,12377.35,45.67
12.04.2022,RUB,142.96,-4.98
13.04.2022,USD,11315.0,-14.38
13.04.2022,EUR,12302.8,-74.55
13.04.2022,RUB,135.31,-7.65
14.04.2022,USD,11335.97,20.97
14.04.2022,EUR,12282.52,-20.28
14.04.2022,RUB,141.88,6.57
15.04.2022,USD,11320.0,-15.97
15.04.2022,EUR,12354.65,72.13
15.04.2022,RUB,137.27,-4.61
15.04.2022,USD,11320.0,-15.97
15.04.2022,EUR,12354.65,72.13
15.04.2022,RUB,137.27,-4.61
15.04.2022,USD,11320.0,-15.97
15.04.2022,EUR,12354.65,72.13
15.04.2022,RUB,137.27,-4.61
18.04.2022,USD,11299.42,-20.58
18.04.2022,EUR,12219.19,-135.46
18.04.2022,RUB,140.41,3.14
19.04.2022,USD,11278.02,-21.4
19.04.2022,EUR,12172.37,-46.82
19.04.2022,RUB,142.09,1.68
20.04.2022,USD,11259.37,-18.65
20.04.2022,EUR,12158.99,-13.38
20.04.2022,RUB,141.97,-0.12
21.04.2022,USD,11281.8,22.43
21.04.2022,EUR,12245.27,86.28
21.04.2022,RUB,138.57,-3.4
22.04.2022,USD,11302.08,20.28
22.04.2022,EUR,12335.09,89.82
22.04.2022,RUB,141.94,3.37
22.04.2022,USD,11302.08,20.28
22.04.2022,EUR,12335.09,89.82
22.04.2022,RUB,141.94,3.37
22.04.2022,USD,11302.08,20.28
22.04.2022,EUR,12335.09,89.82
22.04.2022,RUB,141.94,3.37
25.04.2022,USD,11260.28,-41.8
25.04.2022,EUR,12167.86,-167.23
25.04.2022,RUB,143.53,1.59
26.04.2022,USD,11246.9,-13.38
26.04.2022,EUR,12069.05,-98.81
26.04.2022,RUB,151.5,7.97
27.04.2022,USD,11221.87,-25.03
27.04.2022,EUR,11992.81,-76.24
27.04.2022,RUB,151.11,-0.39
28.04.2022,USD,11200.06,-21.81
28.04.2022,EUR,11887.74,-105.07
28.04.2022,RUB,151.27,0.16
29.04.2022,USD,11179.8,-20.26
29.04.2022,EUR,11761.15,-126.59
29.04.2022,RUB,152.76,1.49
29.04.2022,USD,11179.8,-20.26
29.04.2022,EUR,11761.15,-126.59
29.04.2022,RUB,152.76,1.49
29.04.2022,USD,11179.8,-20.26
29.04.2022,EUR,11761.15,-126.59
29.04.2022,RUB,152.76,1.49
29.04.2022,USD,11179.8,-20.26
29.04.2022,EUR,11761.15,-126.59
29.04.2022,RUB,152.76,1.49
29.04.2022,USD,11179.8,-20.26
29.04.2022,EUR,11761.15,-126.59
29.04.2022,RUB,152.76,1.49
29.04.2022,USD,11179.8,-20.26
29.04.2022,EUR,11761.15,-126.59
29.04.2022,RUB,152.76,1.49
05.05.2022,USD,11161.96,-17.84
05.05.2022,EUR,11807.12,45.97
05.05.2022,RUB,157.52,4.76
06.05.2022,USD,11132.56,-29.4
06.05.2022,EUR,11798.29,-8.83
06.05.2022,RUB,169.83,12.31
07.05.2022,USD,11115.9,-16.66
07.05.2022,EUR,11750.62,-47.67
07.05.2022,RUB,167.34,-2.49
07.05.2022,USD,11115.9,-16.66
07.05.2022,EUR,11750.62,-47.67
07.05.2022,RUB,167.34,-2.49
07.05.2022,USD,11115.9,-16.66
07.05.2022,EUR,11750.62,-47.67
07.05.2022,RUB,167.34,-2.49
10.05.2022,USD,11141.8,25.9
10.05.2022,EUR,11757.94,7.32
10.05.2022,RUB,161.48,-5.86
11.05.2022,USD,11162.03,20.23
11.05.2022,EUR,11763.66,5.72
11.05.2022,RUB,160.95,-0.53
12.05.2022,USD,11184.63,22.6
12.05.2022,EUR,11814.32,50.66
12.05.2022,RUB,164.06,3.11
13.05.2022,USD,11165.92,-18.71
13.05.2022,EUR,11642.7,-171.62
13.05.2022,RUB,170.08,6.02
13.05.2022,USD,11165.92,-18.71
13.05.2022,EUR,11642.7,-171.62
13.05.2022,RUB,170.08,6.02
13.05.2022,USD,11165.92,-18.71
13.05.2022,EUR,11642.7,-171.62
13.05.2022,RUB,170.08,6.02
16.05.2022,USD,11150.14,-15.78
16.05.2022,EUR,11567.16,-75.54
16.05.2022,RUB,172.5,2.42
17.05.2022,USD,11164.86,14.72
17.05.2022,EUR,11629.32,62.16
17.05.2022,RUB,173.37,0.87
18.05.2022,USD,11145.21,-19.65
18.05.2022,EUR,11674.61,45.29
18.05.2022,RUB,172.79,-0.58
19.05.2022,USD,11130.57,-14.64
19.05.2022,EUR,11713.81,39.2
19.05.2022,RUB,175.22,2.43
20.05.2022,USD,11088.2,-42.37
20.05.2022,EUR,11642.61,-71.2
20.05.2022,RUB,177.91,2.69
20.05.2022,USD,11088.2,-42.37
20.05.2022,EUR,11642.61,-71.2
20.05.2022,RUB,177.91,2.69
20.05.2022,USD,11088.2,-42.37
20.05.2022,EUR,11642.61,-71.2
20.05.2022,RUB,177.91,2.69
23.05.2022,USD,11095.09,6.89
23.05.2022,EUR,11750.81,108.2
23.05.2022,RUB,187.02,9.11
24.05.2022,USD,11084.9,-10.19
24.05.2022,EUR,11836.46,85.65
24.05.2022,RUB,190.38,3.36
25.05.2022,USD,11074.93,-9.97
25.05.2022,EUR,11863.47,27.01
25.05.2022,RUB,194.9,4.52
26.05.2022,USD,11063.01,-11.92
26.05.2022,EUR,11809.76,-53.71
26.05.2022,RUB,197.47,2.57
27.05.2022,USD,11045.25,-17.76
27.05.2022,EUR,11832.78,23.02
27.05.2022,RUB,176.65,-20.82
27.05.2022,USD,11045.25,-17.76
27.05.2022,EUR,11832.78,23.02
27.05.2022,RUB,176.65,-20.82
27.05.2022,USD,11045.25,-17.76
27.05.2022,EUR,11832.78,23.02
27.05.2022,RUB,176.65,-20.82
30.05.2022,USD,11034.15,-11.1
30.05.2022,EUR,11824.2,-8.58
30.05.2022,RUB,164.87,-11.78
31.05.2022,USD,11010.88,-23.27
31.05.2022,EUR,11854.31,30.11
31.05.2022,RUB,175.26,10.39
01.06.2022,USD,10985.79,-25.09
01.06.2022,EUR,11780.06,-74.25
01.06.2022,RUB,179.43,4.17
02.06.2022,USD,10980.02,-5.77
02.06.2022,EUR,11778.27,-1.79
02.06.2022,RUB,179.34,-0.09
03.06.2022,USD,10994.67,14.65
03.06.2022,EUR,11752.2,-26.07
03.06.2022,RUB,178.7,-0.64
03.06.2022,USD,10994.67,14.65
03.06.2022,EUR,11752.2,-26.07
03.06.2022,RUB,178.7,-0.64
03.06.2022,USD,10994.67,14.65
03.06.2022,EUR,11752.2,-26.07
03.06.2022,RUB,178.7,-0.64
06.06.2022,USD,11012.06,17.39
06.06.2022,EUR,11834.66,82.46
06.06.2022,RUB,177.83,-0.87
07.06.2022,USD,11031.7,19.64
07.06.2022,EUR,11853.56,18.9
07.06.2022,RUB,181.07,3.24
08.06.2022,USD,11046.94,15.24
08.06.2022,EUR,11795.92,-57.64
08.06.2022,RUB,180.26,-0.81
09.06.2022,USD,11039.96,-6.98
09.06.2022,EUR,11817.17,21.25
09.06.2022,RUB,183.31,3.05
10.06.2022,USD,11021.19,-18.77
10.06.2022,EUR,11811.41,-5.76
10.06.2022,RUB,188.8,5.49
10.06.2022,USD,11021.19,-18.77
10.06.2022,EUR,11811.41,-5.76
10.06.2022,RUB,188.8,5.49
10.06.2022,USD,11021.19,-18.77
10.06.2022,EUR,11811.41,-5.76
10.06.2022,RUB,188.8,5.49
13.06.2022,USD,11005.03,-16.16
13.06.2022,EUR,11662.03,-149.38
13.06.2022,RUB,190.32,1.52
14.06.2022,USD,10992.2,-12.83
14.06.2022,EUR,11500.04,-161.99
14.06.2022,RUB,192.76,2.44
15.06.2022,USD,10975.02,-17.18
15.06.2022,EUR,11452.43,-47.61
15.06.2022,RUB,192.38,-0.38
16.06.2022,USD,10960.11,-14.91
16.06.2022,EUR,11502.64,50.21
16.06.2022,RUB,193.3,0.92
17.06.2022,USD,10969.48,9.37
17.06.2022,EUR,11419.23,-83.41
17.06.2022,RUB,193.29,-0.01
17.06.2022,USD,10969.48,9.37
17.06.2022,EUR,11419.23,-83.41
17.06.2022,RUB,193.29,-0.01
17.06.2022,USD,10969.48,9.37
17.06.2022,EUR,11419.23,-83.41
17.06.2022,RUB,193.29,-0.01
20.06.2022,USD,10950.03,-19.45
20.06.2022,EUR,11517.24,98.01
20.06.2022,RUB,193.63,0.34
21.06.2022,USD,10928.12,-21.91
21.06.2022,EUR,11510.59,-6.65
21.06.2022,RUB,194.02,0.39
22.06.2022,USD,10895.99,-32.13
22.06.2022,EUR,11514.88,4.29
22.06.2022,RUB,199.74,5.72
23.06.2022,USD,10847.08,-48.91
23.06.2022,EUR,11411.13,-103.75
23.06.2022,RUB,203.89,4.15
24.06.2022,USD,10830.17,-16.91
24.06.2022,EUR,11391.17,-19.96
24.06.2022,RUB,203.96,0.07
24.06.2022,USD,10830.17,-16.91
24.06.2022,EUR,11391.17,-19.96
24.06.2022,RUB,203.96,0.07
24.06.2022,USD,10830.17,-16.91
24.06.2022,EUR,11391.17,-19.96
24.06.2022,RUB,203.96,0.07
27.06.2022,USD,10839.9,9.73
27.06.2022,EUR,11439.35,48.18
27.06.2022,RUB,202.99,-0.97
28.06.2022,USD,10823.52,-16.38
28.06.2022,EUR,11439.38,0.03
28.06.2022,RUB,203.16,0.17
29.06.2022,USD,10800.55,-22.97
29.06.2022,EUR,11433.46,-5.92
29.06.2022,RUB,203.88,0.72
30.06.2022,USD,10860.25,59.7
30.06.2022,EUR,11414.12,-19.34
30.06.2022,RUB,212.43,8.55
01.07.2022,USD,10865.94,5.69
01.07.2022,EUR,11333.18,-80.94
01.07.2022,RUB,207.27,-5.16
01.07.2022,USD,10865.94,5.69
01.07.2022,EUR,11333.18,-80.94
01.07.2022,RUB,207.27,-5.16
01.07.2022,USD,10865.94,5.69
01.07.2022,EUR,11333.18,-80.94
01.07.2022,RUB,207.27,-5.16
04.07.2022,USD,10850.1,-15.84
04.07.2022,EUR,11344.86,11.68
04.07.2022,RUB,198.99,-8.28
05.07.2022,USD,10836.69,-13.41
05.07.2022,EUR,11315.67,-29.19
05.07.2022,RUB,196.58,-2.41
06.07.2022,USD,10860.14,23.45
06.07.2022,EUR,11182.69,-132.98
06.07.2022,RUB,185.88,-10.7
07.07.2022,USD,10887.87,27.73
07.07.2022,EUR,11131.76,-50.93
07.07.2022,RUB,168.84,-17.04
08.07.2022,USD,10912.3,24.43
08.07.2022,EUR,11138.18,6.42
08.07.2022,RUB,172.46,3.62
08.07.2022,USD,10912.3,24.43
08.07.2022,EUR,11138.18,6.42
08.07.2022,RUB,172.46,3.62
08.07.2022,USD,10912.3,24.43
08.07.2022,EUR,11138.18,6.42
08.07.2022,RUB,172.46,3.62
08.07.2022,USD,10912.3,24.43
08.07.2022,EUR,11138.18,6.42
08.07.2022,RUB,172.46,3.62
08.07.2022,USD,10912.3,24.43
08.07.2022,EUR,11138.18,6.42
08.07.2022,RUB,172.46,3.62
13.07.2022,USD,10920.28,7.98
13.07.2022,EUR,11052.42,-85.76
13.07.2022,RUB,177.49,5.03
14.07.2022,USD,10935.19,14.91
14.07.2022,EUR,10975.65,-76.77
14.07.2022,RUB,187.17,9.68
15.07.2022,USD,10950.29,15.1
15.07.2022,EUR,11001.76,26.11
15.07.2022,RUB,187.75,0.58
16.07.2022,USD,10981.93,31.64
16.07.2022,EUR,11030.25,28.49
16.07.2022,RUB,190.74,2.99
16.07.2022,USD,10981.93,31.64
16.07.2022,EUR,11030.25,28.49
16.07.2022,RUB,190.74,2.99
18.07.2022,USD,10970.18,-11.75
18.07.2022,EUR,11067.81,37.56
18.07.2022,RUB,192.46,1.72
19.07.2022,USD,10949.91,-20.27
19.07.2022,EUR,11119.63,51.82
19.07.2022,RUB,193.72,1.26
20.07.2022,USD,10925.55,-24.36
20.07.2022,EUR,11189.95,70.32
20.07.2022,RUB,197.48,3.76
21.07.2022,USD,10908.0,-17.55
21.07.2022,EUR,11182.88,-7.07
21.07.2022,RUB,198.6,1.12
22.07.2022,USD,10899.85,-8.15
22.07.2022,EUR,11098.23,-84.65
22.07.2022,RUB,187.73,-10.87
22.07.2022,USD,10899.85,-8.15
22.07.2022,EUR,11098.23,-84.65
22.07.2022,RUB,187.73,-10.87
22.07.2022,USD,10899.85,-8.15
22.07.2022,EUR,11098.23,-84.65
22.07.2022,RUB,187.73,-10.87
25.07.2022,USD,10919.98,20.13
25.07.2022,EUR,11093.61,-4.62
25.07.2022,RUB,188.85,1.12
26.07.2022,USD,10967.06,47.08
26.07.2022,EUR,11233.56,139.95
26.07.2022,RUB,188.84,-0.01
27.07.2022,USD,10960.17,-6.89
27.07.2022,EUR,11153.07,-80.49
27.07.2022,RUB,187.43,-1.41
28.07.2022,USD,10942.4,-17.77
28.07.2022,EUR,11098.88,-54.19
28.07.2022,RUB,180.94,-6.49
29.07.2022,USD,10908.11,-34.29
29.07.2022,EUR,11075.0,-23.88
29.07.2022,RUB,181.42,0.48
29.07.2022,USD,10908.11,-34.29
29.07.2022,EUR,11075.0,-23.88
29.07.2022,RUB,181.42,0.48
29.07.2022,USD,10908.11,-34.29
29.07.2022,EUR,11075.0,-23.88
29.07.2022,RUB,181.42,0.48
01.08.2022,USD,10912.36,4.25
01.08.2022,EUR,11133.88,58.88
01.08.2022,RUB,177.22,-4.2
02.08.2022,USD,10941.07,28.71
02.08.2022,EUR,11229.91,96.03
02.08.2022,RUB,175.41,-1.81
03.08.2022,USD,10960.12,19.05
03.08.2022,EUR,11220.97,-8.94
03.08.2022,RUB,182.29,6.88
04.08.2022,USD,10942.58,-17.54
04.08.2022,EUR,11146.11,-74.86
04.08.2022,RUB,180.87,-1.42
05.08.2022,USD,10919.89,-22.69
05.08.2022,EUR,11125.18,-20.93
05.08.2022,RUB,181.47,0.6
05.08.2022,USD,10919.89,-22.69
05.08.2022,EUR,11125.18,-20.93
05.08.2022,RUB,181.47,0.6
05.08.2022,USD,10919.89,-22.69
05.08.2022,EUR,11125.18,-20.93
05.08.2022,RUB,181.47,0.6
08.08.2022,USD,10886.0,-33.89
08.08.2022,EUR,11134.2,9.02
08.08.2022,RUB,180.46,-1.01
09.08.2022,USD,10875.37,-10.63
09.08.2022,EUR,11079.83,-54.37
09.08.2022,RUB,181.48,1.02
10.08.2022,USD,10880.29,4.92
10.08.2022,EUR,11140.33,60.5
10.08.2022,RUB,180.66,-0.82
11.08.2022,USD,10904.29,24.0
11.08.2022,EUR,11152.91,12.58
11.08.2022,RUB,180.31,-0.35
12.08.2022,USD,10922.03,17.74
12.08.2022,EUR,11289.01,136.1
12.08.2022,RUB,180.31,0.0
12.08.2022,USD,10922.03,17.74
12.08.2022,EUR,11289.01,136.1
12.08.2022,RUB,180.31,0.0
12.08.2022,USD,10922.03,17.74
12.08.2022,EUR,11289.01,136.1
12.08.2022,RUB,180.31,0.0
15.08.2022,USD,10911.01,-11.02
15.08.2022,EUR,11237.25,-51.76
15.08.2022,RUB,178.94,-1.37
16.08.2022,USD,10937.14,26.13
16.08.2022,EUR,11154.79,-82.46
16.08.2022,RUB,178.2,-0.74
17.08.2022,USD,10970.01,32.87
17.08.2022,EUR,11117.01,-37.78
17.08.2022,RUB,178.88,0.68
18.08.2022,USD,10945.32,-24.69
18.08.2022,EUR,11144.52,27.51
18.08.2022,RUB,180.54,1.66
19.08.2022,USD,10934.97,-10.35
19.08.2022,EUR,11120.86,-23.66
19.08.2022,RUB,182.33,1.79
19.08.2022,USD,10934.97,-10.35
19.08.2022,EUR,11120.86,-23.66
19.08.2022,RUB,182.33,1.79
19.08.2022,USD,10934.97,-10.35
19.08.2022,EUR,11120.86,-23.66
19.08.2022,RUB,182.33,1.79
22.08.2022,USD,10917.03,-17.94
22.08.2022,EUR,10996.72,-124.14
22.08.2022,RUB,184.8,2.47
23.08.2022,USD,10900.77,-16.26
23.08.2022,EUR,10916.03,-80.69
23.08.2022,RUB,182.52,-2.28
24.08.2022,USD,10888.3,-12.47
24.08.2022,EUR,10812.08,-103.95
24.08.2022,RUB,181.55,-0.97
25.08.2022,USD,10902.76,14.46
25.08.2022,EUR,10847.16,35.08
25.08.2022,RUB,181.64,0.09
26.08.2022,USD,10915.65,12.89
26.08.2022,EUR,10912.38,65.22
26.08.2022,RUB,182.77,1.13
26.08.2022,USD,10915.65,12.89
26.08.2022,EUR,10912.38,65.22
26.08.2022,RUB,182.77,1.13
26.08.2022,USD,10915.65,12.89
26.08.2022,EUR,10912.38,65.22
26.08.2022,RUB,182.77,1.13
29.08.2022,USD,10932.09,16.44
29.08.2022,EUR,10936.46,24.08
29.08.2022,RUB,181.97,-0.8
30.08.2022,USD,10900.65,-31.44
30.08.2022,EUR,10860.32,-76.14
30.08.2022,RUB,178.7,-3.27
31.08.2022,USD,10930.01,29.36
31.08.2022,EUR,10966.08,105.76
31.08.2022,RUB,179.77,1.07
31.08.2022,USD,10930.01,29.36
31.08.2022,EUR,10966.08,105.76
31.08.2022,RUB,179.77,1.07
31.08.2022,USD,10930.01,29.36
31.08.2022,EUR,10966.08,105.76
31.08.2022,RUB,179.77,1.07
31.08.2022,USD,10930.01,29.36
31.08.2022,EUR,10966.08,105.76
31.08.2022,RUB,179.77,1.07
31.08.2022,USD,10930.01,29.36
31.08.2022,EUR,10966.08,105.76
31.08.2022,RUB,179.77,1.07
05.09.2022,USD,10958.01,28.0
05.09.2022,EUR,10936.09,-29.99
05.09.2022,RUB,181.8,2.03
06.09.2022,USD,10980.65,22.64
06.09.2022,EUR,10896.1,-39.99
06.09.2022,RUB,179.35,-2.45
07.09.2022,USD,10971.22,-9.43
07.09.2022,EUR,10919.66,23.56
07.09.2022,RUB,180.82,1.47
08.09.2022,USD,10997.61,26.39
08.09.2022,EUR,10897.53,-22.13
08.09.2022,RUB,179.92,-0.9
09.09.2022,USD,10977.6,-20.01
09.09.2022,EUR,10975.4,77.87
09.09.2022,RUB,180.78,0.86
09.09.2022,USD,10977.6,-20.01
09.09.2022,EUR,10975.4,77.87
09.09.2022,RUB,180.78,0.86
09.09.2022,USD,10977.6,-20.01
09.09.2022,EUR,10975.4,77.87
09.09.2022,RUB,180.78,0.86
12.09.2022,USD,10955.1,-22.5
12.09.2022,EUR,11050.41,75.01
12.09.2022,RUB,181.45,0.67
13.09.2022,USD,10950.29,-4.81
13.09.2022,EUR,11111.26,60.85
13.09.2022,RUB,181.22,-0.23
14.09.2022,USD,10940.05,-10.24
14.09.2022,EUR,11121.65,10.39
14.09.2022,RUB,182.26,1.04
15.09.2022,USD,10925.14,-14.91
15.09.2022,EUR,10938.25,-183.4
15.09.2022,RUB,182.92,0.66
16.09.2022,USD,10950.08,24.94
16.09.2022,EUR,10943.51,5.26
16.09.2022,RUB,183.8,0.88
16.09.2022,USD,10950.08,24.94
16.09.2022,EUR,10943.51,5.26
16.09.2022,RUB,183.8,0.88
16.09.2022,USD,10950.08,24.94
16.09.2022,EUR,10943.51,5.26
16.09.2022,RUB,183.8,0.88
19.09.2022,USD,10962.69,12.61
19.09.2022,EUR,10926.51,-17.0
19.09.2022,RUB,182.0,-1.8
20.09.2022,USD,10979.29,16.6
20.09.2022,EUR,10947.45,20.94
20.09.2022,RUB,182.61,0.61
21.09.2022,USD,10950.46,-28.83
21.09.2022,EUR,10958.13,10.68
21.09.2022,RUB,182.43,-0.18
22.09.2022,USD,10980.01,29.55
22.09.2022,EUR,10904.25,-53.88
22.09.2022,RUB,181.11,-1.32
23.09.2022,USD,11010.33,30.32
23.09.2022,EUR,10851.78,-52.47
23.09.2022,RUB,183.58,2.47
23.09.2022,USD,11010.33,30.32
23.09.2022,EUR,10851.78,-52.47
23.09.2022,RUB,183.58,2.47
23.09.2022,USD,11010.33,30.32
23.09.2022,EUR,10851.78,-52.47
23.09.2022,RUB,183.58,2.47
26.09.2022,USD,11030.13,19.8
26.09.2022,EUR,10768.72,-83.06
26.09.2022,RUB,188.79,5.21
27.09.2022,USD,11048.28,18.15
27.09.2022,EUR,10657.17,-111.55
27.09.2022,RUB,191.23,2.44
28.09.2022,USD,11024.92,-23.36
28.09.2022,EUR,10592.74,-64.43
28.09.2022,RUB,189.51,-1.72
29.09.2022,USD,10999.78,-25.14
29.09.2022,EUR,10499.29,-93.45
29.09.2022,RUB,188.27,-1.24
30.09.2022,USD,11014.01,14.23
30.09.2022,EUR,10674.78,175.49
30.09.2022,RUB,191.8,3.53
30.09.2022,USD,11014.01,14.23
30.09.2022,EUR,10674.78,175.49
30.09.2022,RUB,191.8,3.53
30.09.2022,USD,11014.01,14.23
30.09.2022,EUR,10674.78,175.49
30.09.2022,RUB,191.8,3.53
03.10.2022,USD,11004.94,-9.07
03.10.2022,EUR,10783.74,108.96
03.10.2022,RUB,192.98,1.18
04.10.2022,USD,10987.21,-17.73
04.10.2022,EUR,10726.81,-56.93
04.10.2022,RUB,189.35,-3.63
05.10.2022,USD,11010.45,23.24
05.10.2022,EUR,10878.32,151.51
05.10.2022,RUB,186.54,-2.81
06.10.2022,USD,11028.14,17.69
06.10.2022,EUR,10950.94,72.62
06.10.2022,RUB,185.42,-1.12
07.10.2022,USD,11063.05,34.91
07.10.2022,EUR,10940.25,-10.69
07.10.2022,RUB,183.24,-2.18
07.10.2022,USD,11063.05,34.91
07.10.2022,EUR,10940.25,-10.69
07.10.2022,RUB,183.24,-2.18
07.10.2022,USD,11063.05,34.91
07.10.2022,EUR,10940.25,-10.69
07.10.2022,RUB,183.24,-2.18
10.10.2022,USD,11051.27,-11.78
10.10.2022,EUR,10836.88,-103.37
10.10.2022,RUB,180.21,-3.03
11.10.2022,USD,11069.83,18.56
11.10.2022,EUR,10745.48,-91.4
11.10.2022,RUB,178.04,-2.17
12.10.2022,USD,11084.06,14.23
12.10.2022,EUR,10751.54,6.06
12.10.2022,RUB,173.53,-4.51
13.10.2022,USD,11095.31,11.25
13.10.2022,EUR,10772.44,20.9
13.10.2022,RUB,173.84,0.31
14.10.2022,USD,11108.25,12.94
14.10.2022,EUR,10803.88,31.44
14.10.2022,RUB,175.42,1.58
14.10.2022,USD,11108.25,12.94
14.10.2022,EUR,10803.88,31.44
14.10.2022,RUB,175.42,1.58
14.10.2022,USD,11108.25,12.94
14.10.2022,EUR,10803.88,31.44
14.10.2022,RUB,175.42,1.58
17.10.2022,USD,11131.45,23.2
17.10.2022,EUR,10830.9,27.02
17.10.2022,RUB,176.62,1.2
18.10.2022,USD,11143.28,11.83
18.10.2022,EUR,10868.04,37.14
18.10.2022,RUB,180.82,4.2
19.10.2022,USD,11157.43,14.15
19.10.2022,EUR,10976.68,108.64
19.10.2022,RUB,180.76,-0.06
20.10.2022,USD,11148.99,-8.44
20.10.2022,EUR,10946.08,-30.6
20.10.2022,RUB,181.06,0.3
21.10.2022,USD,11136.41,-12.58
21.10.2022,EUR,10894.75,-51.33
21.10.2022,RUB,180.71,-0.35
21.10.2022,USD,11136.41,-12.58
21.10.2022,EUR,10894.75,-51.33
21.10.2022,RUB,180.71,-0.35
21.10.2022,USD,11136.41,-12.58
21.10.2022,EUR,10894.75,-51.33
21.10.2022,RUB,180.71,-0.35
24.10.2022,USD,11125.0,-11.41
24.10.2022,EUR,10835.75,-59.0
24.10.2022,RUB,181.26,0.55
25.10.2022,USD,11112.97,-12.03
25.10.2022,EUR,10928.49,92.74
25.10.2022,RUB,180.97,-0.29
26.10.2022,USD,11128.7,15.73
26.10.2022,EUR,10978.46,49.97
26.10.2022,RUB,180.28,-0.69
27.10.2022,USD,11155.12,26.42
27.10.2022,EUR,11184.12,205.66
27.10.2022,RUB,181.46,1.18
28.10.2022,USD,11171.33,16.21
28.10.2022,EUR,11213.78,29.66
28.10.2022,RUB,182.17,0.71
28.10.2022,USD,11171.33,16.21
28.10.2022,EUR,11213.78,29.66
28.10.2022,RUB,182.17,0.71
28.10.2022,USD,11171.33,16.21
28.10.2022,EUR,11213.78,29.66
28.10.2022,RUB,182.17,0.71
31.10.2022,USD,11180.48,9.15
31.10.2022,EUR,11129.05,-84.73
31.10.2022,RUB,181.28,-0.89
01.11.2022,USD,11169.38,-11.1
01.11.2022,EUR,11110.18,-18.87
01.11.2022,RUB,181.25,-0.03
02.11.2022,USD,11129.95,-39.43
02.11.2022,EUR,11056.49,-53.69
02.11.2022,RUB,181.49,0.24
03.11.2022,USD,11108.03,-21.92
03.11.2022,EUR,11002.5,-53.99
03.11.2022,RUB,180.11,-1.38
04.11.2022,USD,11117.33,9.3
04.11.2022,EUR,10843.84,-158.66
04.11.2022,RUB,178.95,-1.16
04.11.2022,USD,11117.33,9.3
04.11.2022,EUR,10843.84,-158.66
04.11.2022,RUB,178.95,-1.16
04.11.2022,USD,11117.33,9.3
04.11.2022,EUR,10843.84,-158.66
04.11.2022,RUB,178.95,-1.16
07.11.2022,USD,11132.41,15.08
07.11.2022,EUR,10883.04,39.2
07.11.2022,RUB,179.48,0.53
08.11.2022,USD,11171.04,38.63
08.11.2022,EUR,11155.4,272.36
08.11.2022,RUB,182.61,3.13
09.11.2022,USD,11157.04,-14.0
09.11.2022,EUR,11161.5,6.1
09.11.2022,RUB,182.98,0.37
10.11.2022,USD,11169.39,12.35
10.11.2022,EUR,11220.77,59.27
10.11.2022,RUB,182.73,-0.25
11.11.2022,USD,11194.86,25.47
11.11.2022,EUR,11151.2,-69.57
11.11.2022,RUB,183.15,0.42
11.11.2022,USD,11194.86,25.47
11.11.2022,EUR,11151.2,-69.57
11.11.2022,RUB,183.15,0.42
11.11.2022,USD,11194.86,25.47
11.11.2022,EUR,11151.2,-69.57
11.11.2022,RUB,183.15,0.42
14.11.2022,USD,11206.9,12.04
14.11.2022,EUR,11509.49,358.29
14.11.2022,RUB,186.08,2.93
15.11.2022,USD,11190.06,-16.84
15.11.2022,EUR,11540.31,30.82
15.11.2022,RUB,185.19,-0.89
16.11.2022,USD,11170.65,-19.41
16.11.2022,EUR,11619.71,79.4
16.11.2022,RUB,185.21,0.02
17.11.2022,USD,11184.76,14.11
17.11.2022,EUR,11654.52,34.81
17.11.2022,RUB,185.13,-0.08
18.11.2022,USD,11208.18,23.42
18.11.2022,EUR,11616.16,-38.36
18.11.2022,RUB,185.67,0.54
18.11.2022,USD,11208.18,23.42
18.11.2022,EUR,11616.16,-38.36
18.11.2022,RUB,185.67,0.54
18.11.2022,USD,11208.18,23.42
18.11.2022,EUR,11616.16,-38.36
18.11.2022,RUB,185.67,0.54
21.11.2022,USD,11211.64,3.46
21.11.2022,EUR,11639.92,23.76
21.11.2022,RUB,185.73,0.06
22.11.2022,USD,11202.67,-8.97
22.11.2022,EUR,11456.97,-182.95
22.11.2022,RUB,184.66,-1.07
23.11.2022,USD,11208.91,6.24
23.11.2022,EUR,11511.55,54.58
23.11.2022,RUB,184.92,0.26
24.11.2022,USD,11222.61,13.7
24.11.2022,EUR,11587.34,75.79
24.11.2022,RUB,185.39,0.47
25.11.2022,USD,11230.39,7.78
25.11.2022,EUR,11700.94,113.6
25.11.2022,RUB,186.04,0.65
25.11.2022,USD,11230.39,7.78
25.11.2022,EUR,11700.94,113.6
25.11.2022,RUB,186.04,0.65
25.11.2022,USD,11230.39,7.78
25.11.2022,EUR,11700.94,113.6
25.11.2022,RUB,186.04,0.65
28.11.2022,USD,11246.11,15.72
28.11.2022,EUR,11688.08,-12.86
28.11.2022,RUB,185.84,-0.2
29.11.2022,USD,11230.37,-15.74
29.11.2022,EUR,11732.37,44.29
29.11.2022,RUB,184.82,-1.02
30.11.2022,USD,11212.97,-17.4
30.11.2022,EUR,11622.24,-110.13
30.11.2022,RUB,183.62,-1.2
01.12.2022,USD,11203.13,-9.84
01.12.2022,EUR,11604.2,-18.04
01.12.2022,RUB,183.91,0.29
02.12.2022,USD,11228.08,24.95
02.12.2022,EUR,11723.24,119.04
02.12.2022,RUB,183.66,-0.25
02.12.2022,USD,11228.08,24.95
02.12.2022,EUR,11723.24,119.04
02.12.2022,RUB,183.66,-0.25
02.12.2022,USD,11228.08,24.95
02.12.2022,EUR,11723.24,119.04
02.12.2022,RUB,183.66,-0.25
05.12.2022,USD,11257.13,29.05
05.12.2022,EUR,11854.88,131.64
05.12.2022,RUB,182.11,-1.55
06.12.2022,USD,11275.1,17.97
06.12.2022,EUR,11906.51,51.63
06.12.2022,RUB,181.37,-0.74
07.12.2022,USD,11284.9,9.8
07.12.2022,EUR,11842.37,-64.14
07.12.2022,RUB,179.22,-2.15
07.12.2022,USD,11284.9,9.8
07.12.2022,EUR,11842.37,-64.14
07.12.2022,RUB,179.22,-2.15
09.12.2022,USD,11260.49,-24.41
09.12.2022,EUR,11796.49,-45.88
09.12.2022,RUB,178.99,-0.23
09.12.2022,USD,11260.49,-24.41
09.12.2022,EUR,11796.49,-45.88
09.12.2022,RUB,178.99,-0.23
09.12.2022,USD,11260.49,-24.41
09.12.2022,EUR,11796.49,-45.88
09.12.2022,RUB,178.99,-0.23
12.12.2022,USD,11252.01,-8.48
12.12.2022,EUR,11879.87,83.38
12.12.2022,RUB,180.51,1.52
13.12.2022,USD,11271.26,19.25
13.12.2022,EUR,11901.32,21.45
13.12.2022,RUB,179.72,-0.79
14.12.2022,USD,11285.02,13.76
14.12.2022,EUR,11897.8,-3.52
14.12.2022,RUB,178.8,-0.92
15.12.2022,USD,11256.21,-28.81
15.12.2022,EUR,12001.37,103.57
15.12.2022,RUB,177.78,-1.02
16.12.2022,USD,11231.15,-25.06
16.12.2022,EUR,11929.73,-71.64
16.12.2022,RUB,175.04,-2.74
16.12.2022,USD,11231.15,-25.06
16.12.2022,EUR,11929.73,-71.64
16.12.2022,RUB,175.04,-2.74
16.12.2022,USD,11231.15,-25.06
16.12.2022,EUR,11929.73,-71.64
16.12.2022,RUB,175.04,-2.74
19.12.2022,USD,11264.97,33.82
19.12.2022,EUR,11954.39,24.66
19.12.2022,RUB,174.06,-0.98
20.12.2022,USD,11286.18,21.21
20.12.2022,EUR,11982.54,28.15
20.12.2022,RUB,169.81,-4.25
21.12.2022,USD,11277.83,-8.35
21.12.2022,EUR,11996.23,13.69
21.12.2022,RUB,163.53,-6.28
22.12.2022,USD,11255.08,-22.75
22.12.2022,EUR,11947.27,-48.96
22.12.2022,RUB,159.39,-4.14
23.12.2022,USD,11225.3,-29.78
23.12.2022,EUR,11950.45,3.18
23.12.2022,RUB,155.66,-3.73
23.12.2022,USD,11225.3,-29.78
23.12.2022,EUR,11950.45,3.18
23.12.2022,RUB,155.66,-3.73
23.12.2022,USD,11225.3,-29.78
23.12.2022,EUR,11950.45,3.18
23.12.2022,RUB,155.66,-3.73
26.12.2022,USD,11206.11,-19.19
26.12.2022,EUR,11888.56,-61.89
26.12.2022,RUB,165.12,9.46
27.12.2022,USD,11194.2,-11.91
27.12.2022,EUR,11891.6,3.04
27.12.2022,RUB,163.62,-1.5
28.12.2022,USD,11170.01,-24.19
28.12.2022,EUR,11908.35,16.75
28.12.2022,RUB,159.54,-4.08
29.12.2022,USD,11195.57,25.56
29.12.2022,EUR,11908.73,0.38
29.12.2022,RUB,157.43,-2.11
30.12.2022,USD,11225.46,29.89
30.12.2022,EUR,11961.85,53.12
30.12.2022,RUB,156.64,-0.79
30.12.2022,USD,11225.46,29.89
30.12.2022,EUR,11961.85,53.12
30.12.2022,RUB,156.64,-0.79
30.12.2022,USD,11225.46,29.89
30.12.2022,EUR,11961.85,53.12
30.12.2022,RUB,156.64,-0.79
30.12.2022,USD,11225.46,29.89
30.12.2022,EUR,11961.85,53.12
30.12.2022,RUB,156.64,-0.79
30.12.2022,USD,11225.46,29.89
30.12.2022,EUR,11961.85,53.12
30.12.2022,RUB,156.64,-0.79
04.01.2023,USD,11246.81,21.35
04.01.2023,EUR,11982.35,20.5
04.01.2023,RUB,154.07,-2.57
05.01.2023,USD,11263.41,16.6
05.01.2023,EUR,11952.73,-29.62
05.01.2023,RUB,158.05,3.98
06.01.2023,USD,11288.44,25.03
06.01.2023,EUR,11992.84,40.11
06.01.2023,RUB,158.18,0.13
07.01.2023,USD,11319.14,30.7
07.01.2023,EUR,11894.15,-98.69
07.01.2023,RUB,157.62,-0.56
07.01.2023,USD,11319.14,30.7
07.01.2023,EUR,11894.15,-98.69
07.01.2023,RUB,157.62,-0.56
09.01.2023,USD,11300.01,-19.13
09.01.2023,EUR,12029.99,135.84
09.01.2023,RUB,155.86,-1.76
10.01.2023,USD,11284.75,-15.26
10.01.2023,EUR,12044.21,14.22
10.01.2023,RUB,162.1,6.24
11.01.2023,USD,11305.28,20.53
11.01.2023,EUR,12148.65,104.44
11.01.2023,RUB,162.75,0.65
12.01.2023,USD,11322.1,16.82
12.01.2023,EUR,12161.07,12.42
12.01.2023,RUB,163.93,1.18
13.01.2023,USD,11300.38,-21.72
13.01.2023,EUR,12165.99,4.92
13.01.2023,RUB,166.88,2.95
13.01.2023,USD,11300.38,-21.72
13.01.2023,EUR,12165.99,4.92
13.01.2023,RUB,166.88,2.95
13.01.2023,USD,11300.38,-21.72
13.01.2023,EUR,12165.99,4.92
13.01.2023,RUB,166.88,2.95
16.01.2023,USD,11317.12,16.74
16.01.2023,EUR,12271.15,105.16
16.01.2023,RUB,168.25,1.37
17.01.2023,USD,11342.14,25.02
17.01.2023,EUR,12273.33,2.18
17.01.2023,RUB,165.78,-2.47
18.01.2023,USD,11318.74,-23.4
18.01.2023,EUR,12242.35,-30.98
18.01.2023,RUB,164.94,-0.84
19.01.2023,USD,11291.03,-27.71
19.01.2023,EUR,12273.35,31.0
19.01.2023,RUB,164.32,-0.62
20.01.2023,USD,11285.0,-6.03
20.01.2023,EUR,12216.01,-57.34
20.01.2023,RUB,163.99,-0.33
20.01.2023,USD,11285.0,-6.03
20.01.2023,EUR,12216.01,-57.34
20.01.2023,RUB,163.99,-0.33
20.01.2023,USD,11285.0,-6.03
20.01.2023,EUR,12216.01,-57.34
20.01.2023,RUB,163.99,-0.33
23.01.2023,USD,11309.94,24.94
23.01.2023,EUR,12249.8,33.79
23.01.2023,RUB,164.71,0.72
24.01.2023,USD,11290.27,-19.67
24.01.2023,EUR,12319.94,70.14
24.01.2023,RUB,164.55,-0.16
25.01.2023,USD,11270.68,-19.59
25.01.2023,EUR,12241.09,-78.85
25.01.2023,RUB,164.02,-0.53
26.01.2023,USD,11292.69,22.01
26.01.2023,EUR,12287.58,46.49
26.01.2023,RUB,163.86,-0.16
27.01.2023,USD,11320.02,27.33
27.01.2023,EUR,12334.29,46.71
27.01.2023,RUB,164.02,0.16
27.01.2023,USD,11320.02,27.33
27.01.2023,EUR,12334.29,46.71
27.01.2023,RUB,164.02,0.16
27.01.2023,USD,11320.02,27.33
27.01.2023,EUR,12334.29,46.71
27.01.2023,RUB,164.02,0.16
30.01.2023,USD,11334.96,14.94
30.01.2023,EUR,12336.97,2.68
30.01.2023,RUB,163.65,-0.37
31.01.2023,USD,11301.59,-33.37
31.01.2023,EUR,12320.99,-15.98
31.01.2023,RUB,162.58,-1.07
01.02.2023,USD,11269.82,-31.77
01.02.2023,EUR,12205.22,-115.77
01.02.2023,RUB,159.78,-2.8
02.02.2023,USD,11282.98,13.16
02.02.2023,EUR,12279.27,74.05
02.02.2023,RUB,160.92,1.14
03.02.2023,USD,11295.23,12.25
03.02.2023,EUR,12423.62,144.35
03.02.2023,RUB,161.33,0.41
03.02.2023,USD,11295.23,12.25
03.02.2023,EUR,12423.62,144.35
03.02.2023,RUB,161.33,0.41
03.02.2023,USD,11295.23,12.25
03.02.2023,EUR,12423.62,144.35
03.02.2023,RUB,161.33,0.41
06.02.2023,USD,11317.06,21.83
06.02.2023,EUR,12369.55,-54.07
06.02.2023,RUB,160.95,-0.38
07.02.2023,USD,11342.59,25.53
07.02.2023,EUR,12212.57,-156.98
07.02.2023,RUB,160.74,-0.21
08.02.2023,USD,11350.18,7.59
08.02.2023,EUR,12157.18,-55.39
08.02.2023,RUB,160.05,-0.69
09.02.2023,USD,11370.11,19.93
09.02.2023,EUR,12228.55,71.37
09.02.2023,RUB,158.72,-1.33
10.02.2023,USD,11350.12,-19.99
10.02.2023,EUR,12217.27,-11.28
10.02.2023,RUB,156.09,-2.63
10.02.2023,USD,11350.12,-19.99
10.02.2023,EUR,12217.27,-11.28
10.02.2023,RUB,156.09,-2.63
10.02.2023,USD,11350.12,-19.99
10.02.2023,EUR,12217.27,-11.28
10.02.2023,RUB,156.09,-2.63
13.02.2023,USD,11338.21,-11.91
13.02.2023,EUR,12139.82,-77.45
13.02.2023,RUB,155.56,-0.53
14.02.2023,USD,11330.04,-8.17
14.02.2023,EUR,12098.22,-41.6
14.02.2023,RUB,153.8,-1.76
15.02.2023,USD,11360.1,30.06
15.02.2023,EUR,12224.6,126.38
15.02.2023,RUB,153.8,0.0
16.02.2023,USD,11368.98,8.88
16.02.2023,EUR,12194.37,-30.23
16.02.2023,RUB,152.98,-0.82
17.02.2023,USD,11353.95,-15.03
17.02.2023,EUR,12149.86,-44.51
17.02.2023,RUB,151.96,-1.02
17.02.2023,USD,11353.95,-15.03
17.02.2023,EUR,12149.86,-44.51
17.02.2023,RUB,151.96,-1.02
17.02.2023,USD,11353.95,-15.03
17.02.2023,EUR,12149.86,-44.51
17.02.2023,RUB,151.96,-1.02
20.02.2023,USD,11342.0,-11.95
20.02.2023,EUR,12064.49,-85.37
20.02.2023,RUB,152.11,0.15
21.02.2023,USD,11320.09,-21.91
21.02.2023,EUR,12088.72,24.23
21.02.2023,RUB,152.94,0.83
22.02.2023,USD,11302.46,-17.63
22.02.2023,EUR,12051.81,-36.91
22.02.2023,RUB,151.58,-1.36
23.02.2023,USD,11316.94,14.48
23.02.2023,EUR,12038.96,-12.85
23.02.2023,RUB,150.96,-0.62
24.02.2023,USD,11338.09,21.15
24.02.2023,EUR,12008.17,-30.79
24.02.2023,RUB,151.14,0.18
24.02.2023,USD,11338.09,21.15
24.02.2023,EUR,12008.17,-30.79
24.02.2023,RUB,151.14,0.18
24.02.2023,USD,11338.09,21.15
24.02.2023,EUR,12008.17,-30.79
24.02.2023,RUB,151.14,0.18
27.02.2023,USD,11350.0,11.91
27.02.2023,EUR,12015.11,6.94
27.02.2023,RUB,150.2,-0.94
28.02.2023,USD,11320.01,-29.99
28.02.2023,EUR,11943.74,-71.37
28.02.2023,RUB,150.3,0.1
01.03.2023,USD,11336.04,16.03
01.03.2023,EUR,12023.0,79.26
01.03.2023,RUB,151.52,1.22
02.03.2023,USD,11349.99,13.95
02.03.2023,EUR,12078.66,55.66
02.03.2023,RUB,150.9,-0.62
03.03.2023,USD,11364.0,14.01
03.03.2023,EUR,12071.98,-6.68
03.03.2023,RUB,150.65,-0.25
03.03.2023,USD,11364.0,14.01
03.03.2023,EUR,12071.98,-6.68
03.03.2023,RUB,150.65,-0.25
03.03.2023,USD,11364.0,14.01
03.03.2023,EUR,12071.98,-6.68
03.03.2023,RUB,150.65,-0.25
06.03.2023,USD,11375.1,11.1
06.03.2023,EUR,12068.98,-3.0
06.03.2023,RUB,150.93,0.28
07.03.2023,USD,11348.03,-27.07
07.03.2023,EUR,12062.96,-6.02
07.03.2023,RUB,150.67,-0.26
07.03.2023,USD,11348.03,-27.07
07.03.2023,EUR,12062.96,-6.02
07.03.2023,RUB,150.67,-0.26
09.03.2023,USD,11385.01,36.98
09.03.2023,EUR,12133.01,70.05
09.03.2023,RUB,150.89,0.22
10.03.2023,USD,11407.1,22.09
10.03.2023,EUR,12044.76,-88.25
10.03.2023,RUB,150.41,-0.48
11.03.2023,USD,11390.26,-16.84
11.03.2023,EUR,12052.03,7.27
11.03.2023,RUB,149.85,-0.56
11.03.2023,USD,11390.26,-16.84
11.03.2023,EUR,12052.03,7.27
11.03.2023,RUB,149.85,-0.56
13.03.2023,USD,11402.11,11.85
13.03.2023,EUR,12136.41,84.38
13.03.2023,RUB,149.63,-0.22
14.03.2023,USD,11420.26,18.15
14.03.2023,EUR,12186.56,50.15
14.03.2023,RUB,151.14,1.51
15.03.2023,USD,11446.04,25.78
15.03.2023,EUR,12261.0,74.44
15.03.2023,RUB,152.09,0.95
16.03.2023,USD,11449.6,3.56
16.03.2023,EUR,12225.88,-35.12
16.03.2023,RUB,151.23,-0.86
17.03.2023,USD,11417.98,-31.62
17.03.2023,EUR,12123.61,-102.27
17.03.2023,RUB,149.33,-1.9
17.03.2023,USD,11417.98,-31.62
17.03.2023,EUR,12123.61,-102.27
17.03.2023,RUB,149.33,-1.9
17.03.2023,USD,11417.98,-31.62
17.03.2023,EUR,12123.61,-102.27
17.03.2023,RUB,149.33,-1.9
17.03.2023,USD,11417.98,-31.62
17.03.2023,EUR,12123.61,-102.27
17.03.2023,RUB,149.33,-1.9
17.03.2023,USD,11417.98,-31.62
17.03.2023,EUR,12123.61,-102.27
17.03.2023,RUB,149.33,-1.9
17.03.2023,USD,11417.98,-31.62
17.03.2023,EUR,12123.61,-102.27
17.03.2023,RUB,149.33,-1.9
23.03.2023,USD,11375.05,-42.93
23.03.2023,EUR,12111.02,-12.59
23.03.2023,RUB,148.48,-0.85
24.03.2023,USD,11391.23,16.18
24.03.2023,EUR,12399.35,288.33
24.03.2023,RUB,148.9,0.42
25.03.2023,USD,11408.02,16.79
25.03.2023,EUR,12236.24,-163.11
25.03.2023,RUB,148.94,0.04
25.03.2023,USD,11408.02,16.79
25.03.2023,EUR,12236.24,-163.11
25.03.2023,RUB,148.94,0.04
27.03.2023,USD,11430.07,22.05
27.03.2023,EUR,12299.9,63.66
27.03.2023,RUB,147.9,-1.04
28.03.2023,USD,11405.48,-24.59
28.03.2023,EUR,12279.14,-20.76
28.03.2023,RUB,149.06,1.16
29.03.2023,USD,11391.94,-13.54
29.03.2023,EUR,12321.52,42.38
29.03.2023,RUB,148.73,-0.33
30.03.2023,USD,11415.05,23.11
30.03.2023,EUR,12396.74,75.22
30.03.2023,RUB,148.41,-0.32
31.03.2023,USD,11433.21,18.16
31.03.2023,EUR,12417.61,20.87
31.03.2023,RUB,148.43,0.02
31.03.2023,USD,11433.21,18.16
31.03.2023,EUR,12417.61,20.87
31.03.2023,RUB,148.43,0.02
31.03.2023,USD,11433.21,18.16
31.03.2023,EUR,12417.61,20.87
31.03.2023,RUB,148.43,0.02
03.04.2023,USD,11404.65,-28.56
03.04.2023,EUR,12411.68,-5.93
03.04.2023,RUB,147.81,-0.62
04.04.2023,USD,11395.73,-8.92
04.04.2023,EUR,12365.51,-46.17
04.04.2023,RUB,146.46,-1.35
05.04.2023,USD,11381.2,-14.53
05.04.2023,EUR,12440.79,75.28
05.04.2023,RUB,143.4,-3.06
06.04.2023,USD,11365.26,-15.94
06.04.2023,EUR,12447.23,6.44
06.04.2023,RUB,143.11,-0.29
07.04.2023,USD,11374.0,8.74
07.04.2023,EUR,12407.9,-39.33
07.04.2023,RUB,140.74,-2.37
07.04.2023,USD,11374.0,8.74
07.04.2023,EUR,12407.9,-39.33
07.04.2023,RUB,140.74,-2.37
07.04.2023,USD,11374.0,8.74
07.04.2023,EUR,12407.9,-39.33
07.04.2023,RUB,140.74,-2.37
10.04.2023,USD,11397.04,23.04
10.04.2023,EUR,12438.73,30.83
10.04.2023,RUB,137.13,-3.61
11.04.2023,USD,11410.17,13.13
11.04.2023,EUR,12443.93,5.2
11.04.2023,RUB,139.64,2.51
12.04.2023,USD,11418.11,7.94
12.04.2023,EUR,12460.58,16.65
12.04.2023,RUB,138.97,-0.67
13.04.2023,USD,11430.1,11.99
13.04.2023,EUR,12490.81,30.23
13.04.2023,RUB,139.29,0.32
14.04.2023,USD,11421.0,-9.1
14.04.2023,EUR,12590.51,99.7
14.04.2023,RUB,139.95,0.66
14.04.2023,USD,11421.0,-9.1
14.04.2023,EUR,12590.51,99.7
14.04.2023,RUB,139.95,0.66
14.04.2023,USD,11421.0,-9.1
14.04.2023,EUR,12590.51,99.7
14.04.2023,RUB,139.95,0.66
17.04.2023,USD,11441.96,20.96
17.04.2023,EUR,12658.24,67.73
17.04.2023,RUB,140.37,0.42
18.04.2023,USD,11455.0,13.04
18.04.2023,EUR,12578.74,-79.5
18.04.2023,RUB,140.88,0.51
19.04.2023,USD,11435.99,-19.01
19.04.2023,EUR,12551.0,-27.74
19.04.2023,RUB,140.22,-0.66
20.04.2023,USD,11416.17,-19.82
20.04.2023,EUR,12477.87,-73.13
20.04.2023,RUB,139.89,-0.33
20.04.2023,USD,11416.17,-19.82
20.04.2023,EUR,12477.87,-73.13
20.04.2023,RUB,139.89,-0.33
20.04.2023,USD,11416.17,-19.82
20.04.2023,EUR,12477.87,-73.13
20.04.2023,RUB,139.89,-0.33
20.04.2023,USD,11416.17,-19.82
20.04.2023,EUR,12477.87,-73.13
20.04.2023,RUB,139.89,-0.33
20.04.2023,USD,11416.17,-19.82
20.04.2023,EUR,12477.87,-73.13
20.04.2023,RUB,139.89,-0.33
25.04.2023,USD,11424.87,8.7
25.04.2023,EUR,12523.94,46.07
25.04.2023,RUB,139.99,0.1
26.04.2023,USD,11402.01,-22.86
26.04.2023,EUR,12577.56,53.62
26.04.2023,RUB,139.94,-0.05
27.04.2023,USD,11377.11,-24.9
27.04.2023,EUR,12562.6,-14.96
27.04.2023,RUB,139.41,-0.53
28.04.2023,USD,11390.24,13.13
28.04.2023,EUR,12572.55,9.95
28.04.2023,RUB,139.74,0.33
28.04.2023,USD,11390.24,13.13
28.04.2023,EUR,12572.55,9.95
28.04.2023,RUB,139.74,0.33
28.04.2023,USD,11390.24,13.13
28.04.2023,EUR,12572.55,9.95
28.04.2023,RUB,139.74,0.33
01.05.2023,USD,11408.01,17.77
01.05.2023,EUR,12536.26,-36.29
01.05.2023,RUB,141.52,1.78
02.05.2023,USD,11420.01,12.0
02.05.2023,EUR,12565.44,29.18
02.05.2023,RUB,142.51,0.99
03.05.2023,USD,11438.01,18.0
03.05.2023,EUR,12528.05,-37.39
03.05.2023,RUB,143.5,0.99
04.05.2023,USD,11459.46,21.45
04.05.2023,EUR,12652.39,124.34
04.05.2023,RUB,144.58,1.08
05.05.2023,USD,11445.03,-14.43
05.05.2023,EUR,12652.48,0.09
05.05.2023,RUB,146.15,1.57
05.05.2023,USD,11445.03,-14.43
05.05.2023,EUR,12652.48,0.09
05.05.2023,RUB,146.15,1.57
05.05.2023,USD,11445.03,-14.43
05.05.2023,EUR,12652.48,0.09
05.05.2023,RUB,146.15,1.57
08.05.2023,USD,11424.06,-20.97
08.05.2023,EUR,12597.31,-55.17
08.05.2023,RUB,148.73,2.58
08.05.2023,USD,11424.06,-20.97
08.05.2023,EUR,12597.31,-55.17
08.05.2023,RUB,148.73,2.58
10.05.2023,USD,11433.05,8.99
10.05.2023,EUR,12618.66,21.35
10.05.2023,RUB,148.1,-0.63
11.05.2023,USD,11453.07,20.02
11.05.2023,EUR,12549.13,-69.53
11.05.2023,RUB,150.09,1.99
12.05.2023,USD,11465.0,11.93
12.05.2023,EUR,12528.95,-20.18
12.05.2023,RUB,151.73,1.64
12.05.2023,USD,11465.0,11.93
12.05.2023,EUR,12528.95,-20.18
12.05.2023,RUB,151.73,1.64
12.05.2023,USD,11465.0,11.93
12.05.2023,EUR,12528.95,-20.18
12.05.2023,RUB,151.73,1.64
15.05.2023,USD,11433.03,-31.97
15.05.2023,EUR,12474.58,-54.37
15.05.2023,RUB,148.27,-3.46
16.05.2023,USD,11417.17,-15.86
16.05.2023,EUR,12409.32,-65.26
16.05.2023,RUB,144.4,-3.87
17.05.2023,USD,11420.03,2.86
17.05.2023,EUR,12440.98,31.66
17.05.2023,RUB,142.55,-1.85
18.05.2023,USD,11463.02,42.99
18.05.2023,EUR,12415.6,-25.38
18.05.2023,RUB,141.85,-0.7
19.05.2023,USD,11488.14,25.12
19.05.2023,EUR,12429.02,13.42
19.05.2023,RUB,143.53,1.68
19.05.2023,USD,11488.14,25.12
19.05.2023,EUR,12429.02,13.42
19.05.2023,RUB,143.53,1.68
19.05.2023,USD,11488.14,25.12
19.05.2023,EUR,12429.02,13.42
19.05.2023,RUB,143.53,1.68
22.05.2023,USD,11478.16,-9.98
22.05.2023,EUR,12398.71,-30.31
22.05.2023,RUB,143.85,0.32
23.05.2023,USD,11450.03,-28.13
23.05.2023,EUR,12387.79,-10.92
23.05.2023,RUB,143.41,-0.44
24.05.2023,USD,11430.09,-19.94
24.05.2023,EUR,12322.78,-65.01
24.05.2023,RUB,142.59,-0.82
25.05.2023,USD,11418.0,-12.09
25.05.2023,EUR,12301.75,-21.03
25.05.2023,RUB,142.8,0.21
26.05.2023,USD,11425.15,7.15
26.05.2023,EUR,12261.47,-40.28
26.05.2023,RUB,143.13,0.33
26.05.2023,USD,11425.15,7.15
26.05.2023,EUR,12261.47,-40.28
26.05.2023,RUB,143.13,0.33
26.05.2023,USD,11425.15,7.15
26.05.2023,EUR,12261.47,-40.28
26.05.2023,RUB,143.13,0.33
29.05.2023,USD,11415.0,-10.15
29.05.2023,EUR,12254.0,-7.47
29.05.2023,RUB,142.56,-0.57
30.05.2023,USD,11420.2,5.2
30.05.2023,EUR,12239.03,-14.97
30.05.2023,RUB,142.76,0.2
31.05.2023,USD,11405.84,-14.36
31.05.2023,EUR,12225.92,-13.11
31.05.2023,RUB,141.04,-1.72
01.06.2023,USD,11400.17,-5.67
01.06.2023,EUR,12170.82,-55.1
01.06.2023,RUB,141.89,0.85
02.06.2023,USD,11409.32,9.15
02.06.2023,EUR,12218.24,47.42
02.06.2023,RUB,141.31,-0.58
02.06.2023,USD,11409.32,9.15
02.06.2023,EUR,12218.24,47.42
02.06.2023,RUB,141.31,-0.58
02.06.2023,USD,11409.32,9.15
02.06.2023,EUR,12218.24,47.42
02.06.2023,RUB,141.31,-0.58
05.06.2023,USD,11427.01,17.69
05.06.2023,EUR,12303.46,85.22
05.06.2023,RUB,141.34,0.03
06.06.2023,USD,11449.14,22.13
06.06.2023,EUR,12241.42,-62.04
06.06.2023,RUB,140.8,-0.54
07.06.2023,USD,11462.22,13.08
07.06.2023,EUR,12255.41,13.99
07.06.2023,RUB,141.05,0.25
08.06.2023,USD,11453.01,-9.21
08.06.2023,EUR,12250.14,-5.27
08.06.2023,RUB,140.7,-0.35
09.06.2023,USD,11434.98,-18.03
09.06.2023,EUR,12268.59,18.45
09.06.2023,RUB,139.35,-1.35
09.06.2023,USD,11434.98,-18.03
09.06.2023,EUR,12268.59,18.45
09.06.2023,RUB,139.35,-1.35
09.06.2023,USD,11434.98,-18.03
09.06.2023,EUR,12268.59,18.45
09.06.2023,RUB,139.35,-1.35
12.06.2023,USD,11424.0,-10.98
12.06.2023,EUR,12291.08,22.49
12.06.2023,RUB,138.41,-0.94
13.06.2023,USD,11442.42,18.42
13.06.2023,EUR,12340.65,49.57
13.06.2023,RUB,138.85,0.44
14.06.2023,USD,11465.09,22.67
14.06.2023,EUR,12389.18,48.53
14.06.2023,RUB,136.8,-2.05
15.06.2023,USD,11477.98,12.89
15.06.2023,EUR,12401.96,12.78
15.06.2023,RUB,136.46,-0.34
16.06.2023,USD,11460.08,-17.9
16.06.2023,EUR,12431.89,29.93
16.06.2023,RUB,136.66,0.2
16.06.2023,USD,11460.08,-17.9
16.06.2023,EUR,12431.89,29.93
16.06.2023,RUB,136.66,0.2
16.06.2023,USD,11460.08,-17.9
16.06.2023,EUR,12431.89,29.93
16.06.2023,RUB,136.66,0.2
19.06.2023,USD,11463.03,2.95
19.06.2023,EUR,12550.87,118.98
19.06.2023,RUB,137.15,0.49
20.06.2023,USD,11477.0,13.97
20.06.2023,EUR,12521.41,-29.46
20.06.2023,RUB,136.78,-0.37
21.06.2023,USD,11490.0,13.0
21.06.2023,EUR,12552.83,31.42
21.06.2023,RUB,136.55,-0.23
22.06.2023,USD,11500.0,10.0
22.06.2023,EUR,12554.55,1.72
22.06.2023,RUB,136.81,0.26
23.06.2023,USD,11482.27,-17.73
23.06.2023,EUR,12632.79,78.24
23.06.2023,RUB,137.41,0.6
23.06.2023,USD,11482.27,-17.73
23.06.2023,EUR,12632.79,78.24
23.06.2023,RUB,137.41,0.6
23.06.2023,USD,11482.27,-17.73
23.06.2023,EUR,12632.79,78.24
23.06.2023,RUB,137.41,0.6
26.06.2023,USD,11469.57,-12.7
26.06.2023,EUR,12457.1,-175.69
26.06.2023,RUB,136.51,-0.9
27.06.2023,USD,11488.12,18.55
27.06.2023,EUR,12518.6,61.5
27.06.2023,RUB,135.78,-0.73
27.06.2023,USD,11488.12,18.55
27.06.2023,EUR,12518.6,61.5
27.06.2023,RUB,135.78,-0.73
27.06.2023,USD,11488.12,18.55
27.06.2023,EUR,12518.6,61.5
27.06.2023,RUB,135.78,-0.73
27.06.2023,USD,11488.12,18.55
27.06.2023,EUR,12518.6,61.5
27.06.2023,RUB,135.78,-0.73
27.06.2023,USD,11488.12,18.55
27.06.2023,EUR,12518.6,61.5
27.06.2023,RUB,135.78,-0.73
27.06.2023,USD,11488.12,18.55
27.06.2023,EUR,12518.6,61.5
27.06.2023,RUB,135.78,-0.73
03.07.2023,USD,11522.13,34.01
03.07.2023,EUR,12606.36,87.76
03.07.2023,RUB,135.63,-0.15
04.07.2023,USD,11534.99,12.86
04.07.2023,EUR,12561.6,-44.76
04.07.2023,RUB,129.09,-6.54
05.07.2023,USD,11541.0,6.01
05.07.2023,EUR,12578.54,16.94
05.07.2023,RUB,128.79,-0.3
06.07.2023,USD,11530.47,-10.53
06.07.2023,EUR,12561.29,-17.25
06.07.2023,RUB,127.21,-1.58
07.07.2023,USD,11553.06,22.59
07.07.2023,EUR,12548.93,-12.36
07.07.2023,RUB,124.76,-2.45
07.07.2023,USD,11553.06,22.59
07.07.2023,EUR,12548.93,-12.36
07.07.2023,RUB,124.76,-2.45
07.07.2023,USD,11553.06,22.59
07.07.2023,EUR,12548.93,-12.36
07.07.2023,RUB,124.76,-2.45
10.07.2023,USD,11570.09,17.03
10.07.2023,EUR,12589.41,40.48
10.07.2023,RUB,126.52,1.76
11.07.2023,USD,11555.59,-14.5
11.07.2023,EUR,12664.93,75.52
11.07.2023,RUB,126.12,-0.4
12.07.2023,USD,11574.13,18.54
12.07.2023,EUR,12738.49,73.56
12.07.2023,RUB,127.95,1.83
13.07.2023,USD,11593.01,18.88
13.07.2023,EUR,12781.29,42.8
13.07.2023,RUB,128.01,0.06
14.07.2023,USD,11582.14,-10.87
14.07.2023,EUR,12940.73,159.44
14.07.2023,RUB,128.66,0.65
14.07.2023,USD,11582.14,-10.87
14.07.2023,EUR,12940.73,159.44
14.07.2023,RUB,128.66,0.65
14.07.2023,USD,11582.14,-10.87
14.07.2023,EUR,12940.73,159.44
14.07.2023,RUB,128.66,0.65
17.07.2023,USD,11577.66,-4.48
17.07.2023,EUR,12998.24,57.51
17.07.2023,RUB,128.2,-0.46
18.07.2023,USD,11589.16,11.5
18.07.2023,EUR,13032.01,33.77
18.07.2023,RUB,128.39,0.19
19.07.2023,USD,11608.03,18.87
19.07.2023,EUR,13056.71,24.7
19.07.2023,RUB,128.2,-0.19
20.07.2023,USD,11600.11,-7.92
20.07.2023,EUR,13026.92,-29.79
20.07.2023,RUB,126.7,-1.5
21.07.2023,USD,11592.99,-7.12
21.07.2023,EUR,12998.06,-28.86
21.07.2023,RUB,127.81,1.11
21.07.2023,USD,11592.99,-7.12
21.07.2023,EUR,12998.06,-28.86
21.07.2023,RUB,127.81,1.11
21.07.2023,USD,11592.99,-7.12
21.07.2023,EUR,12998.06,-28.86
21.07.2023,RUB,127.81,1.11
24.07.2023,USD,11610.02,17.03
24.07.2023,EUR,12919.63,-78.43
24.07.2023,RUB,128.47,0.66
25.07.2023,USD,11595.02,-15.0
25.07.2023,EUR,12849.6,-70.03
25.07.2023,RUB,128.31,-0.16
26.07.2023,USD,11613.06,18.04
26.07.2023,EUR,12824.3,-25.3
26.07.2023,RUB,129.01,0.7
27.07.2023,USD,11624.92,11.86
27.07.2023,EUR,12874.6,50.3
27.07.2023,RUB,129.21,0.2
28.07.2023,USD,11600.14,-24.78
28.07.2023,EUR,12922.56,47.96
28.07.2023,RUB,129.02,-0.19
28.07.2023,USD,11600.14,-24.78
28.07.2023,EUR,12922.56,47.96
28.07.2023,RUB,129.02,-0.19
28.07.2023,USD,11600.14,-24.78
28.07.2023,EUR,12922.56,47.96
28.07.2023,RUB,129.02,-0.19
31.07.2023,USD,11600.17,0.03
31.07.2023,EUR,12730.03,-192.53
31.07.2023,RUB,127.64,-1.38
01.08.2023,USD,11618.15,17.98
01.08.2023,EUR,12818.3,88.27
01.08.2023,RUB,127.1,-0.54
02.08.2023,USD,11633.11,14.96
02.08.2023,EUR,12767.34,-50.96
02.08.2023,RUB,126.59,-0.51
03.08.2023,USD,11655.01,21.9
03.08.2023,EUR,12798.37,31.03
03.08.2023,RUB,125.32,-1.27
04.08.2023,USD,11647.79,-7.22
04.08.2023,EUR,12733.36,-65.01
04.08.2023,RUB,124.39,-0.93
04.08.2023,USD,11647.79,-7.22
04.08.2023,EUR,12733.36,-65.01
04.08.2023,RUB,124.39,-0.93
04.08.2023,USD,11647.79,-7.22
04.08.2023,EUR,12733.36,-65.01
04.08.2023,RUB,124.39,-0.93
07.08.2023,USD,11660.02,12.23
07.08.2023,EUR,12761.89,28.53
07.08.2023,RUB,122.72,-1.67
08.08.2023,USD,11675.01,14.99
08.08.2023,EUR,12802.82,40.93
08.08.2023,RUB,120.81,-1.91
09.08.2023,USD,11664.86,-10.15
09.08.2023,EUR,12796.35,-6.47
09.08.2023,RUB,121.39,0.58
10.08.2023,USD,11667.0,2.14
10.08.2023,EUR,12809.2,12.85
10.08.2023,RUB,119.99,-1.4
11.08.2023,USD,12075.03,408.03
11.08.2023,EUR,13307.89,498.69
11.08.2023,RUB,123.77,3.78
11.08.2023,USD,12075.03,408.03
11.08.2023,EUR,13307.89,498.69
11.08.2023,RUB,123.77,3.78
11.08.2023,USD,12075.03,408.03
11.08.2023,EUR,13307.89,498.69
11.08.2023,RUB,123.77,3.78
14.08.2023,USD,12041.88,-33.15
14.08.2023,EUR,13219.58,-88.31
14.08.2023,RUB,122.37,-1.4
15.08.2023,USD,12062.04,20.16
15.08.2023,EUR,13207.93,-11.65
15.08.2023,RUB,119.0,-3.37
16.08.2023,USD,12074.99,12.95
16.08.2023,EUR,13210.04,2.11
16.08.2023,RUB,123.18,4.18
17.08.2023,USD,12089.0,14.01
17.08.2023,EUR,13209.65,-0.39
17.08.2023,RUB,124.9,1.72
18.08.2023,USD,12066.19,-22.81
18.08.2023,EUR,13120.78,-88.87
18.08.2023,RUB,130.02,5.12
18.08.2023,USD,12066.19,-22.81
18.08.2023,EUR,13120.78,-88.87
18.08.2023,RUB,130.02,5.12
18.08.2023,USD,12066.19,-22.81
18.08.2023,EUR,13120.78,-88.87
18.08.2023,RUB,130.02,5.12
21.08.2023,USD,12078.01,11.82
21.08.2023,EUR,13127.59,6.81
21.08.2023,RUB,129.5,-0.52
22.08.2023,USD,12100.02,22.01
22.08.2023,EUR,13190.23,62.64
22.08.2023,RUB,128.32,-1.18
23.08.2023,USD,12089.93,-10.09
23.08.2023,EUR,13185.28,-4.95
23.08.2023,RUB,128.43,0.11
24.08.2023,USD,12067.55,-22.38
24.08.2023,EUR,13045.02,-140.26
24.08.2023,RUB,127.86,-0.57
25.08.2023,USD,12049.02,-18.53
25.08.2023,EUR,13070.78,25.76
25.08.2023,RUB,127.61,-0.25
25.08.2023,USD,12049.02,-18.53
25.08.2023,EUR,13070.78,25.76
25.08.2023,RUB,127.61,-0.25
25.08.2023,USD,12049.02,-18.53
25.08.2023,EUR,13070.78,25.76
25.08.2023,RUB,127.61,-0.25
28.08.2023,USD,12070.1,21.08
28.08.2023,EUR,13023.64,-47.14
28.08.2023,RUB,128.17,0.56
29.08.2023,USD,12072.21,2.11
29.08.2023,EUR,13047.64,24.0
29.08.2023,RUB,126.56,-1.61
30.08.2023,USD,12084.84,12.63
30.08.2023,EUR,13068.55,20.91
30.08.2023,RUB,126.52,-0.04
31.08.2023,USD,12089.97,5.13
31.08.2023,EUR,13164.77,96.22
31.08.2023,RUB,125.97,-0.55
31.08.2023,USD,12089.97,5.13
31.08.2023,EUR,13164.77,96.22
31.08.2023,RUB,125.97,-0.55
31.08.2023,USD,12089.97,5.13
31.08.2023,EUR,13164.77,96.22
31.08.2023,RUB,125.97,-0.55
31.08.2023,USD,12089.97,5.13
31.08.2023,EUR,13164.77,96.22
31.08.2023,RUB,125.97,-0.55
04.09.2023,USD,12102.0,12.03
04.09.2023,EUR,13159.71,-5.06
04.09.2023,RUB,125.62,-0.35
05.09.2023,USD,12118.07,16.07
05.09.2023,EUR,13081.46,-78.25
05.09.2023,RUB,125.45,-0.17
06.09.2023,USD,12129.99,11.92
06.09.2023,EUR,13037.31,-44.15
06.09.2023,RUB,124.3,-1.15
07.09.2023,USD,12142.11,12.12
07.09.2023,EUR,13032.13,-5.18
07.09.2023,RUB,124.06,-0.24
08.09.2023,USD,12137.16,-4.95
08.09.2023,EUR,13003.75,-28.38
08.09.2023,RUB,123.24,-0.82
08.09.2023,USD,12137.16,-4.95
08.09.2023,EUR,13003.75,-28.38
08.09.2023,RUB,123.24,-0.82
08.09.2023,USD,12137.16,-4.95
08.09.2023,EUR,13003.75,-28.38
08.09.2023,RUB,123.24,-0.82
11.09.2023,USD,12147.25,10.09
11.09.2023,EUR,13002.42,-1.33
11.09.2023,RUB,124.33,1.09
12.09.2023,USD,12163.53,16.28
12.09.2023,EUR,13055.12,52.7
12.09.2023,RUB,126.27,1.94
13.09.2023,USD,12180.0,16.47
13.09.2023,EUR,13060.61,5.49
13.09.2023,RUB,128.67,2.4
14.09.2023,USD,12162.04,-17.96
14.09.2023,EUR,13049.87,-10.74
14.09.2023,RUB,126.78,-1.89
15.09.2023,USD,12154.02,-8.02
15.09.2023,EUR,13037.62,-12.25
15.09.2023,RUB,126.47,-0.31
15.09.2023,USD,12154.02,-8.02
15.09.2023,EUR,13037.62,-12.25
15.09.2023,RUB,126.47,-0.31
15.09.2023,USD,12154.02,-8.02
15.09.2023,EUR,13037.62,-12.25
15.09.2023,RUB,126.47,-0.31
18.09.2023,USD,12174.99,20.97
18.09.2023,EUR,12982.19,-55.43
18.09.2023,RUB,126.13,-0.34
19.09.2023,USD,12160.39,-14.6
19.09.2023,EUR,12978.78,-3.41
19.09.2023,RUB,126.25,0.12
20.09.2023,USD,12168.04,7.65
20.09.2023,EUR,13006.42,27.64
20.09.2023,RUB,126.47,0.22
21.09.2023,USD,12178.1,10.06
21.09.2023,EUR,13028.13,21.71
21.09.2023,RUB,126.06,-0.41
22.09.2023,USD,12190.01,11.91
22.09.2023,EUR,12987.24,-40.89
22.09.2023,RUB,126.91,0.85
22.09.2023,USD,12190.01,11.91
22.09.2023,EUR,12987.24,-40.89
22.09.2023,RUB,126.91,0.85
22.09.2023,USD,12190.01,11.91
22.09.2023,EUR,12987.24,-40.89
22.09.2023,RUB,126.91,0.85
25.09.2023,USD,12212.07,22.06
25.09.2023,EUR,12992.42,5.18
25.09.2023,RUB,127.16,0.25
26.09.2023,USD,12206.13,-5.94
26.09.2023,EUR,12981.22,-11.2
26.09.2023,RUB,127.07,-0.09
27.09.2023,USD,12195.1,-11.03
27.09.2023,EUR,12921.93,-59.29
27.09.2023,RUB,126.67,-0.4
28.09.2023,USD,12183.01,-12.09
28.09.2023,EUR,12865.26,-56.67
28.09.2023,RUB,126.26,-0.41
29.09.2023,USD,12175.07,-7.94
29.09.2023,EUR,12831.31,-33.95
29.09.2023,RUB,125.42,-0.84
29.09.2023,USD,12175.07,-7.94
29.09.2023,EUR,12831.31,-33.95
29.09.2023,RUB,125.42,-0.84
29.09.2023,USD,12175.07,-7.94
29.09.2023,EUR,12831.31,-33.95
29.09.2023,RUB,125.42,-0.84
29.09.2023,USD,12175.07,-7.94
29.09.2023,EUR,12831.31,-33.95
29.09.2023,RUB,125.42,-0.84
03.10.2023,USD,12200.12,25.05
03.10.2023,EUR,12949.21,117.9
03.10.2023,RUB,125.4,-0.02
04.10.2023,USD,12216.01,15.89
04.10.2023,EUR,12807.26,-141.95
04.10.2023,RUB,123.1,-2.3
05.10.2023,USD,12207.92,-8.09
05.10.2023,EUR,12817.1,9.84
05.10.2023,RUB,122.79,-0.31
06.10.2023,USD,12198.12,-9.8
06.10.2023,EUR,12817.78,0.68
06.10.2023,RUB,122.27,-0.52
06.10.2023,USD,12198.12,-9.8
06.10.2023,EUR,12817.78,0.68
06.10.2023,RUB,122.27,-0.52
06.10.2023,USD,12198.12,-9.8
06.10.2023,EUR,12817.78,0.68
06.10.2023,RUB,122.27,-0.52
09.10.2023,USD,12189.81,-8.31
09.10.2023,EUR,12863.91,46.13
09.10.2023,RUB,121.5,-0.77
10.10.2023,USD,12180.05,-9.76
10.10.2023,EUR,12829.25,-34.66
10.10.2023,RUB,120.76,-0.74
11.10.2023,USD,12200.22,20.17
11.10.2023,EUR,12934.67,105.42
11.10.2023,RUB,122.71,1.95
12.10.2023,USD,12216.09,15.87
12.10.2023,EUR,12955.16,20.49
12.10.2023,RUB,122.46,-0.25
13.10.2023,USD,12229.01,12.92
13.10.2023,EUR,12984.76,29.6
13.10.2023,RUB,126.26,3.8
13.10.2023,USD,12229.01,12.92
13.10.2023,EUR,12984.76,29.6
13.10.2023,RUB,126.26,3.8
13.10.2023,USD,12229.01,12.92
13.10.2023,EUR,12984.76,29.6
13.10.2023,RUB,126.26,3.8
16.10.2023,USD,12217.85,-11.16
16.10.2023,EUR,12864.17,-120.59
16.10.2023,RUB,125.78,-0.48
17.10.2023,USD,12201.05,-16.8
17.10.2023,EUR,12850.15,-14.02
17.10.2023,RUB,125.13,-0.65
18.10.2023,USD,12195.07,-5.98
18.10.2023,EUR,12869.46,19.31
18.10.2023,RUB,125.34,0.21
19.10.2023,USD,12206.93,11.86
19.10.2023,EUR,12901.5,32.04
19.10.2023,RUB,125.49,0.15
20.10.2023,USD,12231.01,24.08
20.10.2023,EUR,12897.6,-3.9
20.10.2023,RUB,125.65,0.16
20.10.2023,USD,12231.01,24.08
20.10.2023,EUR,12897.6,-3.9
20.10.2023,RUB,125.65,0.16
20.10.2023,USD,12231.01,24.08
20.10.2023,EUR,12897.6,-3.9
20.10.2023,RUB,125.65,0.16
23.10.2023,USD,12210.0,-21.01
23.10.2023,EUR,12930.39,32.79
23.10.2023,RUB,127.26,1.61
24.10.2023,USD,12218.04,8.04
24.10.2023,EUR,12942.57,12.18
24.10.2023,RUB,129.32,2.06
25.10.2023,USD,12199.93,-18.11
25.10.2023,EUR,12975.85,33.28
25.10.2023,RUB,130.34,1.02
26.10.2023,USD,12195.13,-4.8
26.10.2023,EUR,12889.03,-86.82
26.10.2023,RUB,131.21,0.87
27.10.2023,USD,12210.08,14.95
27.10.2023,EUR,12876.75,-12.28
27.10.2023,RUB,130.48,-0.73
27.10.2023,USD,12210.08,14.95
27.10.2023,EUR,12876.75,-12.28
27.10.2023,RUB,130.48,-0.73
27.10.2023,USD,12210.08,14.95
27.10.2023,EUR,12876.75,-12.28
27.10.2023,RUB,130.48,-0.73
30.10.2023,USD,12228.05,17.97
30.10.2023,EUR,12918.93,42.18
30.10.2023,RUB,131.08,0.6
31.10.2023,USD,12219.23,-8.82
31.10.2023,EUR,12930.39,11.46
31.10.2023,RUB,131.19,0.11
01.11.2023,USD,12234.42,15.19
01.11.2023,EUR,13051.68,121.29
01.11.2023,RUB,133.21,2.02
02.11.2023,USD,12249.0,14.58
02.11.2023,EUR,12921.47,-130.21
02.11.2023,RUB,131.53,-1.68
03.11.2023,USD,12240.01,-8.99
03.11.2023,EUR,13003.79,82.32
03.11.2023,RUB,131.59,0.06
03.11.2023,USD,12240.01,-8.99
03.11.2023,EUR,13003.79,82.32
03.11.2023,RUB,131.59,0.06
03.11.2023,USD,12240.01,-8.99
03.11.2023,EUR,13003.79,82.32
03.11.2023,RUB,131.59,0.06
06.11.2023,USD,12254.0,13.99
06.11.2023,EUR,13048.06,44.27
06.11.2023,RUB,131.78,0.19
07.11.2023,USD,12270.0,16.0
07.11.2023,EUR,13186.57,138.51
07.11.2023,RUB,133.01,1.23
08.11.2023,USD,12280.08,10.08
08.11.2023,EUR,13120.04,-66.53
08.11.2023,RUB,132.87,-0.14
09.11.2023,USD,12297.01,16.93
09.11.2023,EUR,13114.76,-5.28
09.11.2023,RUB,133.48,0.61
10.11.2023,USD,12288.04,-8.97
10.11.2023,EUR,13145.75,30.99
10.11.2023,RUB,133.67,0.19
10.11.2023,USD,12288.04,-8.97
10.11.2023,EUR,13145.75,30.99
10.11.2023,RUB,133.67,0.19
10.11.2023,USD,12288.04,-8.97
10.11.2023,EUR,13145.75,30.99
10.11.2023,RUB,133.67,0.19
13.11.2023,USD,12270.11,-17.93
13.11.2023,EUR,13100.8,-44.95
13.11.2023,RUB,133.33,-0.34
14.11.2023,USD,12281.14,11.03
14.11.2023,EUR,13127.31,26.51
14.11.2023,RUB,133.41,0.08
15.11.2023,USD,12289.98,8.84
15.11.2023,EUR,13169.94,42.63
15.11.2023,RUB,134.5,1.09
16.11.2023,USD,12282.0,-7.98
16.11.2023,EUR,13328.43,158.49
16.11.2023,RUB,137.5,3.0
17.11.2023,USD,12270.1,-11.9
17.11.2023,EUR,13315.51,-12.92
17.11.2023,RUB,138.03,0.53
17.11.2023,USD,12270.1,-11.9
17.11.2023,EUR,13315.51,-12.92
17.11.2023,RUB,138.03,0.53
17.11.2023,USD,12270.1,-11.9
17.11.2023,EUR,13315.51,-12.92
17.11.2023,RUB,138.03,0.53
20.11.2023,USD,12280.0,9.9
20.11.2023,EUR,13327.48,11.97
20.11.2023,RUB,137.86,-0.17
21.11.2023,USD,12277.42,-2.58
21.11.2023,EUR,13427.81,100.33
21.11.2023,RUB,138.93,1.07
22.11.2023,USD,12270.07,-7.35
22.11.2023,EUR,13428.36,0.55
22.11.2023,RUB,139.5,0.57
23.11.2023,USD,12289.03,18.96
23.11.2023,EUR,13397.5,-30.86
23.11.2023,RUB,139.27,-0.23
24.11.2023,USD,12304.98,15.95
24.11.2023,EUR,13440.73,43.23
24.11.2023,RUB,139.59,0.32
24.11.2023,USD,12304.98,15.95
24.11.2023,EUR,13440.73,43.23
24.11.2023,RUB,139.59,0.32
24.11.2023,USD,12304.98,15.95
24.11.2023,EUR,13440.73,43.23
24.11.2023,RUB,139.59,0.32
27.11.2023,USD,12296.16,-8.82
27.11.2023,EUR,13406.5,-34.23
27.11.2023,RUB,138.26,-1.33
28.11.2023,USD,12310.04,13.88
28.11.2023,EUR,13478.26,71.76
28.11.2023,RUB,138.69,0.43
29.11.2023,USD,12315.0,4.96
29.11.2023,EUR,13489.85,11.59
29.11.2023,RUB,138.99,0.3
30.11.2023,USD,12297.88,-17.12
30.11.2023,EUR,13496.92,7.07
30.11.2023,RUB,138.27,-0.72
01.12.2023,USD,12280.01,-17.87
01.12.2023,EUR,13415.91,-81.01
01.12.2023,RUB,138.69,0.42
01.12.2023,USD,12280.01,-17.87
01.12.2023,EUR,13415.91,-81.01
01.12.2023,RUB,138.69,0.42
01.12.2023,USD,12280.01,-17.87
01.12.2023,EUR,13415.91,-81.01
01.12.2023,RUB,138.69,0.42
04.12.2023,USD,12300.09,20.08
04.12.2023,EUR,13404.64,-11.27
04.12.2023,RUB,136.58,-2.11
05.12.2023,USD,12272.0,-28.09
05.12.2023,EUR,13345.8,-58.84
05.12.2023,RUB,135.56,-1.02
06.12.2023,USD,12289.4,17.4
06.12.2023,EUR,13311.88,-33.92
06.12.2023,RUB,134.17,-1.39
07.12.2023,USD,12305.17,15.77
07.12.2023,EUR,13278.51,-33.37
07.12.2023,RUB,131.98,-2.19
07.12.2023,USD,12305.17,15.77
07.12.2023,EUR,13278.51,-33.37
07.12.2023,RUB,131.98,-2.19
07.12.2023,USD,12305.17,15.77
07.12.2023,EUR,13278.51,-33.37
07.12.2023,RUB,131.98,-2.19
07.12.2023,USD,12305.17,15.77
07.12.2023,EUR,13278.51,-33.37
07.12.2023,RUB,131.98,-2.19
11.12.2023,USD,12311.98,6.81
11.12.2023,EUR,13272.31,-6.2
11.12.2023,RUB,133.04,1.06
12.12.2023,USD,12327.01,15.03
12.12.2023,EUR,13272.49,0.18
12.12.2023,RUB,135.42,2.38
13.12.2023,USD,12349.0,21.99
13.12.2023,EUR,13329.51,57.02
13.12.2023,RUB,136.96,1.54
14.12.2023,USD,12367.0,18.0
14.12.2023,EUR,13340.28,10.77
14.12.2023,RUB,137.54,0.58
15.12.2023,USD,12358.03,-8.97
15.12.2023,EUR,13475.2,134.92
15.12.2023,RUB,137.59,0.05
15.12.2023,USD,12358.03,-8.97
15.12.2023,EUR,13475.2,134.92
15.12.2023,RUB,137.59,0.05
15.12.2023,USD,12358.03,-8.97
15.12.2023,EUR,13475.2,134.92
15.12.2023,RUB,137.59,0.05
18.12.2023,USD,12377.49,19.46
18.12.2023,EUR,13566.97,91.77
18.12.2023,RUB,138.13,0.54
19.12.2023,USD,12386.68,9.19
19.12.2023,EUR,13526.25,-40.72
19.12.2023,RUB,136.72,-1.41
20.12.2023,USD,12371.7,-14.98
20.12.2023,EUR,13537.11,10.86
20.12.2023,RUB,137.36,0.64
21.12.2023,USD,12389.97,18.27
21.12.2023,EUR,13585.6,48.49
21.12.2023,RUB,137.01,-0.35
22.12.2023,USD,12369.84,-20.13
22.12.2023,EUR,13537.55,-48.05
22.12.2023,RUB,134.54,-2.47
22.12.2023,USD,12369.84,-20.13
22.12.2023,EUR,13537.55,-48.05
22.12.2023,RUB,134.54,-2.47
22.12.2023,USD,12369.84,-20.13
22.12.2023,EUR,13537.55,-48.05
22.12.2023,RUB,134.54,-2.47
25.12.2023,USD,12357.11,-12.73
25.12.2023,EUR,13597.76,60.21
25.12.2023,RUB,134.72,0.18
26.12.2023,USD,12347.63,-9.48
26.12.2023,EUR,13600.91,3.15
26.12.2023,RUB,134.45,-0.27
27.12.2023,USD,12354.83,7.2
27.12.2023,EUR,13607.61,6.7
27.12.2023,RUB,135.07,0.62
28.12.2023,USD,12350.16,-4.67
28.12.2023,EUR,13651.87,44.26
28.12.2023,RUB,134.18,-0.89
29.12.2023,USD,12338.77,-11.39
29.12.2023,EUR,13731.82,79.95
29.12.2023,RUB,136.36,2.18
29.12.2023,USD,12338.77,-11.39
29.12.2023,EUR,13731.82,79.95
29.12.2023,RUB,136.36,2.18
29.12.2023,USD,12338.77,-11.39
29.12.2023,EUR,13731.82,79.95
29.12.2023,RUB,136.36,2.18
29.12.2023,USD,12338.77,-11.39
29.12.2023,EUR,13731.82,79.95
29.12.2023,RUB,136.36,2.18
29.12.2023,USD,12338.77,-11.39
29.12.2023,EUR,13731.82,79.95
29.12.2023,RUB,136.36,2.18
03.01.2024,USD,12352.86,14.09
03.01.2024,EUR,13648.68,-83.14
03.01.2024,RUB,137.52,1.16
04.01.2024,USD,12345.12,-7.74
04.01.2024,EUR,13501.86,-146.82
04.01.2024,RUB,135.03,-2.49
05.01.2024,USD,12341.54,-3.58
05.01.2024,EUR,13536.2,34.34
05.01.2024,RUB,135.37,0.34
06.01.2024,USD,12355.16,13.62
06.01.2024,EUR,13483.19,-53.01
06.01.2024,RUB,135.64,0.27
06.01.2024,USD,12355.16,13.62
06.01.2024,EUR,13483.19,-53.01
06.01.2024,RUB,135.64,0.27
08.01.2024,USD,12384.0,28.84
08.01.2024,EUR,13550.57,67.38
08.01.2024,RUB,136.2,0.56
09.01.2024,USD,12390.08,6.08
09.01.2024,EUR,13551.03,0.46
09.01.2024,RUB,136.57,0.37
10.01.2024,USD,12397.04,6.96
10.01.2024,EUR,13567.32,16.29
10.01.2024,RUB,137.3,0.73
11.01.2024,USD,12418.03,20.99
11.01.2024,EUR,13595.26,27.94
11.01.2024,RUB,138.81,1.51
12.01.2024,USD,12416.0,-2.03
12.01.2024,EUR,13612.9,17.64
12.01.2024,RUB,139.77,0.96
12.01.2024,USD,12416.0,-2.03
12.01.2024,EUR,13612.9,17.64
12.01.2024,RUB,139.77,0.96
12.01.2024,USD,12416.0,-2.03
12.01.2024,EUR,13612.9,17.64
12.01.2024,RUB,139.77,0.96
15.01.2024,USD,12401.88,-14.12
15.01.2024,EUR,13596.18,-16.72
15.01.2024,RUB,140.67,0.9
16.01.2024,USD,12409.01,7.13
16.01.2024,EUR,13584.14,-12.04
16.01.2024,RUB,141.66,0.99
17.01.2024,USD,12415.05,6.04
17.01.2024,EUR,13515.02,-69.12
17.01.2024,RUB,141.66,0.0
18.01.2024,USD,12427.0,11.95
18.01.2024,EUR,13516.85,1.83
18.01.2024,RUB,140.68,-0.98
19.01.2024,USD,12420.15,-6.85
19.01.2024,EUR,13519.33,2.48
19.01.2024,RUB,140.19,-0.49
19.01.2024,USD,12420.15,-6.85
19.01.2024,EUR,13519.33,2.48
19.01.2024,RUB,140.19,-0.49
19.01.2024,USD,12420.15,-6.85
19.01.2024,EUR,13519.33,2.48
19.01.2024,RUB,140.19,-0.49
22.01.2024,USD,12407.0,-13.15
22.01.2024,EUR,13502.54,-16.79
22.01.2024,RUB,140.22,0.03
23.01.2024,USD,12418.01,11.01
23.01.2024,EUR,13531.91,29.37
23.01.2024,RUB,141.31,1.09
24.01.2024,USD,12435.0,16.99
24.01.2024,EUR,13539.23,7.32
24.01.2024,RUB,141.39,0.08
25.01.2024,USD,12421.76,-13.24
25.01.2024,EUR,13543.44,4.21
25.01.2024,RUB,140.6,-0.79
26.01.2024,USD,12412.0,-9.76
26.01.2024,EUR,13524.12,-19.32
26.01.2024,RUB,139.88,-0.72
26.01.2024,USD,12412.0,-9.76
26.01.2024,EUR,13524.12,-19.32
26.01.2024,RUB,139.88,-0.72
26.01.2024,USD,12412.0,-9.76
26.01.2024,EUR,13524.12,-19.32
26.01.2024,RUB,139.88,-0.72
29.01.2024,USD,12400.0,-12.0
29.01.2024,EUR,13446.56,-77.56
29.01.2024,RUB,138.69,-1.19
30.01.2024,USD,12424.0,24.0
30.01.2024,EUR,13448.98,2.42
30.01.2024,RUB,138.71,0.02
31.01.2024,USD,12430.05,6.05
31.01.2024,EUR,13458.02,9.04
31.01.2024,RUB,139.18,0.47
01.02.2024,USD,12420.24,-9.81
01.02.2024,EUR,13441.18,-16.84
01.02.2024,RUB,138.3,-0.88
02.02.2024,USD,12433.0,12.76
02.02.2024,EUR,13425.15,-16.03
02.02.2024,RUB,137.68,-0.62
02.02.2024,USD,12433.0,12.76
02.02.2024,EUR,13425.15,-16.03
02.02.2024,RUB,137.68,-0.62
02.02.2024,USD,12433.0,12.76
02.02.2024,EUR,13425.15,-16.03
02.02.2024,RUB,137.68,-0.62
05.02.2024,USD,12448.01,15.01
05.02.2024,EUR,13557.13,131.98
05.02.2024,RUB,137.47,-0.21
06.02.2024,USD,12469.89,21.88
06.02.2024,EUR,13410.12,-147.01
06.02.2024,RUB,136.82,-0.65
07.02.2024,USD,12484.0,14.11
07.02.2024,EUR,13394.08,-16.04
07.02.2024,RUB,137.49,0.67
08.02.2024,USD,12458.02,-25.98
08.02.2024,EUR,13416.04,21.96
08.02.2024,RUB,136.74,-0.75
09.02.2024,USD,12464.91,6.89
09.02.2024,EUR,13440.91,24.87
09.02.2024,RUB,136.59,-0.15
09.02.2024,USD,12464.91,6.89
09.02.2024,EUR,13440.91,24.87
09.02.2024,RUB,136.59,-0.15
09.02.2024,USD,12464.91,6.89
09.02.2024,EUR,13440.91,24.87
09.02.2024,RUB,136.59,-0.15
12.02.2024,USD,12460.0,-4.91
12.02.2024,EUR,13415.68,-25.23
12.02.2024,RUB,137.19,0.6
13.02.2024,USD,12469.65,9.65
13.02.2024,EUR,13428.57,12.89
13.02.2024,RUB,136.84,-0.35
14.02.2024,USD,12480.04,10.39
14.02.2024,EUR,13437.26,8.69
14.02.2024,RUB,136.74,-0.1
15.02.2024,USD,12486.06,6.02
15.02.2024,EUR,13360.08,-77.18
15.02.2024,RUB,136.55,-0.19
16.02.2024,USD,12497.01,10.95
16.02.2024,EUR,13413.04,52.96
16.02.2024,RUB,136.19,-0.36
16.02.2024,USD,12497.01,10.95
16.02.2024,EUR,13413.04,52.96
16.02.2024,RUB,136.19,-0.36
16.02.2024,USD,12497.01,10.95
16.02.2024,EUR,13413.04,52.96
16.02.2024,RUB,136.19,-0.36
19.02.2024,USD,12489.92,-7.09
19.02.2024,EUR,13446.65,33.61
19.02.2024,RUB,135.07,-1.12
20.02.2024,USD,12480.14,-9.78
20.02.2024,EUR,13447.35,0.7
20.02.2024,RUB,134.96,-0.11
21.02.2024,USD,12475.51,-4.63
21.02.2024,EUR,13471.06,23.71
21.02.2024,RUB,135.09,0.13
22.02.2024,USD,12495.03,19.52
22.02.2024,EUR,13494.63,23.57
22.02.2024,RUB,135.13,0.04
23.02.2024,USD,12508.0,12.97
23.02.2024,EUR,13574.93,80.3
23.02.2024,RUB,134.31,-0.82
23.02.2024,USD,12508.0,12.97
23.02.2024,EUR,13574.93,80.3
23.02.2024,RUB,134.31,-0.82
23.02.2024,USD,12508.0,12.97
23.02.2024,EUR,13574.93,80.3
23.02.2024,RUB,134.31,-0.82
26.02.2024,USD,12490.0,-18.0
26.02.2024,EUR,13510.43,-64.5
26.02.2024,RUB,134.0,-0.31
27.02.2024,USD,12480.9,-9.1
27.02.2024,EUR,13529.3,18.87
27.02.2024,RUB,134.78,0.78
28.02.2024,USD,12500.01,19.11
28.02.2024,EUR,13566.26,36.96
28.02.2024,RUB,136.04,1.26
29.02.2024,USD,12484.94,-15.07
29.02.2024,EUR,13483.74,-82.52
29.02.2024,RUB,135.63,-0.41
01.03.2024,USD,12496.8,11.86
01.03.2024,EUR,13560.28,76.54
01.03.2024,RUB,137.81,2.18
01.03.2024,USD,12496.8,11.86
01.03.2024,EUR,13560.28,76.54
01.03.2024,RUB,137.81,2.18
01.03.2024,USD,12496.8,11.86
01.03.2024,EUR,13560.28,76.54
01.03.2024,RUB,137.81,2.18
04.03.2024,USD,12514.45,17.65
04.03.2024,EUR,13535.63,-24.65
04.03.2024,RUB,137.06,-0.75
05.03.2024,USD,12525.01,10.56
05.03.2024,EUR,13588.38,52.75
05.03.2024,RUB,137.2,0.14
06.03.2024,USD,12526.39,1.38
06.03.2024,EUR,13592.39,4.01
06.03.2024,RUB,137.23,0.03
07.03.2024,USD,12510.86,-15.53
07.03.2024,EUR,13608.06,15.67
07.03.2024,RUB,138.81,1.58
07.03.2024,USD,12510.86,-15.53
07.03.2024,EUR,13608.06,15.67
07.03.2024,RUB,138.81,1.58
07.03.2024,USD,12510.86,-15.53
07.03.2024,EUR,13608.06,15.67
07.03.2024,RUB,138.81,1.58
07.03.2024,USD,12510.86,-15.53
07.03.2024,EUR,13608.06,15.67
07.03.2024,RUB,138.81,1.58
11.03.2024,USD,12503.11,-7.75
11.03.2024,EUR,13630.89,22.83
11.03.2024,RUB,137.68,-1.13
12.03.2024,USD,12513.01,9.9
12.03.2024,EUR,13682.98,52.09
12.03.2024,RUB,137.99,0.31
13.03.2024,USD,12534.01,21.0
13.03.2024,EUR,13699.67,16.69
13.03.2024,RUB,137.8,-0.19
14.03.2024,USD,12546.02,12.01
14.03.2024,EUR,13705.27,5.6
14.03.2024,RUB,137.01,-0.79
15.03.2024,USD,12567.01,20.99
15.03.2024,EUR,13750.82,45.55
15.03.2024,RUB,137.28,0.27
15.03.2024,USD,12567.01,20.99
15.03.2024,EUR,13750.82,45.55
15.03.2024,RUB,137.28,0.27
15.03.2024,USD,12567.01,20.99
15.03.2024,EUR,13750.82,45.55
15.03.2024,RUB,137.28,0.27
18.03.2024,USD,12570.0,2.99
18.03.2024,EUR,13698.79,-52.03
18.03.2024,RUB,136.91,-0.37
19.03.2024,USD,12559.86,-10.14
19.03.2024,EUR,13690.25,-8.54
19.03.2024,RUB,136.62,-0.29
20.03.2024,USD,12561.87,2.01
20.03.2024,EUR,13613.3,-76.95
20.03.2024,RUB,136.25,-0.37
20.03.2024,USD,12561.87,2.01
20.03.2024,EUR,13613.3,-76.95
20.03.2024,RUB,136.25,-0.37
20.03.2024,USD,12561.87,2.01
20.03.2024,EUR,13613.3,-76.95
20.03.2024,RUB,136.25,-0.37
20.03.2024,USD,12561.87,2.01
20.03.2024,EUR,13613.3,-76.95
20.03.2024,RUB,136.25,-0.37
20.03.2024,USD,12561.87,2.01
20.03.2024,EUR,13613.3,-76.95
20.03.2024,RUB,136.25,-0.37
25.03.2024,USD,12575.0,13.13
25.03.2024,EUR,13630.04,16.74
25.03.2024,RUB,135.58,-0.67
26.03.2024,USD,12597.07,22.07
26.03.2024,EUR,13627.51,-2.53
26.03.2024,RUB,135.96,0.38
27.03.2024,USD,12590.0,-7.07
27.03.2024,EUR,13665.19,37.68
27.03.2024,RUB,135.97,0.01
28.03.2024,USD,12600.14,10.14
28.03.2024,EUR,13642.17,-23.02
28.03.2024,RUB,135.92,-0.05
29.03.2024,USD,12620.09,19.95
29.03.2024,EUR,13599.41,-42.76
29.03.2024,RUB,136.73,0.81
29.03.2024,USD,12620.09,19.95
29.03.2024,EUR,13599.41,-42.76
29.03.2024,RUB,136.73,0.81
29.03.2024,USD,12620.09,19.95
29.03.2024,EUR,13599.41,-42.76
29.03.2024,RUB,136.73,0.81
01.04.2024,USD,12628.05,7.96
01.04.2024,EUR,13616.83,17.42
01.04.2024,RUB,136.42,-0.31
02.04.2024,USD,12645.0,16.95
02.04.2024,EUR,13638.9,22.07
02.04.2024,RUB,136.99,0.57
03.04.2024,USD,12633.52,-11.48
03.04.2024,EUR,13570.93,-67.97
03.04.2024,RUB,136.66,-0.33
04.04.2024,USD,12668.0,34.48
04.04.2024,EUR,13640.9,69.97
04.04.2024,RUB,137.13,0.47
05.04.2024,USD,12680.07,12.07
05.04.2024,EUR,13769.29,128.39
05.04.2024,RUB,137.43,0.3
05.04.2024,USD,12680.07,12.07
05.04.2024,EUR,13769.29,128.39
05.04.2024,RUB,137.43,0.3
05.04.2024,USD,12680.07,12.07
05.04.2024,EUR,13769.29,128.39
05.04.2024,RUB,137.43,0.3
08.04.2024,USD,12685.08,5.01
08.04.2024,EUR,13749.36,-19.93
08.04.2024,RUB,137.23,-0.2
09.04.2024,USD,12675.88,-9.2
09.04.2024,EUR,13725.44,-23.92
09.04.2024,RUB,136.97,-0.26
09.04.2024,USD,12675.88,-9.2
09.04.2024,EUR,13725.44,-23.92
09.04.2024,RUB,136.97,-0.26
09.04.2024,USD,12675.88,-9.2
09.04.2024,EUR,13725.44,-23.92
09.04.2024,RUB,136.97,-0.26
09.04.2024,USD,12675.88,-9.2
09.04.2024,EUR,13725.44,-23.92
09.04.2024,RUB,136.97,-0.26
13.04.2024,USD,12664.23,-11.65
13.04.2024,EUR,13759.69,34.25
13.04.2024,RUB,136.46,-0.51
13.04.2024,USD,12664.23,-11.65
13.04.2024,EUR,13759.69,34.25
13.04.2024,RUB,136.46,-0.51
15.04.2024,USD,12667.0,2.77
15.04.2024,EUR,13481.49,-278.2
15.04.2024,RUB,135.77,-0.69
16.04.2024,USD,12654.57,-12.43
16.04.2024,EUR,13483.44,1.95
16.04.2024,RUB,135.26,-0.51
17.04.2024,USD,12671.84,17.27
17.04.2024,EUR,13468.9,-14.54
17.04.2024,RUB,134.64,-0.62
18.04.2024,USD,12694.96,23.12
18.04.2024,EUR,13508.71,39.81
18.04.2024,RUB,134.66,0.02
19.04.2024,USD,12697.0,2.04
19.04.2024,EUR,13547.7,38.99
19.04.2024,RUB,135.05,0.39
19.04.2024,USD,12697.0,2.04
19.04.2024,EUR,13547.7,38.99
19.04.2024,RUB,135.05,0.39
19.04.2024,USD,12697.0,2.04
19.04.2024,EUR,13547.7,38.99
19.04.2024,RUB,135.05,0.39
22.04.2024,USD,12690.0,-7.0
22.04.2024,EUR,13526.27,-21.43
22.04.2024,RUB,135.95,0.9
23.04.2024,USD,12711.0,21.0
23.04.2024,EUR,13538.49,12.22
23.04.2024,RUB,136.31,0.36
24.04.2024,USD,12705.0,-6.0
24.04.2024,EUR,13543.53,5.04
24.04.2024,RUB,136.11,-0.2
25.04.2024,USD,12689.97,-15.03
25.04.2024,EUR,13557.96,14.43
25.04.2024,RUB,137.2,1.09
26.04.2024,USD,12640.21,-49.76
26.04.2024,EUR,13559.15,1.19
26.04.2024,RUB,137.02,-0.18
26.04.2024,USD,12640.21,-49.76
26.04.2024,EUR,13559.15,1.19
26.04.2024,RUB,137.02,-0.18
26.04.2024,USD,12640.21,-49.76
26.04.2024,EUR,13559.15,1.19
26.04.2024,RUB,137.02,-0.18
29.04.2024,USD,12662.01,21.8
29.04.2024,EUR,13593.93,34.78
29.04.2024,RUB,137.65,0.63
30.04.2024,USD,12620.01,-42.0
30.04.2024,EUR,13522.34,-71.59
30.04.2024,RUB,135.74,-1.91
01.05.2024,USD,12610.17,-9.84
01.05.2024,EUR,13526.93,4.59
01.05.2024,RUB,135.24,-0.5
02.05.2024,USD,12632.22,22.05
02.05.2024,EUR,13478.58,-48.35
02.05.2024,RUB,134.39,-0.85
03.05.2024,USD,12670.05,37.83
03.05.2024,EUR,13560.75,82.17
03.05.2024,RUB,138.0,3.61
03.05.2024,USD,12670.05,37.83
03.05.2024,EUR,13560.75,82.17
03.05.2024,RUB,138.0,3.61
03.05.2024,USD,12670.05,37.83
03.05.2024,EUR,13560.75,82.17
03.05.2024,RUB,138.0,3.61
06.05.2024,USD,12675.0,4.95
06.05.2024,EUR,13616.75,56.0
06.05.2024,RUB,138.36,0.36
07.05.2024,USD,12648.12,-26.88
07.05.2024,EUR,13622.03,5.28
07.05.2024,RUB,138.42,0.06
08.05.2024,USD,12683.99,35.87
08.05.2024,EUR,13647.97,25.94
08.05.2024,RUB,139.24,0.82
08.05.2024,USD,12683.99,35.87
08.05.2024,EUR,13647.97,25.94
08.05.2024,RUB,139.24,0.82
10.05.2024,USD,12695.0,11.01
10.05.2024,EUR,13648.39,0.42
10.05.2024,RUB,138.12,-1.12
10.05.2024,USD,12695.0,11.01
10.05.2024,EUR,13648.39,0.42
10.05.2024,RUB,138.12,-1.12
10.05.2024,USD,12695.0,11.01
10.05.2024,EUR,13648.39,0.42
10.05.2024,RUB,138.12,-1.12
13.05.2024,USD,12718.08,23.08
13.05.2024,EUR,13710.09,61.7
13.05.2024,RUB,137.82,-0.3
14.05.2024,USD,12699.85,-18.23
14.05.2024,EUR,13694.25,-15.84
14.05.2024,RUB,139.02,1.2
15.05.2024,USD,12710.95,11.1
15.05.2024,EUR,13718.93,24.68
15.05.2024,RUB,139.06,0.04
16.05.2024,USD,12727.96,17.01
16.05.2024,EUR,13781.84,62.91
16.05.2024,RUB,139.46,0.4
17.05.2024,USD,12720.0,-7.96
17.05.2024,EUR,13827.91,46.07
17.05.2024,RUB,140.04,0.58
17.05.2024,USD,12720.0,-7.96
17.05.2024,EUR,13827.91,46.07
17.05.2024,RUB,140.04,0.58
17.05.2024,USD,12720.0,-7.96
17.05.2024,EUR,13827.91,46.07
17.05.2024,RUB,140.04,0.58
20.05.2024,USD,12694.87,-25.13
20.05.2024,EUR,13766.32,-61.59
20.05.2024,RUB,139.48,-0.56
21.05.2024,USD,12687.7,-7.17
21.05.2024,EUR,13790.26,23.94
21.05.2024,RUB,140.03,0.55
22.05.2024,USD,12708.86,21.16
22.05.2024,EUR,13817.07,26.81
22.05.2024,RUB,140.54,0.51
23.05.2024,USD,12724.72,15.86
23.05.2024,EUR,13798.69,-18.38
23.05.2024,RUB,141.08,0.54
24.05.2024,USD,12712.88,-11.84
24.05.2024,EUR,13788.39,-10.3
24.05.2024,RUB,140.85,-0.23
24.05.2024,USD,12712.88,-11.84
24.05.2024,EUR,13788.39,-10.3
24.05.2024,RUB,140.85,-0.23
24.05.2024,USD,12712.88,-11.84
24.05.2024,EUR,13788.39,-10.3
24.05.2024,RUB,140.85,-0.23
27.05.2024,USD,12704.68,-8.2
27.05.2024,EUR,13757.9,-30.49
27.05.2024,RUB,141.66,0.81
28.05.2024,USD,12679.99,-24.69
28.05.2024,EUR,13779.35,21.45
28.05.2024,RUB,143.34,1.68
29.05.2024,USD,12650.09,-29.9
29.05.2024,EUR,13759.5,-19.85
29.05.2024,RUB,143.18,-0.16
30.05.2024,USD,12640.87,-9.22
30.05.2024,EUR,13717.87,-41.63
30.05.2024,RUB,141.57,-1.61
31.05.2024,USD,12619.83,-21.04
31.05.2024,EUR,13645.82,-72.05
31.05.2024,RUB,140.36,-1.21
31.05.2024,USD,12619.83,-21.04
31.05.2024,EUR,13645.82,-72.05
31.05.2024,RUB,140.36,-1.21
31.05.2024,USD,12619.83,-21.04
31.05.2024,EUR,13645.82,-72.05
31.05.2024,RUB,140.36,-1.21
03.06.2024,USD,12599.85,-19.98
03.06.2024,EUR,13668.32,22.5
03.06.2024,RUB,139.64,-0.72
04.06.2024,USD,12614.95,15.1
04.06.2024,EUR,13668.3,-0.02
04.06.2024,RUB,141.38,1.74
05.06.2024,USD,12665.03,50.08
05.06.2024,EUR,13769.42,101.12
05.06.2024,RUB,142.91,1.53
06.06.2024,USD,12676.03,11.0
06.06.2024,EUR,13783.92,14.5
06.06.2024,RUB,142.92,0.01
07.06.2024,USD,12659.97,-16.06
07.06.2024,EUR,13774.05,-9.87
07.06.2024,RUB,142.35,-0.57
07.06.2024,USD,12659.97,-16.06
07.06.2024,EUR,13774.05,-9.87
07.06.2024,RUB,142.35,-0.57
07.06.2024,USD,12659.97,-16.06
07.06.2024,EUR,13774.05,-9.87
07.06.2024,RUB,142.35,-0.57
10.06.2024,USD,12646.87,-13.1
10.06.2024,EUR,13774.97,0.92
10.06.2024,RUB,142.44,0.09
11.06.2024,USD,12634.92,-11.95
11.06.2024,EUR,13572.43,-202.54
11.06.2024,RUB,142.0,-0.44
12.06.2024,USD,12598.05,-36.87
12.06.2024,EUR,13544.16,-28.27
12.06.2024,RUB,141.43,-0.57
13.06.2024,USD,12621.01,22.96
13.06.2024,EUR,13571.37,27.21
13.06.2024,RUB,141.55,0.12
14.06.2024,USD,12614.8,-6.21
14.06.2024,EUR,13626.51,55.14
14.06.2024,RUB,143.33,1.78
14.06.2024,USD,12614.8,-6.21
14.06.2024,EUR,13626.51,55.14
14.06.2024,RUB,143.33,1.78
14.06.2024,USD,12614.8,-6.21
14.06.2024,EUR,13626.51,55.14
14.06.2024,RUB,143.33,1.78
14.06.2024,USD,12614.8,-6.21
14.06.2024,EUR,13626.51,55.14
14.06.2024,RUB,143.33,1.78
14.06.2024,USD,12614.8,-6.21
14.06.2024,EUR,13626.51,55.14
14.06.2024,RUB,143.33,1.78
19.06.2024,USD,12627.02,12.22
19.06.2024,EUR,13494.5,-132.01
19.06.2024,RUB,142.18,-1.15
20.06.2024,USD,12643.91,16.89
20.06.2024,EUR,13575.77,81.27
20.06.2024,RUB,151.59,9.41
21.06.2024,USD,12639.81,-4.1
21.06.2024,EUR,13556.2,-19.57
21.06.2024,RUB,146.96,-4.63
21.06.2024,USD,12639.81,-4.1
21.06.2024,EUR,13556.2,-19.57
21.06.2024,RUB,146.96,-4.63
21.06.2024,USD,12639.81,-4.1
21.06.2024,EUR,13556.2,-19.57
21.06.2024,RUB,146.96,-4.63
24.06.2024,USD,12625.18,-14.63
24.06.2024,EUR,13505.16,-51.04
24.06.2024,RUB,146.62,-0.34
25.06.2024,USD,12599.92,-25.26
25.06.2024,EUR,13510.89,5.73
25.06.2024,RUB,144.48,-2.14
26.06.2024,USD,12586.41,-13.51
26.06.2024,EUR,13497.67,-13.22
26.06.2024,RUB,144.49,0.01
27.06.2024,USD,12580.27,-6.14
27.06.2024,EUR,13447.05,-50.62
27.06.2024,RUB,144.75,0.26
28.06.2024,USD,12555.16,-25.11
28.06.2024,EUR,13430.25,-16.8
28.06.2024,RUB,147.69,2.94
28.06.2024,USD,12555.16,-25.11
28.06.2024,EUR,13430.25,-16.8
28.06.2024,RUB,147.69,2.94
28.06.2024,USD,12555.16,-25.11
28.06.2024,EUR,13430.25,-16.8
28.06.2024,RUB,147.69,2.94
01.07.2024,USD,12557.67,2.51
01.07.2024,EUR,13448.01,17.76
01.07.2024,RUB,147.37,-0.32
02.07.2024,USD,12585.01,27.34
02.07.2024,EUR,13538.95,90.94
02.07.2024,RUB,145.06,-2.31
03.07.2024,USD,12571.9,-13.11
03.07.2024,EUR,13465.76,-73.19
03.07.2024,RUB,143.83,-1.23
04.07.2024,USD,12584.05,12.15
04.07.2024,EUR,13535.4,69.64
04.07.2024,RUB,143.8,-0.03
05.07.2024,USD,12600.05,16.0
05.07.2024,EUR,13605.53,70.13
05.07.2024,RUB,143.17,-0.63
05.07.2024,USD,12600.05,16.0
05.07.2024,EUR,13605.53,70.13
05.07.2024,RUB,143.17,-0.63
05.07.2024,USD,12600.05,16.0
05.07.2024,EUR,13605.53,70.13
05.07.2024,RUB,143.17,-0.63
08.07.2024,USD,12603.72,3.67
08.07.2024,EUR,13646.05,40.52
08.07.2024,RUB,143.21,0.04
09.07.2024,USD,12618.26,14.54
09.07.2024,EUR,13675.67,29.62
09.07.2024,RUB,142.9,-0.31
10.07.2024,USD,12630.03,11.77
10.07.2024,EUR,13669.48,-6.19
10.07.2024,RUB,144.49,1.59
11.07.2024,USD,12632.88,2.85
11.07.2024,EUR,13667.51,-1.97
11.07.2024,RUB,144.52,0.03
12.07.2024,USD,12655.02,22.14
12.07.2024,EUR,13725.63,58.12
12.07.2024,RUB,144.28,-0.24
12.07.2024,USD,12655.02,22.14
12.07.2024,EUR,13725.63,58.12
12.07.2024,RUB,144.28,-0.24
12.07.2024,USD,12655.02,22.14
12.07.2024,EUR,13725.63,58.12
12.07.2024,RUB,144.28,-0.24
15.07.2024,USD,12635.27,-19.75
15.07.2024,EUR,13753.49,27.86
15.07.2024,RUB,144.47,0.19
16.07.2024,USD,12607.62,-27.65
16.07.2024,EUR,13758.7,5.21
16.07.2024,RUB,144.4,-0.07
17.07.2024,USD,12586.03,-21.59
17.07.2024,EUR,13716.26,-42.44
17.07.2024,RUB,143.99,-0.41
18.07.2024,USD,12587.94,1.91
18.07.2024,EUR,13776.24,59.98
18.07.2024,RUB,143.19,-0.8
19.07.2024,USD,12601.08,13.14
19.07.2024,EUR,13774.24,-2.0
19.07.2024,RUB,143.5,0.31
19.07.2024,USD,12601.08,13.14
19.07.2024,EUR,13774.24,-2.0
19.07.2024,RUB,143.5,0.31
19.07.2024,USD,12601.08,13.14
19.07.2024,EUR,13774.24,-2.0
19.07.2024,RUB,143.5,0.31
22.07.2024,USD,12610.04,8.96
22.07.2024,EUR,13720.98,-53.26
22.07.2024,RUB,143.28,-0.22
23.07.2024,USD,12593.04,-17.0
23.07.2024,EUR,13716.34,-4.64
23.07.2024,RUB,143.82,0.54
24.07.2024,USD,12584.28,-8.76
24.07.2024,EUR,13676.6,-39.74
24.07.2024,RUB,144.38,0.56
25.07.2024,USD,12625.04,40.76
25.07.2024,EUR,13686.81,10.21
25.07.2024,RUB,146.11,1.73
26.07.2024,USD,12634.0,8.96
26.07.2024,EUR,13710.42,23.61
26.07.2024,RUB,148.62,2.51
26.07.2024,USD,12634.0,8.96
26.07.2024,EUR,13710.42,23.61
26.07.2024,RUB,148.62,2.51
26.07.2024,USD,12634.0,8.96
26.07.2024,EUR,13710.42,23.61
26.07.2024,RUB,148.62,2.51
29.07.2024,USD,12599.83,-34.17
29.07.2024,EUR,13675.86,-34.56
29.07.2024,RUB,147.78,-0.84
30.07.2024,USD,12574.38,-25.45
30.07.2024,EUR,13626.86,-49.0
30.07.2024,RUB,145.52,-2.26
31.07.2024,USD,12541.04,-33.34
31.07.2024,EUR,13584.45,-42.41
31.07.2024,RUB,145.56,0.04
01.08.2024,USD,12544.11,3.07
01.08.2024,EUR,13580.25,-4.2
01.08.2024,RUB,145.68,0.12
02.08.2024,USD,12574.88,30.77
02.08.2024,EUR,13553.21,-27.04
02.08.2024,RUB,146.54,0.86
02.08.2024,USD,12574.88,30.77
02.08.2024,EUR,13553.21,-27.04
02.08.2024,RUB,146.54,0.86
02.08.2024,USD,12574.88,30.77
02.08.2024,EUR,13553.21,-27.04
02.08.2024,RUB,146.54,0.86
05.08.2024,USD,12581.86,6.98
05.08.2024,EUR,13614.83,61.62
05.08.2024,RUB,146.62,0.08
06.08.2024,USD,12594.85,12.99
06.08.2024,EUR,13793.88,179.05
06.08.2024,RUB,148.33,1.71
07.08.2024,USD,12615.97,21.12
07.08.2024,EUR,13767.81,-26.07
07.08.2024,RUB,148.58,0.25
08.08.2024,USD,12640.01,24.04
08.08.2024,EUR,13795.31,27.5
08.08.2024,RUB,146.96,-1.62
09.08.2024,USD,12651.98,11.97
09.08.2024,EUR,13824.82,29.51
09.08.2024,RUB,145.91,-1.05
09.08.2024,USD,12651.98,11.97
09.08.2024,EUR,13824.82,29.51
09.08.2024,RUB,145.91,-1.05
09.08.2024,USD,12651.98,11.97
09.08.2024,EUR,13824.82,29.51
09.08.2024,RUB,145.91,-1.05
12.08.2024,USD,12643.0,-8.98
12.08.2024,EUR,13806.16,-18.66
12.08.2024,RUB,143.33,-2.58
13.08.2024,USD,12630.96,-12.04
13.08.2024,EUR,13801.85,-4.31
13.08.2024,RUB,139.09,-4.24
14.08.2024,USD,12619.96,-11.0
14.08.2024,EUR,13779.73,-22.12
14.08.2024,RUB,135.83,-3.26
15.08.2024,USD,12622.77,2.81
15.08.2024,EUR,13917.87,138.14
15.08.2024,RUB,139.46,3.63
16.08.2024,USD,12650.05,27.28
16.08.2024,EUR,13930.24,12.37
16.08.2024,RUB,142.6,3.14
16.08.2024,USD,12650.05,27.28
16.08.2024,EUR,13930.24,12.37
16.08.2024,RUB,142.6,3.14
16.08.2024,USD,12650.05,27.28
16.08.2024,EUR,13930.24,12.37
16.08.2024,RUB,142.6,3.14
19.08.2024,USD,12658.0,7.95
19.08.2024,EUR,13911.14,-19.1
19.08.2024,RUB,142.21,-0.39
20.08.2024,USD,12640.93,-17.07
20.08.2024,EUR,13949.27,38.13
20.08.2024,RUB,141.14,-1.07
21.08.2024,USD,12625.21,-15.72
21.08.2024,EUR,13982.42,33.15
21.08.2024,RUB,138.42,-2.72
22.08.2024,USD,12645.01,19.8
22.08.2024,EUR,14057.46,75.04
22.08.2024,RUB,137.66,-0.76
23.08.2024,USD,12677.04,32.03
23.08.2024,EUR,14122.22,64.76
23.08.2024,RUB,139.06,1.4
23.08.2024,USD,12677.04,32.03
23.08.2024,EUR,14122.22,64.76
23.08.2024,RUB,139.06,1.4
23.08.2024,USD,12677.04,32.03
23.08.2024,EUR,14122.22,64.76
23.08.2024,RUB,139.06,1.4
26.08.2024,USD,12688.08,11.04
26.08.2024,EUR,14106.61,-15.61
26.08.2024,RUB,138.2,-0.86
27.08.2024,USD,12669.65,-18.43
27.08.2024,EUR,14158.33,51.72
27.08.2024,RUB,138.0,-0.2
28.08.2024,USD,12652.19,-17.46
28.08.2024,EUR,14131.23,-27.1
28.08.2024,RUB,138.41,0.41
29.08.2024,USD,12673.94,21.75
29.08.2024,EUR,14113.7,-17.53
29.08.2024,RUB,138.65,0.24
30.08.2024,USD,12625.01,-48.93
30.08.2024,EUR,14006.19,-107.51
30.08.2024,RUB,138.11,-0.54
30.08.2024,USD,12625.01,-48.93
30.08.2024,EUR,14006.19,-107.51
30.08.2024,RUB,138.11,-0.54
30.08.2024,USD,12625.01,-48.93
30.08.2024,EUR,14006.19,-107.51
30.08.2024,RUB,138.11,-0.54
30.08.2024,USD,12625.01,-48.93
30.08.2024,EUR,14006.19,-107.51
30.08.2024,RUB,138.11,-0.54
30.08.2024,USD,12625.01,-48.93
30.08.2024,EUR,14006.19,-107.51
30.08.2024,RUB,138.11,-0.54
04.09.2024,USD,12640.04,15.03
04.09.2024,EUR,14008.96,2.77
04.09.2024,RUB,138.33,0.22
05.09.2024,USD,12650.26,10.22
05.09.2024,EUR,13983.6,-25.36
05.09.2024,RUB,141.96,3.63
06.09.2024,USD,12707.95,57.69
06.09.2024,EUR,14099.47,115.87
06.09.2024,RUB,140.95,-1.01
06.09.2024,USD,12707.95,57.69
06.09.2024,EUR,14099.47,115.87
06.09.2024,RUB,140.95,-1.01
06.09.2024,USD,12707.95,57.69
06.09.2024,EUR,14099.47,115.87
06.09.2024,RUB,140.95,-1.01
09.09.2024,USD,12700.1,-7.85
09.09.2024,EUR,14114.89,15.42
09.09.2024,RUB,141.25,0.3
10.09.2024,USD,12681.79,-18.31
10.09.2024,EUR,14023.52,-91.37
10.09.2024,RUB,140.11,-1.14
11.09.2024,USD,12686.71,4.92
11.09.2024,EUR,14004.86,-18.66
11.09.2024,RUB,139.09,-1.02
12.09.2024,USD,12715.07,28.36
12.09.2024,EUR,14041.25,36.39
12.09.2024,RUB,139.71,0.62
13.09.2024,USD,12741.76,26.69
13.09.2024,EUR,14035.05,-6.2
13.09.2024,RUB,139.85,0.14
13.09.2024,USD,12741.76,26.69
13.09.2024,EUR,14035.05,-6.2
13.09.2024,RUB,139.85,0.14
13.09.2024,USD,12741.76,26.69
13.09.2024,EUR,14035.05,-6.2
13.09.2024,RUB,139.85,0.14
16.09.2024,USD,12749.75,7.99
16.09.2024,EUR,14142.02,106.97
16.09.2024,RUB,140.25,0.4
17.09.2024,USD,12729.48,-20.27
17.09.2024,EUR,14156.45,14.43
17.09.2024,RUB,139.72,-0.53
18.09.2024,USD,12732.56,3.08
18.09.2024,EUR,14181.53,25.08
18.09.2024,RUB,139.37,-0.35
19.09.2024,USD,12739.95,7.39
19.09.2024,EUR,14191.03,9.5
19.09.2024,RUB,139.14,-0.23
20.09.2024,USD,12724.84,-15.11
20.09.2024,EUR,14223.83,32.8
20.09.2024,RUB,137.11,-2.03
20.09.2024,USD,12724.84,-15.11
20.09.2024,EUR,14223.83,32.8
20.09.2024,RUB,137.11,-2.03
20.09.2024,USD,12724.84,-15.11
20.09.2024,EUR,14223.83,32.8
20.09.2024,RUB,137.11,-2.03
23.09.2024,USD,12729.83,4.99
23.09.2024,EUR,14207.76,-16.07
23.09.2024,RUB,137.46,0.35
24.09.2024,USD,12747.29,17.46
24.09.2024,EUR,14158.42,-49.34
24.09.2024,RUB,137.27,-0.19
25.09.2024,USD,12754.83,7.54
25.09.2024,EUR,14202.5,44.08
25.09.2024,RUB,137.21,-0.06
26.09.2024,USD,12757.65,2.82
26.09.2024,EUR,14268.16,65.66
26.09.2024,RUB,138.05,0.84
27.09.2024,USD,12736.48,-21.17
27.09.2024,EUR,14193.53,-74.63
27.09.2024,RUB,137.6,-0.45
27.09.2024,USD,12736.48,-21.17
27.09.2024,EUR,14193.53,-74.63
27.09.2024,RUB,137.6,-0.45
27.09.2024,USD,12736.48,-21.17
27.09.2024,EUR,14193.53,-74.63
27.09.2024,RUB,137.6,-0.45
30.09.2024,USD,12715.42,-21.06
30.09.2024,EUR,14190.41,-3.12
30.09.2024,RUB,137.0,-0.6
30.09.2024,USD,12715.42,-21.06
30.09.2024,EUR,14190.41,-3.12
30.09.2024,RUB,137.0,-0.6
02.10.2024,USD,12739.99,24.57
02.10.2024,EUR,14256.05,65.64
02.10.2024,RUB,136.83,-0.17
03.10.2024,USD,12757.94,17.95
03.10.2024,EUR,14125.59,-130.46
03.10.2024,RUB,135.06,-1.77
04.10.2024,USD,12741.02,-16.92
04.10.2024,EUR,14062.26,-63.33
04.10.2024,RUB,134.38,-0.68
04.10.2024,USD,12741.02,-16.92
04.10.2024,EUR,14062.26,-63.33
04.10.2024,RUB,134.38,-0.68
04.10.2024,USD,12741.02,-16.92
04.10.2024,EUR,14062.26,-63.33
04.10.2024,RUB,134.38,-0.68
07.10.2024,USD,12775.02,34.0
07.10.2024,EUR,14090.85,28.59
07.10.2024,RUB,134.6,0.22
08.10.2024,USD,12794.88,19.86
08.10.2024,EUR,14021.91,-68.94
08.10.2024,RUB,132.99,-1.61
09.10.2024,USD,12787.03,-7.85
09.10.2024,EUR,14049.11,27.2
09.10.2024,RUB,133.05,0.06
10.10.2024,USD,12778.0,-9.03
10.10.2024,EUR,14012.35,-36.76
10.10.2024,RUB,131.58,-1.47
11.10.2024,USD,12768.3,-9.7
11.10.2024,EUR,13960.86,-51.49
11.10.2024,RUB,131.15,-0.43
11.10.2024,USD,12768.3,-9.7
11.10.2024,EUR,13960.86,-51.49
11.10.2024,RUB,131.15,-0.43
11.10.2024,USD,12768.3,-9.7
11.10.2024,EUR,13960.86,-51.49
11.10.2024,RUB,131.15,-0.43
14.10.2024,USD,12780.14,11.84
14.10.2024,EUR,13980.2,19.34
14.10.2024,RUB,133.11,1.96
15.10.2024,USD,12803.05,22.91
15.10.2024,EUR,13992.45,12.25
15.10.2024,RUB,133.21,0.1
16.10.2024,USD,12793.03,-10.02
16.10.2024,EUR,13961.03,-31.42
16.10.2024,RUB,131.87,-1.34
17.10.2024,USD,12777.06,-15.97
17.10.2024,EUR,13920.61,-40.42
17.10.2024,RUB,131.44,-0.43
18.10.2024,USD,12803.06,26.0
18.10.2024,EUR,13902.84,-17.77
18.10.2024,RUB,131.84,0.4
18.10.2024,USD,12803.06,26.0
18.10.2024,EUR,13902.84,-17.77
18.10.2024,RUB,131.84,0.4
18.10.2024,USD,12803.06,26.0
18.10.2024,EUR,13902.84,-17.77
18.10.2024,RUB,131.84,0.4
21.10.2024,USD,12815.13,12.07
21.10.2024,EUR,13898.01,-4.83
21.10.2024,RUB,133.2,1.36
22.10.2024,USD,12805.09,-10.04
22.10.2024,EUR,13889.68,-8.33
22.10.2024,RUB,133.1,-0.1
23.10.2024,USD,12817.85,12.76
23.10.2024,EUR,13865.07,-24.61
23.10.2024,RUB,132.95,-0.15
24.10.2024,USD,12827.9,10.05
24.10.2024,EUR,13832.32,-32.75
24.10.2024,RUB,132.85,-0.1
25.10.2024,USD,12816.11,-11.79
25.10.2024,EUR,13836.27,3.95
25.10.2024,RUB,132.86,0.01
25.10.2024,USD,12816.11,-11.79
25.10.2024,EUR,13836.27,3.95
25.10.2024,RUB,132.86,0.01
25.10.2024,USD,12816.11,-11.79
25.10.2024,EUR,13836.27,3.95
25.10.2024,RUB,132.86,0.01
28.10.2024,USD,12808.39,-7.72
28.10.2024,EUR,13862.52,26.25
28.10.2024,RUB,132.63,-0.23
29.10.2024,USD,12794.92,-13.47
29.10.2024,EUR,13836.43,-26.09
29.10.2024,RUB,131.76,-0.87
30.10.2024,USD,12784.97,-9.95
30.10.2024,EUR,13830.78,-5.65
30.10.2024,RUB,131.45,-0.31
31.10.2024,USD,12774.34,-10.63
31.10.2024,EUR,13848.66,17.88
31.10.2024,RUB,132.17,0.72
01.11.2024,USD,12780.09,5.75
01.11.2024,EUR,13889.4,40.74
01.11.2024,RUB,131.67,-0.5
01.11.2024,USD,12780.09,5.75
01.11.2024,EUR,13889.4,40.74
01.11.2024,RUB,131.67,-0.5
01.11.2024,USD,12780.09,5.75
01.11.2024,EUR,13889.4,40.74
01.11.2024,RUB,131.67,-0.5
04.11.2024,USD,12795.02,14.93
04.11.2024,EUR,13894.11,4.71
04.11.2024,RUB,131.62,-0.05
05.11.2024,USD,12790.12,-4.9
05.11.2024,EUR,13936.11,42.0
05.11.2024,RUB,130.03,-1.59
06.11.2024,USD,12774.98,-15.14
06.11.2024,EUR,13914.51,-21.6
06.11.2024,RUB,130.14,0.11
07.11.2024,USD,12786.98,12.0
07.11.2024,EUR,13753.68,-160.83
07.11.2024,RUB,130.27,0.13
08.11.2024,USD,12809.05,22.07
08.11.2024,EUR,13765.89,12.21
08.11.2024,RUB,130.56,0.29
08.11.2024,USD,12809.05,22.07
08.11.2024,EUR,13765.89,12.21
08.11.2024,RUB,130.56,0.29
08.11.2024,USD,12809.05,22.07
08.11.2024,EUR,13765.89,12.21
08.11.2024,RUB,130.56,0.29
11.11.2024,USD,12822.98,13.93
11.11.2024,EUR,13823.17,57.28
11.11.2024,RUB,131.24,0.68
12.11.2024,USD,12803.81,-19.17
12.11.2024,EUR,13677.03,-146.14
12.11.2024,RUB,130.64,-0.6
13.11.2024,USD,12793.38,-10.43
13.11.2024,EUR,13595.52,-81.51
13.11.2024,RUB,130.73,0.09
14.11.2024,USD,12808.03,14.65
14.11.2024,EUR,13612.37,16.85
14.11.2024,RUB,130.15,-0.58
15.11.2024,USD,12800.13,-7.9
15.11.2024,EUR,13467.02,-145.35
15.11.2024,RUB,129.02,-1.13
15.11.2024,USD,12800.13,-7.9
15.11.2024,EUR,13467.02,-145.35
15.11.2024,RUB,129.02,-1.13
15.11.2024,USD,12800.13,-7.9
15.11.2024,EUR,13467.02,-145.35
15.11.2024,RUB,129.02,-1.13
18.11.2024,USD,12812.3,12.17
18.11.2024,EUR,13532.35,65.33
18.11.2024,RUB,128.37,-0.65
19.11.2024,USD,12825.01,12.71
19.11.2024,EUR,13552.19,19.84
19.11.2024,RUB,128.62,0.25
20.11.2024,USD,12844.0,18.99
20.11.2024,EUR,13550.42,-1.77
20.11.2024,RUB,128.3,-0.32
21.11.2024,USD,12855.93,11.93
21.11.2024,EUR,13570.72,20.3
21.11.2024,RUB,128.16,-0.14
22.11.2024,USD,12844.21,-11.72
22.11.2024,EUR,13508.26,-62.46
22.11.2024,RUB,127.35,-0.81
22.11.2024,USD,12844.21,-11.72
22.11.2024,EUR,13508.26,-62.46
22.11.2024,RUB,127.35,-0.81
22.11.2024,USD,12844.21,-11.72
22.11.2024,EUR,13508.26,-62.46
22.11.2024,RUB,127.35,-0.81
25.11.2024,USD,12829.07,-15.14
25.11.2024,EUR,13344.8,-163.46
25.11.2024,RUB,124.91,-2.44
26.11.2024,USD,12814.78,-14.29
26.11.2024,EUR,13442.7,97.9
26.11.2024,RUB,123.5,-1.41
27.11.2024,USD,12820.47,5.69
27.11.2024,EUR,13470.47,27.77
27.11.2024,RUB,122.26,-1.24
28.11.2024,USD,12848.38,27.91
28.11.2024,EUR,13512.64,42.17
28.11.2024,RUB,120.07,-2.19
29.11.2024,USD,12865.05,16.67
29.11.2024,EUR,13550.76,38.12
29.11.2024,RUB,116.73,-3.34
29.11.2024,USD,12865.05,16.67
29.11.2024,EUR,13550.76,38.12
29.11.2024,RUB,116.73,-3.34
29.11.2024,USD,12865.05,16.67
29.11.2024,EUR,13550.76,38.12
29.11.2024,RUB,116.73,-3.34
02.12.2024,USD,12852.0,-13.05
02.12.2024,EUR,13569.14,18.38
02.12.2024,RUB,118.99,2.26
03.12.2024,USD,12838.33,-13.67
03.12.2024,EUR,13498.22,-70.92
03.12.2024,RUB,119.7,0.71
04.12.2024,USD,12825.43,-12.9
04.12.2024,EUR,13493.63,-4.59
04.12.2024,RUB,120.98,1.28
05.12.2024,USD,12813.04,-12.39
05.12.2024,EUR,13457.54,-36.09
05.12.2024,RUB,122.6,1.62
06.12.2024,USD,12837.1,24.06
06.12.2024,EUR,13516.18,58.64
06.12.2024,RUB,124.62,2.02
06.12.2024,USD,12837.1,24.06
06.12.2024,EUR,13516.18,58.64
06.12.2024,RUB,124.62,2.02
06.12.2024,USD,12837.1,24.06
06.12.2024,EUR,13516.18,58.64
06.12.2024,RUB,124.62,2.02
06.12.2024,USD,12837.1,24.06
06.12.2024,EUR,13516.18,58.64
06.12.2024,RUB,124.62,2.02
10.12.2024,USD,12861.25,24.15
10.12.2024,EUR,13603.34,87.16
10.12.2024,RUB,128.41,3.79
11.12.2024,USD,12874.02,12.77
11.12.2024,EUR,13558.92,-44.42
11.12.2024,RUB,128.21,-0.2
12.12.2024,USD,12865.66,-8.36
12.12.2024,EUR,13510.23,-48.69
12.12.2024,RUB,125.14,-3.07
13.12.2024,USD,12860.09,-5.57
13.12.2024,EUR,13515.95,5.72
13.12.2024,RUB,123.64,-1.5
14.12.2024,USD,12880.0,19.91
14.12.2024,EUR,13507.26,-8.69
14.12.2024,RUB,124.01,0.37
14.12.2024,USD,12880.0,19.91
14.12.2024,EUR,13507.26,-8.69
14.12.2024,RUB,124.01,0.37
16.12.2024,USD,12892.97,12.97
16.12.2024,EUR,13541.49,34.23
16.12.2024,RUB,123.38,-0.63
17.12.2024,USD,12874.86,-18.11
17.12.2024,EUR,13525.04,-16.45
17.12.2024,RUB,123.06,-0.32
18.12.2024,USD,12869.9,-4.96
18.12.2024,EUR,13496.66,-28.38
18.12.2024,RUB,124.94,1.88
19.12.2024,USD,12861.83,-8.07
19.12.2024,EUR,13497.2,0.54
19.12.2024,RUB,125.47,0.53
20.12.2024,USD,12875.06,13.23
20.12.2024,EUR,13406.8,-90.4
20.12.2024,RUB,124.75,-0.72
20.12.2024,USD,12875.06,13.23
20.12.2024,EUR,13406.8,-90.4
20.12.2024,RUB,124.75,-0.72
20.12.2024,USD,12875.06,13.23
20.12.2024,EUR,13406.8,-90.4
20.12.2024,RUB,124.75,-0.72
23.12.2024,USD,12893.07,18.01
23.12.2024,EUR,13386.87,-19.93
23.12.2024,RUB,125.96,1.21
24.12.2024,USD,12902.0,8.93
24.12.2024,EUR,13428.4,41.53
24.12.2024,RUB,127.6,1.64
25.12.2024,USD,12909.8,7.8
25.12.2024,EUR,13415.86,-12.54
25.12.2024,RUB,129.09,1.49
26.12.2024,USD,12928.27,18.47
26.12.2024,EUR,13462.21,46.35
26.12.2024,RUB,129.66,0.57
27.12.2024,USD,12920.48,-7.79
27.12.2024,EUR,13436.01,-26.2
27.12.2024,RUB,130.17,0.51
27.12.2024,USD,12920.48,-7.79
27.12.2024,EUR,13436.01,-26.2
27.12.2024,RUB,130.17,0.51
27.12.2024,USD,12920.48,-7.79
27.12.2024,EUR,13436.01,-26.2
27.12.2024,RUB,130.17,0.51
27.12.2024,USD,12920.48,-7.79
27.12.2024,EUR,13436.01,-26.2
27.12.2024,RUB,130.17,0.51
27.12.2024,USD,12920.48,-7.79
27.12.2024,EUR,13436.01,-26.2
27.12.2024,RUB,130.17,0.51
27.12.2024,USD,12920.48,-7.79
27.12.2024,EUR,13436.01,-26.2
27.12.2024,RUB,130.17,0.51
27.12.2024,USD,12920.48,-7.79
27.12.2024,EUR,13436.01,-26.2
27.12.2024,RUB,130.17,0.51
03.01.2025,USD,12904.91,-15.57
03.01.2025,EUR,13443.04,7.03
03.01.2025,RUB,126.51,-3.66
04.01.2025,USD,12915.18,10.27
04.01.2025,EUR,13291.01,-152.03
04.01.2025,RUB,115.31,-11.2
04.01.2025,USD,12915.18,10.27
04.01.2025,EUR,13291.01,-152.03
04.01.2025,RUB,115.31,-11.2
06.01.2025,USD,12942.01,26.83
06.01.2025,EUR,13341.92,50.91
06.01.2025,RUB,117.12,1.81
07.01.2025,USD,12930.11,-11.9
07.01.2025,EUR,13390.42,48.5
07.01.2025,RUB,120.94,3.82
08.01.2025,USD,12948.1,17.99
08.01.2025,EUR,13502.28,111.86
08.01.2025,RUB,121.01,0.07
09.01.2025,USD,12962.98,14.88
09.01.2025,EUR,13377.8,-124.48
09.01.2025,RUB,123.68,2.67
10.01.2025,USD,12940.44,-22.54
10.01.2025,EUR,13336.42,-41.38
10.01.2025,RUB,126.85,3.17
10.01.2025,USD,12940.44,-22.54
10.01.2025,EUR,13336.42,-41.38
10.01.2025,RUB,126.85,3.17
10.01.2025,USD,12940.44,-22.54
10.01.2025,EUR,13336.42,-41.38
10.01.2025,RUB,126.85,3.17
13.01.2025,USD,12957.0,16.56
13.01.2025,EUR,13345.71,9.29
13.01.2025,RUB,127.77,0.92
14.01.2025,USD,12972.08,15.08
14.01.2025,EUR,13223.74,-121.97
14.01.2025,RUB,126.61,-1.16
15.01.2025,USD,12971.0,-1.08
15.01.2025,EUR,13308.25,84.51
15.01.2025,RUB,126.04,-0.57
16.01.2025,USD,12962.01,-8.99
16.01.2025,EUR,13365.13,56.88
16.01.2025,RUB,126.02,-0.02
17.01.2025,USD,12955.26,-6.75
17.01.2025,EUR,13327.08,-38.05
17.01.2025,RUB,126.44,0.42
17.01.2025,USD,12955.26,-6.75
17.01.2025,EUR,13327.08,-38.05
17.01.2025,RUB,126.44,0.42
17.01.2025,USD,12955.26,-6.75
17.01.2025,EUR,13327.08,-38.05
17.01.2025,RUB,126.44,0.42
20.01.2025,USD,12967.0,11.74
20.01.2025,EUR,13352.12,25.04
20.01.2025,RUB,126.49,0.05
21.01.2025,USD,12975.09,8.09
21.01.2025,EUR,13373.43,21.31
21.01.2025,RUB,127.63,1.14
22.01.2025,USD,12984.44,9.35
22.01.2025,EUR,13442.79,69.36
22.01.2025,RUB,129.9,2.27
23.01.2025,USD,12990.0,5.56
23.01.2025,EUR,13570.65,127.86
23.01.2025,RUB,131.86,1.96
24.01.2025,USD,12979.13,-10.87
24.01.2025,EUR,13513.87,-56.78
24.01.2025,RUB,131.22,-0.64
24.01.2025,USD,12979.13,-10.87
24.01.2025,EUR,13513.87,-56.78
24.01.2025,RUB,131.22,-0.64
24.01.2025,USD,12979.13,-10.87
24.01.2025,EUR,13513.87,-56.78
24.01.2025,RUB,131.22,-0.64
27.01.2025,USD,12969.05,-10.08
27.01.2025,EUR,13611.02,97.15
27.01.2025,RUB,132.19,0.97
28.01.2025,USD,12963.27,-5.78
28.01.2025,EUR,13597.17,-13.85
28.01.2025,RUB,132.74,0.55
29.01.2025,USD,12974.98,11.71
29.01.2025,EUR,13540.69,-56.48
29.01.2025,RUB,133.06,0.32
30.01.2025,USD,12968.34,-6.64
30.01.2025,EUR,13492.26,-48.43
30.01.2025,RUB,132.32,-0.74
31.01.2025,USD,12957.01,-11.33
31.01.2025,EUR,13485.66,-6.6
31.01.2025,RUB,132.13,-0.19
31.01.2025,USD,12957.01,-11.33
31.01.2025,EUR,13485.66,-6.6
31.01.2025,RUB,132.13,-0.19
31.01.2025,USD,12957.01,-11.33
31.01.2025,EUR,13485.66,-6.6
31.01.2025,RUB,132.13,-0.19
03.02.2025,USD,12975.05,18.04
03.02.2025,EUR,13473.29,-12.37
03.02.2025,RUB,132.38,0.25
04.02.2025,USD,12985.01,9.96
04.02.2025,EUR,13284.96,-188.33
04.02.2025,RUB,129.84,-2.54
05.02.2025,USD,12998.91,13.9
05.02.2025,EUR,13439.57,154.61
05.02.2025,RUB,131.29,1.45
06.02.2025,USD,12985.32,-13.59
06.02.2025,EUR,13511.23,71.66
06.02.2025,RUB,132.22,0.93
07.02.2025,USD,12969.84,-15.48
07.02.2025,EUR,13436.75,-74.48
07.02.2025,RUB,133.97,1.75
07.02.2025,USD,12969.84,-15.48
07.02.2025,EUR,13436.75,-74.48
07.02.2025,RUB,133.97,1.75
07.02.2025,USD,12969.84,-15.48
07.02.2025,EUR,13436.75,-74.48
07.02.2025,RUB,133.97,1.75
10.02.2025,USD,12957.0,-12.84
10.02.2025,EUR,13463.62,26.87
10.02.2025,RUB,133.43,-0.54
11.02.2025,USD,12971.93,14.93
11.02.2025,EUR,13394.81,-68.81
11.02.2025,RUB,133.86,0.43
12.02.2025,USD,12979.99,8.06
12.02.2025,EUR,13392.75,-2.06
12.02.2025,RUB,135.34,1.48
13.02.2025,USD,12989.07,9.08
13.02.2025,EUR,13474.86,82.11
13.02.2025,RUB,138.17,2.83
14.02.2025,USD,13003.95,14.88
14.02.2025,EUR,13554.02,79.16
14.02.2025,RUB,143.2,5.03
14.02.2025,USD,13003.95,14.88
14.02.2025,EUR,13554.02,79.16
14.02.2025,RUB,143.2,5.03
14.02.2025,USD,13003.95,14.88
14.02.2025,EUR,13554.02,79.16
14.02.2025,RUB,143.2,5.03
17.02.2025,USD,12993.15,-10.8
17.02.2025,EUR,13619.42,65.4
17.02.2025,RUB,143.87,0.67
18.02.2025,USD,12981.25,-11.9
18.02.2025,EUR,13597.86,-21.56
18.02.2025,RUB,142.17,-1.7
19.02.2025,USD,12970.19,-11.06
19.02.2025,EUR,13572.01,-25.85
19.02.2025,RUB,142.2,0.03
20.02.2025,USD,12950.03,-20.16
20.02.2025,EUR,13505.59,-66.42
20.02.2025,RUB,142.53,0.33
21.02.2025,USD,12929.92,-20.11
21.02.2025,EUR,13496.25,-9.34
21.02.2025,RUB,146.25,3.72
21.02.2025,USD,12929.92,-20.11
21.02.2025,EUR,13496.25,-9.34
21.02.2025,RUB,146.25,3.72
21.02.2025,USD,12929.92,-20.11
21.02.2025,EUR,13496.25,-9.34
21.02.2025,RUB,146.25,3.72
24.02.2025,USD,12916.18,-13.74
24.02.2025,EUR,13523.24,26.99
24.02.2025,RUB,147.6,1.35
25.02.2025,USD,12899.91,-16.27
25.02.2025,EUR,13507.5,-15.74
25.02.2025,RUB,146.74,-0.86
26.02.2025,USD,12884.62,-15.29
26.02.2025,EUR,13495.35,-12.15
26.02.2025,RUB,148.85,2.11
27.02.2025,USD,12879.95,-4.67
27.02.2025,EUR,13520.08,24.73
27.02.2025,RUB,150.69,1.84
28.02.2025,USD,12877.37,-2.58
28.02.2025,EUR,13501.92,-18.16
28.02.2025,RUB,148.17,-2.52
28.02.2025,USD,12877.37,-2.58
28.02.2025,EUR,13501.92,-18.16
28.02.2025,RUB,148.17,-2.52
28.02.2025,USD,12877.37,-2.58
28.02.2025,EUR,13501.92,-18.16
28.02.2025,RUB,148.17,-2.52
03.03.2025,USD,12890.07,12.7
03.03.2025,EUR,13400.52,-101.4
03.03.2025,RUB,146.46,-1.71
04.03.2025,USD,12897.2,7.13
04.03.2025,EUR,13449.2,48.68
04.03.2025,RUB,144.65,-1.81
05.03.2025,USD,12903.33,6.13
05.03.2025,EUR,13562.69,113.49
05.03.2025,RUB,144.48,-0.17
06.03.2025,USD,12900.37,-2.96
06.03.2025,EUR,13818.88,256.19
06.03.2025,RUB,143.8,-0.68
07.03.2025,USD,12918.36,17.99
07.03.2025,EUR,13951.83,132.95
07.03.2025,RUB,144.65,0.85
07.03.2025,USD,12918.36,17.99
07.03.2025,EUR,13951.83,132.95
07.03.2025,RUB,144.65,0.85
07.03.2025,USD,12918.36,17.99
07.03.2025,EUR,13951.83,132.95
07.03.2025,RUB,144.65,0.85
07.03.2025,USD,12918.36,17.99
07.03.2025,EUR,13951.83,132.95
07.03.2025,RUB,144.65,0.85
11.03.2025,USD,12940.11,21.75
11.03.2025,EUR,14055.55,103.72
11.03.2025,RUB,145.62,0.97
12.03.2025,USD,12931.94,-8.17
12.03.2025,EUR,14107.45,51.9
12.03.2025,RUB,150.18,4.56
13.03.2025,USD,12920.0,-11.94
13.03.2025,EUR,14102.18,-5.27
13.03.2025,RUB,149.52,-0.66
14.03.2025,USD,12938.11,18.11
14.03.2025,EUR,14076.66,-25.52
14.03.2025,RUB,149.99,0.47
14.03.2025,USD,12938.11,18.11
14.03.2025,EUR,14076.66,-25.52
14.03.2025,RUB,149.99,0.47
14.03.2025,USD,12938.11,18.11
14.03.2025,EUR,14076.66,-25.52
14.03.2025,RUB,149.99,0.47
17.03.2025,USD,12953.2,15.09
17.03.2025,EUR,14058.11,-18.55
17.03.2025,RUB,151.13,1.14
18.03.2025,USD,12943.39,-9.81
18.03.2025,EUR,14108.3,50.19
18.03.2025,RUB,153.7,2.57
19.03.2025,USD,12935.68,-7.71
19.03.2025,EUR,14164.57,56.27
19.03.2025,RUB,158.8,5.1
20.03.2025,USD,12926.51,-9.17
20.03.2025,EUR,14092.48,-72.09
20.03.2025,RUB,156.0,-2.8
20.03.2025,USD,12926.51,-9.17
20.03.2025,EUR,14092.48,-72.09
20.03.2025,RUB,156.0,-2.8
20.03.2025,USD,12926.51,-9.17
20.03.2025,EUR,14092.48,-72.09
20.03.2025,RUB,156.0,-2.8
20.03.2025,USD,12926.51,-9.17
20.03.2025,EUR,14092.48,-72.09
20.03.2025,RUB,156.0,-2.8
24.03.2025,USD,12940.58,14.07
24.03.2025,EUR,14044.41,-48.07
24.03.2025,RUB,153.22,-2.78
25.03.2025,USD,12947.07,6.49
25.03.2025,EUR,14033.33,-11.08
25.03.2025,RUB,155.01,1.79
26.03.2025,USD,12929.37,-17.7
26.03.2025,EUR,13963.72,-69.61
26.03.2025,RUB,152.87,-2.14
27.03.2025,USD,12909.19,-20.18
27.03.2025,EUR,13935.47,-28.25
27.03.2025,RUB,153.3,0.43
28.03.2025,USD,12913.19,4.0
28.03.2025,EUR,13908.8,-26.67
28.03.2025,RUB,154.17,0.87
28.03.2025,USD,12913.19,4.0
28.03.2025,EUR,13908.8,-26.67
28.03.2025,RUB,154.17,0.87
28.03.2025,USD,12913.19,4.0
28.03.2025,EUR,13908.8,-26.67
28.03.2025,RUB,154.17,0.87
28.03.2025,USD,12913.19,4.0
28.03.2025,EUR,13908.8,-26.67
28.03.2025,RUB,154.17,0.87
01.04.2025,USD,12937.16,23.97
01.04.2025,EUR,13937.2,28.4
01.04.2025,RUB,154.55,0.38
02.04.2025,USD,12925.2,-11.96
02.04.2025,EUR,13982.48,45.28
02.04.2025,RUB,152.58,-1.97
03.04.2025,USD,12915.0,-10.2
03.04.2025,EUR,13957.24,-25.24
03.04.2025,RUB,153.55,0.97
04.04.2025,USD,12920.44,5.44
04.04.2025,EUR,14252.54,295.3
04.04.2025,RUB,153.52,-0.03
04.04.2025,USD,12920.44,5.44
04.04.2025,EUR,14252.54,295.3
04.04.2025,RUB,153.52,-0.03
04.04.2025,USD,12920.44,5.44
04.04.2025,EUR,14252.54,295.3
04.04.2025,RUB,153.52,-0.03
07.04.2025,USD,12947.2,26.76
07.04.2025,EUR,14222.5,-30.04
07.04.2025,RUB,153.38,-0.14
08.04.2025,USD,12966.38,19.18
08.04.2025,EUR,14213.75,-8.75
08.04.2025,RUB,150.23,-3.15
09.04.2025,USD,12960.38,-6.0
09.04.2025,EUR,14152.73,-61.02
09.04.2025,RUB,151.92,1.69
10.04.2025,USD,12973.31,12.93
10.04.2025,EUR,14329.02,176.29
10.04.2025,RUB,151.19,-0.73
11.04.2025,USD,12968.38,-4.93
11.04.2025,EUR,14343.03,14.01
11.04.2025,RUB,152.37,1.18
11.04.2025,USD,12968.38,-4.93
11.04.2025,EUR,14343.03,14.01
11.04.2025,RUB,152.37,1.18
11.04.2025,USD,12968.38,-4.93
11.04.2025,EUR,14343.03,14.01
11.04.2025,RUB,152.37,1.18
14.04.2025,USD,12980.33,11.95
14.04.2025,EUR,14779.4,436.37
14.04.2025,RUB,154.51,2.14
15.04.2025,USD,12969.56,-10.77
15.04.2025,EUR,14768.44,-10.96
15.04.2025,RUB,157.09,2.58
16.04.2025,USD,12980.89,11.33
16.04.2025,EUR,14722.93,-45.51
16.04.2025,RUB,158.67,1.58
17.04.2025,USD,12994.59,13.7
17.04.2025,EUR,14761.85,38.92
17.04.2025,RUB,157.68,-0.99
18.04.2025,USD,12964.43,-30.16
18.04.2025,EUR,14744.45,-17.4
18.04.2025,RUB,158.28,0.6
18.04.2025,USD,12964.43,-30.16
18.04.2025,EUR,14744.45,-17.4
18.04.2025,RUB,158.28,0.6
18.04.2025,USD,12964.43,-30.16
18.04.2025,EUR,14744.45,-17.4
18.04.2025,RUB,158.28,0.6
21.04.2025,USD,12938.2,-26.23
21.04.2025,EUR,14710.73,-33.72
21.04.2025,RUB,159.51,1.23
22.04.2025,USD,12909.64,-28.56
22.04.2025,EUR,14908.05,197.32
22.04.2025,RUB,159.75,0.24
23.04.2025,USD,12878.96,-30.68
23.04.2025,EUR,14801.79,-106.26
23.04.2025,RUB,158.39,-1.36
24.04.2025,USD,12890.43,11.47
24.04.2025,EUR,14720.87,-80.92
24.04.2025,RUB,156.04,-2.35
25.04.2025,USD,12927.17,36.74
25.04.2025,EUR,14717.58,-3.29
25.04.2025,RUB,155.73,-0.31
25.04.2025,USD,12927.17,36.74
25.04.2025,EUR,14717.58,-3.29
25.04.2025,RUB,155.73,-0.31
25.04.2025,USD,12927.17,36.74
25.04.2025,EUR,14717.58,-3.29
25.04.2025,RUB,155.73,-0.31
28.04.2025,USD,12957.14,29.97
28.04.2025,EUR,14702.47,-15.11
28.04.2025,RUB,156.56,0.83
29.04.2025,USD,12948.1,-9.04
29.04.2025,EUR,14696.09,-6.38
29.04.2025,RUB,156.93,0.37
30.04.2025,USD,12933.16,-14.94
30.04.2025,EUR,14719.23,23.14
30.04.2025,RUB,158.28,1.35
01.05.2025,USD,12920.16,-13.0
01.05.2025,EUR,14681.18,-38.05
01.05.2025,RUB,158.61,0.33
02.05.2025,USD,12900.0,-20.16
02.05.2025,EUR,14595.06,-86.12
02.05.2025,RUB,157.32,-1.29
02.05.2025,USD,12900.0,-20.16
02.05.2025,EUR,14595.06,-86.12
02.05.2025,RUB,157.32,-1.29
02.05.2025,USD,12900.0,-20.16
02.05.2025,EUR,14595.06,-86.12
02.05.2025,RUB,157.32,-1.29
05.05.2025,USD,12915.07,15.07
05.05.2025,EUR,14659.9,64.84
05.05.2025,RUB,156.43,-0.89
06.05.2025,USD,12938.01,22.94
06.05.2025,EUR,14673.0,13.1
06.05.2025,RUB,158.73,2.3
07.05.2025,USD,12924.92,-13.09
07.05.2025,EUR,14620.67,-52.33
07.05.2025,RUB,159.94,1.21
08.05.2025,USD,12910.15,-14.77
08.05.2025,EUR,14660.77,40.1
08.05.2025,RUB,159.78,-0.16
08.05.2025,USD,12910.15,-14.77
08.05.2025,EUR,14660.77,40.1
08.05.2025,RUB,159.78,-0.16
08.05.2025,USD,12910.15,-14.77
08.05.2025,EUR,14660.77,40.1
08.05.2025,RUB,159.78,-0.16
08.05.2025,USD,12910.15,-14.77
08.05.2025,EUR,14660.77,40.1
08.05.2025,RUB,159.78,-0.16
12.05.2025,USD,12880.35,-29.8
12.05.2025,EUR,14535.47,-125.3
12.05.2025,RUB,156.68,-3.1
13.05.2025,USD,12895.55,15.2
13.05.2025,EUR,14338.56,-196.91
13.05.2025,RUB,159.38,2.7
14.05.2025,USD,12935.27,39.72
14.05.2025,EUR,14367.2,28.64
14.05.2025,RUB,160.47,1.09
15.05.2025,USD,12980.16,44.89
15.05.2025,EUR,14606.57,239.37
15.05.2025,RUB,161.63,1.16
16.05.2025,USD,12965.34,-14.82
16.05.2025,EUR,14525.07,-81.5
16.05.2025,RUB,161.34,-0.29
16.05.2025,USD,12965.34,-14.82
16.05.2025,EUR,14525.07,-81.5
16.05.2025,RUB,161.34,-0.29
16.05.2025,USD,12965.34,-14.82
16.05.2025,EUR,14525.07,-81.5
16.05.2025,RUB,161.34,-0.29
19.05.2025,USD,12917.1,-48.24
19.05.2025,EUR,14460.69,-64.38
19.05.2025,RUB,160.14,-1.2
20.05.2025,USD,12858.15,-58.95
20.05.2025,EUR,14505.28,44.59
20.05.2025,RUB,159.71,-0.43
21.05.2025,USD,12892.91,34.76
21.05.2025,EUR,14512.26,6.98
21.05.2025,RUB,160.34,0.63
22.05.2025,USD,12937.93,45.02
22.05.2025,EUR,14665.14,152.88
22.05.2025,RUB,161.1,0.76
23.05.2025,USD,12904.51,-33.42
23.05.2025,EUR,14575.64,-89.5
23.05.2025,RUB,161.99,0.89
23.05.2025,USD,12904.51,-33.42
23.05.2025,EUR,14575.64,-89.5
23.05.2025,RUB,161.99,0.89
23.05.2025,USD,12904.51,-33.42
23.05.2025,EUR,14575.64,-89.5
23.05.2025,RUB,161.99,0.89
26.05.2025,USD,12915.9,11.39
26.05.2025,EUR,14658.25,82.61
26.05.2025,RUB,162.44,0.45
27.05.2025,USD,12939.93,24.03
27.05.2025,EUR,14725.64,67.39
27.05.2025,RUB,162.03,-0.41
28.05.2025,USD,12886.9,-53.03
28.05.2025,EUR,14625.34,-100.3
28.05.2025,RUB,160.87,-1.16
29.05.2025,USD,12831.13,-55.77
29.05.2025,EUR,14542.8,-82.54
29.05.2025,RUB,161.07,0.2
30.05.2025,USD,12768.26,-62.87
30.05.2025,EUR,14400.04,-142.76
30.05.2025,RUB,162.63,1.56
30.05.2025,USD,12768.26,-62.87
30.05.2025,EUR,14400.04,-142.76
30.05.2025,RUB,162.63,1.56
30.05.2025,USD,12768.26,-62.87
30.05.2025,EUR,14400.04,-142.76
30.05.2025,RUB,162.63,1.56
